# section	language	key	value (scripts/build-special-conversions.py)
word	ja	きょう	day+0
word	ja	ほんじつ	day+0
word	ja	あした	day+1
word	ja	あす	day+1
word	ja	みょうにち	day+1
word	ja	あさって	day+2
word	ja	みょうごにち	day+2
word	ja	しあさって	day+3
word	ja	きのう	day-1
word	ja	さくじつ	day-1
word	ja	おととい	day-2
word	ja	おとつい	day-2
word	ja	いっさくじつ	day-2
word	ja	さきおととい	day-3
word	ja	いま	time
word	ja	じこく	time
word	ja	ことし	year+0
word	ja	こんねん	year+0
word	ja	ほんねん	year+0
word	ja	らいねん	year+1
word	ja	さらいねん	year+2
word	ja	きょねん	year-1
word	ja	さくねん	year-1
word	ja	おととし	year-2
word	ja	こんげつ	month+0
word	ja	らいげつ	month+1
word	ja	さらいげつ	month+2
word	ja	せんげつ	month-1
word	ja	せんせんげつ	month-2
word	en	today	day+0
word	en	tomorrow	day+1
word	en	yesterday	day-1
word	en	now	time
format	ja	day	{Y}/{MM}/{DD}
format	ja	day	{Y}年{M}月{D}日
format	ja	day	{M}月{D}日
format	ja	day	{M}月{D}日({W})
format	ja	day	{E}{EY}年{M}月{D}日
format	ja	day	{Y}-{MM}-{DD}
format	ja	day	{W}曜日
format	ja	time	{H}:{NN}
format	ja	time	{H}時{N}分
format	ja	time	{P}{I}時{N}分
format	ja	year	{Y}年
format	ja	year	{E}{EY}年
format	ja	year	{Y}
format	ja	month	{M}月
format	ja	month	{Y}年{M}月
format	en	day	{Month} {D}, {Y}
format	en	day	{M}/{D}/{Y}
format	en	day	{Y}-{MM}-{DD}
format	en	day	{W}, {Month} {D}
format	en	day	{D} {Month} {Y}
format	en	time	{I}:{NN} {P}
format	en	time	{H}:{NN}
name	ja	weekday	日
name	ja	weekday	月
name	ja	weekday	火
name	ja	weekday	水
name	ja	weekday	木
name	ja	weekday	金
name	ja	weekday	土
name	ja	ampm	午前
name	ja	ampm	午後
name	ja	era-first	元
name	ja	kanji-digits	〇
name	ja	kanji-digits	一
name	ja	kanji-digits	二
name	ja	kanji-digits	三
name	ja	kanji-digits	四
name	ja	kanji-digits	五
name	ja	kanji-digits	六
name	ja	kanji-digits	七
name	ja	kanji-digits	八
name	ja	kanji-digits	九
name	ja	kanji-units	十
name	ja	kanji-units	百
name	ja	kanji-units	千
name	ja	kanji-groups	万
name	ja	kanji-groups	億
name	ja	kanji-groups	兆
name	ja	kanji-groups	京
name	ja	daiji-digits	零
name	ja	daiji-digits	壱
name	ja	daiji-digits	弐
name	ja	daiji-digits	参
name	ja	daiji-digits	四
name	ja	daiji-digits	伍
name	ja	daiji-digits	六
name	ja	daiji-digits	七
name	ja	daiji-digits	八
name	ja	daiji-digits	九
name	ja	daiji-units	拾
name	ja	daiji-units	百
name	ja	daiji-units	阡
name	ja	daiji-groups	萬
name	ja	daiji-groups	億
name	ja	daiji-groups	兆
name	ja	daiji-groups	京
name	en	month	January
name	en	month	February
name	en	month	March
name	en	month	April
name	en	month	May
name	en	month	June
name	en	month	July
name	en	month	August
name	en	month	September
name	en	month	October
name	en	month	November
name	en	month	December
name	en	weekday	Sunday
name	en	weekday	Monday
name	en	weekday	Tuesday
name	en	weekday	Wednesday
name	en	weekday	Thursday
name	en	weekday	Friday
name	en	weekday	Saturday
name	en	ampm	AM
name	en	ampm	PM
era	ja	明治	1868-10-23
era	ja	大正	1912-07-30
era	ja	昭和	1926-12-25
era	ja	平成	1989-01-08
era	ja	令和	2019-05-01
symbol	en	(c)	©
symbol	en	(C)	©
symbol	en	(r)	®
symbol	en	(R)	®
symbol	en	(tm)	™
symbol	en	(TM)	™
symbol	en	->	→
symbol	en	<-	←
symbol	en	<->	↔
symbol	en	=>	⇒
symbol	en	<=>	⇔
symbol	en	<=	≤
symbol	en	<=	⇐
symbol	en	>=	≥
symbol	en	!=	≠
symbol	en	=/=	≠
symbol	en	~=	≈
symbol	en	+-	±
symbol	en	...	…
symbol	en	--	–
symbol	en	--	—
symbol	en	---	—
symbol	en	<<	«
symbol	en	>>	»
symbol	en	1/2	½
symbol	en	1/3	⅓
symbol	en	2/3	⅔
symbol	en	1/4	¼
symbol	en	3/4	¾
symbol	ja	とうてん	、
symbol	ja	,	、
symbol	ja	、	、
symbol	ja	，	、
symbol	ja	てん	、
symbol	ja	くてん	。
symbol	ja	.	。
symbol	ja	．	。
symbol	ja	。	。
symbol	ja	まる	。
symbol	ja	かんま	，
symbol	ja	こんま	，
symbol	ja	,	，
symbol	ja	，	，
symbol	ja	、	，
symbol	ja	てん	，
symbol	ja	ぴりおど	．
symbol	ja	どっと	．
symbol	ja	.	．
symbol	ja	．	．
symbol	ja	。	．
symbol	ja	てん	．
symbol	ja	てん	・
symbol	ja	なかてん	・
symbol	ja	なかぐろ	・
symbol	ja	、	・
symbol	ja	・	・
symbol	ja	/	・
symbol	ja	ころん	：
symbol	ja	:	：
symbol	ja	：	：
symbol	ja	てん	：
symbol	ja	せみころん	；
symbol	ja	;	；
symbol	ja	；	；
symbol	ja	てん	；
symbol	ja	ぎもんふ	？
symbol	ja	.	？
symbol	ja	?	？
symbol	ja	？	？
symbol	ja	くえすちょん	？
symbol	ja	はてな	？
symbol	ja	・	？
symbol	ja	ぎもんふ	？？
symbol	ja	.	？？
symbol	ja	?	？？
symbol	ja	？	？？
symbol	ja	くえすちょん	？？
symbol	ja	はてな	？？
symbol	ja	・	？？
symbol	ja	ぎもんふ	？！
symbol	ja	.	？！
symbol	ja	?	？！
symbol	ja	？	？！
symbol	ja	くえすちょん	？！
symbol	ja	はてな	？！
symbol	ja	・	？！
symbol	ja	ぎもんふ	！？
symbol	ja	かんたんふ	！？
symbol	ja	.	！？
symbol	ja	?	！？
symbol	ja	？	！？
symbol	ja	!	！？
symbol	ja	！	！？
symbol	ja	くえすちょん	！？
symbol	ja	はてな	！？
symbol	ja	えくすくらめーしょん	！？
symbol	ja	びっくり	！？
symbol	ja	・	！？
symbol	ja	かんたんふ	！
symbol	ja	.	！
symbol	ja	!	！
symbol	ja	！	！
symbol	ja	えくすくらめーしょん	！
symbol	ja	びっくり	！
symbol	ja	かんたんふ	！！
symbol	ja	.	！！
symbol	ja	!	！！
symbol	ja	！	！！
symbol	ja	えくすくらめーしょん	！！
symbol	ja	びっくり	！！
symbol	ja	だくてん	゛
symbol	ja	"	゛
symbol	ja	てん	゛
symbol	ja	てんてん	゛
symbol	ja	きごう	゛
symbol	ja	はんだくてん	゜
symbol	ja	まる	゜
symbol	ja	'	゜
symbol	ja	てん	゜
symbol	ja	きごう	゜
symbol	ja	"	"
symbol	ja	だぶるくおーと	"
symbol	ja	だぶるくおーてーしょん	"
symbol	ja	くぉーと	"
symbol	ja	だぶるくぉーてしょん	"
symbol	ja	きごう	"
symbol	ja	あきゅーと	´
symbol	ja	きごう	´
symbol	ja	'	´
symbol	ja	あぽすとろふぃ	'
symbol	ja	くぉーと	'
symbol	ja	きごう	'
symbol	ja	'	'
symbol	ja	うむらうと	¨
symbol	ja	とれま	¨
symbol	ja	きごう	¨
symbol	ja	`	｀
symbol	ja	ぐらーぶ	｀
symbol	ja	きごう	｀
symbol	ja	だぶるあきゅーと	˝
symbol	ja	ちるだ	~
symbol	ja	きごう	~
symbol	ja	まくろん	¯
symbol	ja	きごう	¯
symbol	ja	^	＾
symbol	ja	きごう	＾
symbol	ja	~	￣
symbol	ja	きごう	￣
symbol	ja	うえ	￣
symbol	ja	おーばーらいん	￣
symbol	ja	_	＿
symbol	ja	きごう	＿
symbol	ja	した	＿
symbol	ja	あんだーばー	＿
symbol	ja	あんだーすこあ	＿
symbol	ja	あんだーらいん	＿
symbol	ja	すぺーす	　
symbol	ja	くうはく	　
symbol	ja	すぺーす	␣
symbol	ja	くうはく	␣
symbol	ja	おなじ	ヽ
symbol	ja	くりかえし	ヽ
symbol	ja	どう	ヽ
symbol	ja	きごう	ヽ
symbol	ja	おどりじ	ヽ
symbol	ja	おどり	ヽ
symbol	ja	かさねじ	ヽ
symbol	ja	おくりじ	ヽ
symbol	ja	ゆすりじ	ヽ
symbol	ja	じゅうてん	ヽ
symbol	ja	じょうじ	ヽ
symbol	ja	おなじ	ヾ
symbol	ja	くりかえし	ヾ
symbol	ja	どう	ヾ
symbol	ja	きごう	ヾ
symbol	ja	おどりじ	ヾ
symbol	ja	おどり	ヾ
symbol	ja	かさねじ	ヾ
symbol	ja	おくりじ	ヾ
symbol	ja	ゆすりじ	ヾ
symbol	ja	じゅうてん	ヾ
symbol	ja	じょうじ	ヾ
symbol	ja	おなじ	ゝ
symbol	ja	くりかえし	ゝ
symbol	ja	どう	ゝ
symbol	ja	きごう	ゝ
symbol	ja	おどりじ	ゝ
symbol	ja	おどり	ゝ
symbol	ja	かさねじ	ゝ
symbol	ja	おくりじ	ゝ
symbol	ja	ゆすりじ	ゝ
symbol	ja	じゅうてん	ゝ
symbol	ja	じょうじ	ゝ
symbol	ja	おなじ	ゞ
symbol	ja	くりかえし	ゞ
symbol	ja	どう	ゞ
symbol	ja	きごう	ゞ
symbol	ja	おどりじ	ゞ
symbol	ja	おどり	ゞ
symbol	ja	かさねじ	ゞ
symbol	ja	おくりじ	ゞ
symbol	ja	ゆすりじ	ゞ
symbol	ja	じゅうてん	ゞ
symbol	ja	じょうじ	ゞ
symbol	ja	おなじ	〃
symbol	ja	くりかえし	〃
symbol	ja	どう	〃
symbol	ja	きごう	〃
symbol	ja	おどりじ	〃
symbol	ja	おどり	〃
symbol	ja	かさねじ	〃
symbol	ja	おくりじ	〃
symbol	ja	ゆすりじ	〃
symbol	ja	じゅうてん	〃
symbol	ja	じょうじ	〃
symbol	ja	おなじく	〃
symbol	ja	どうじょう	〃
symbol	ja	のの	〃
symbol	ja	ののじ	〃
symbol	ja	ののてん	〃
symbol	ja	ののじてん	〃
symbol	ja	おなじ	仝
symbol	ja	どう	仝
symbol	ja	きごう	仝
symbol	ja	おなじ	々
symbol	ja	くりかえし	々
symbol	ja	どう	々
symbol	ja	のま	々
symbol	ja	きごう	々
symbol	ja	おどりじ	々
symbol	ja	おどり	々
symbol	ja	かさねじ	々
symbol	ja	おくりじ	々
symbol	ja	ゆすりじ	々
symbol	ja	じゅうてん	々
symbol	ja	じょうじ	々
symbol	ja	しめ	〆
symbol	ja	きごう	〆
symbol	ja	ぜろ	〇
symbol	ja	れい	〇
symbol	ja	きごう	〇
symbol	ja	-	ー
symbol	ja	ー	ー
symbol	ja	－	ー
symbol	ja	―	ー
symbol	ja	-	-
symbol	ja	ー	-
symbol	ja	－	-
symbol	ja	―	-
symbol	ja	はいふん	-
symbol	ja	まいなす	-
symbol	ja	きごう	-
symbol	ja	-	―
symbol	ja	ー	―
symbol	ja	－	―
symbol	ja	―	―
symbol	ja	だっしゅ	―
symbol	ja	きごう	―
symbol	ja	-	–
symbol	ja	ー	–
symbol	ja	－	–
symbol	ja	―	–
symbol	ja	だっしゅ	–
symbol	ja	きごう	–
symbol	ja	えんだっしゅ	–
symbol	ja	にぶだーし	–
symbol	ja	にぶだっしゅ	–
symbol	ja	enだっしゅ	–
symbol	ja	ENだっしゅ	–
symbol	ja	-	—
symbol	ja	ー	—
symbol	ja	－	—
symbol	ja	―	—
symbol	ja	だっしゅ	—
symbol	ja	きごう	—
symbol	ja	えmだっしゅ	—
symbol	ja	えむだっしゅ	—
symbol	ja	ぜんかくだっしゅ	—
symbol	ja	emだっしゅ	—
symbol	ja	EMだっしゅ	—
symbol	ja	-	‐
symbol	ja	ー	‐
symbol	ja	－	‐
symbol	ja	―	‐
symbol	ja	はいふん	‐
symbol	ja	すらっしゅ	／
symbol	ja	しゃせん	／
symbol	ja	・	／
symbol	ja	/	／
symbol	ja	きごう	／
symbol	ja	ななめ	／
symbol	ja	ばっくすらっしゅ	＼
symbol	ja	ぎゃくしゃせん	＼
symbol	ja	・	＼
symbol	ja	/	＼
symbol	ja	／	＼
symbol	ja	\	＼
symbol	ja	＼	＼
symbol	ja	¥	＼
symbol	ja	￥	＼
symbol	ja	きごう	＼
symbol	ja	しゃせん	＼
symbol	ja	すらっしゅ	＼
symbol	ja	ななめ	＼
symbol	ja	ばっくすらっしゅ	\
symbol	ja	ぎゃくしゃせん	\
symbol	ja	・	\
symbol	ja	/	\
symbol	ja	／	\
symbol	ja	\	\
symbol	ja	＼	\
symbol	ja	¥	\
symbol	ja	￥	\
symbol	ja	きごう	\
symbol	ja	しゃせん	\
symbol	ja	すらっしゅ	\
symbol	ja	ななめ	\
symbol	ja	にょろ	〜
symbol	ja	なみ	〜
symbol	ja	から	〜
symbol	ja	ー	〜
symbol	ja	-	〜
symbol	ja	~	〜
symbol	ja	きごう	〜
symbol	ja	より	〜
symbol	ja	|	∥
symbol	ja	||	∥
symbol	ja	たてぼう	∥
symbol	ja	たてせん	∥
symbol	ja	へいこう	∥
symbol	ja	きごう	∥
symbol	ja	|	‖
symbol	ja	||	‖
symbol	ja	たてぼう	‖
symbol	ja	たてせん	‖
symbol	ja	そうちゅう	‖
symbol	ja	きごう	‖
symbol	ja	|	｜
symbol	ja	たてぼう	｜
symbol	ja	たてせん	｜
symbol	ja	きごう	｜
symbol	ja	。。。	…
symbol	ja	.	…
symbol	ja	...	…
symbol	ja	・・・	…
symbol	ja	・	…
symbol	ja	。	…
symbol	ja	てん	…
symbol	ja	きごう	…
symbol	ja	あまり	…
symbol	ja	さんてん	…
symbol	ja	さんてんりーだ	…
symbol	ja	さんてんりーだー	…
symbol	ja	。。	‥
symbol	ja	..	‥
symbol	ja	・・	‥
symbol	ja	・	‥
symbol	ja	。	‥
symbol	ja	てん	‥
symbol	ja	など	‥
symbol	ja	きごう	‥
symbol	ja	にてんりーだ	‥
symbol	ja	にてんりーだー	‥
symbol	ja	。。。	︙
symbol	ja	.	︙
symbol	ja	...	︙
symbol	ja	・・・	︙
symbol	ja	・	︙
symbol	ja	…	︙
symbol	ja	:	︙
symbol	ja	てん	︙
symbol	ja	きごう	︙
symbol	ja	さんてん	︙
symbol	ja	さんてんりーだ	︙
symbol	ja	さんてんりーだー	︙
symbol	ja	たてさんてんりーだ	︙
symbol	ja	たてさんてんりーだー	︙
symbol	ja	たてりーだ	︙
symbol	ja	たてりーだー	︙
symbol	ja	。。	︰
symbol	ja	..	︰
symbol	ja	・・	︰
symbol	ja	・	︰
symbol	ja	‥	︰
symbol	ja	:	︰
symbol	ja	てん	︰
symbol	ja	など	︰
symbol	ja	きごう	︰
symbol	ja	にてんりーだ	︰
symbol	ja	にてんりーだー	︰
symbol	ja	たてにてんりーだ	︰
symbol	ja	たてにてんりーだー	︰
symbol	ja	たてりーだ	︰
symbol	ja	たてりーだー	︰
symbol	ja	ばっくくおーと	‘
symbol	ja	ばっくくぉーと	‘
symbol	ja	'	‘
symbol	ja	"	‘
symbol	ja	きごう	‘
symbol	ja	くおーと	’
symbol	ja	くおーてーしょん	’
symbol	ja	くぉーと	’
symbol	ja	くぉーてーしょん	’
symbol	ja	'	’
symbol	ja	"	’
symbol	ja	きごう	’
symbol	ja	"	“
symbol	ja	'	“
symbol	ja	だぶるくおーと	“
symbol	ja	だぶるくおーてーしょん	“
symbol	ja	くぉーと	“
symbol	ja	だぶるくぉーてしょん	“
symbol	ja	きごう	“
symbol	ja	"	”
symbol	ja	'	”
symbol	ja	だぶるくおーと	”
symbol	ja	だぶるくおーてーしょん	”
symbol	ja	くぉーと	”
symbol	ja	だぶるくぉーてしょん	”
symbol	ja	きごう	”
symbol	ja	[	（
symbol	ja	「	（
symbol	ja	(	（
symbol	ja	｢	（
symbol	ja	]	）
symbol	ja	」	）
symbol	ja	)	）
symbol	ja	｣	）
symbol	ja	[	〔
symbol	ja	「	〔
symbol	ja	(	〔
symbol	ja	｢	〔
symbol	ja	]	〕
symbol	ja	」	〕
symbol	ja	)	〕
symbol	ja	｣	〕
symbol	ja	[	［
symbol	ja	「	［
symbol	ja	(	［
symbol	ja	｢	［
symbol	ja	]	］
symbol	ja	」	］
symbol	ja	)	］
symbol	ja	｣	］
symbol	ja	[	〘
symbol	ja	「	〘
symbol	ja	(	〘
symbol	ja	｢	〘
symbol	ja	]	〙
symbol	ja	」	〙
symbol	ja	)	〙
symbol	ja	｣	〙
symbol	ja	[	〚
symbol	ja	「	〚
symbol	ja	(	〚
symbol	ja	｢	〚
symbol	ja	]	〛
symbol	ja	」	〛
symbol	ja	)	〛
symbol	ja	｣	〛
symbol	ja	{	｛
symbol	ja	[	｛
symbol	ja	(	｛
symbol	ja	「	｛
symbol	ja	｢	｛
symbol	ja	}	｝
symbol	ja	]	｝
symbol	ja	)	｝
symbol	ja	」	｝
symbol	ja	｣	｝
symbol	ja	<	〈
symbol	ja	(	〈
symbol	ja	[	〈
symbol	ja	「	〈
symbol	ja	｢	〈
symbol	ja	>	〉
symbol	ja	)	〉
symbol	ja	]	〉
symbol	ja	」	〉
symbol	ja	｣	〉
symbol	ja	<	‹
symbol	ja	(	‹
symbol	ja	[	‹
symbol	ja	「	‹
symbol	ja	｢	‹
symbol	ja	>	›
symbol	ja	)	›
symbol	ja	]	›
symbol	ja	」	›
symbol	ja	｣	›
symbol	ja	<<	《
symbol	ja	(	《
symbol	ja	[	《
symbol	ja	「	《
symbol	ja	｢	《
symbol	ja	>>	》
symbol	ja	)	》
symbol	ja	]	》
symbol	ja	」	》
symbol	ja	｣	》
symbol	ja	ぎゅめ	«
symbol	ja	<<	«
symbol	ja	(	«
symbol	ja	[	«
symbol	ja	「	«
symbol	ja	｢	«
symbol	ja	ぎゅめ	»
symbol	ja	>>	»
symbol	ja	)	»
symbol	ja	]	»
symbol	ja	」	»
symbol	ja	｣	»
symbol	ja	[	「
symbol	ja	「	「
symbol	ja	(	「
symbol	ja	｢	「
symbol	ja	]	」
symbol	ja	」	」
symbol	ja	)	」
symbol	ja	｣	」
symbol	ja	[	『
symbol	ja	「	『
symbol	ja	(	『
symbol	ja	｢	『
symbol	ja	]	』
symbol	ja	」	』
symbol	ja	)	』
symbol	ja	｣	』
symbol	ja	[	【
symbol	ja	「	【
symbol	ja	(	【
symbol	ja	｢	【
symbol	ja	]	】
symbol	ja	」	】
symbol	ja	)	】
symbol	ja	｣	】
symbol	ja	[	〝
symbol	ja	「	〝
symbol	ja	(	〝
symbol	ja	｢	〝
symbol	ja	"	〝
symbol	ja	'	〝
symbol	ja	きごう	〝
symbol	ja	]	〟
symbol	ja	」	〟
symbol	ja	)	〟
symbol	ja	｣	〟
symbol	ja	"	〟
symbol	ja	'	〟
symbol	ja	きごう	〟
symbol	ja	()	（）
symbol	ja	「」	（）
symbol	ja	かっこ	（）
symbol	ja	まるかっこ	（）
symbol	ja	()	〔〕
symbol	ja	「」	〔〕
symbol	ja	かっこ	〔〕
symbol	ja	こうかっこ	〔〕
symbol	ja	()	［］
symbol	ja	「」	［］
symbol	ja	かっこ	［］
symbol	ja	かくかっこ	［］
symbol	ja	()	〘〙
symbol	ja	「」	〘〙
symbol	ja	かっこ	〘〙
symbol	ja	こうかっこ	〘〙
symbol	ja	()	〚〛
symbol	ja	「」	〚〛
symbol	ja	かっこ	〚〛
symbol	ja	かくかっこ	〚〛
symbol	ja	()	｛｝
symbol	ja	「」	｛｝
symbol	ja	かっこ	｛｝
symbol	ja	なみかっこ	｛｝
symbol	ja	()	〈〉
symbol	ja	「」	〈〉
symbol	ja	<>	〈〉
symbol	ja	かっこ	〈〉
symbol	ja	やまかっこ	〈〉
symbol	ja	()	《》
symbol	ja	「」	《》
symbol	ja	<<>>	《》
symbol	ja	かっこ	《》
symbol	ja	やまかっこ	《》
symbol	ja	()	«»
symbol	ja	「」	«»
symbol	ja	<<>>	«»
symbol	ja	かっこ	«»
symbol	ja	やまかっこ	«»
symbol	ja	ぎゅめ	«»
symbol	ja	()	‹›
symbol	ja	「」	‹›
symbol	ja	<>	‹›
symbol	ja	かっこ	‹›
symbol	ja	やまかっこ	‹›
symbol	ja	()	「」
symbol	ja	「」	「」
symbol	ja	かっこ	「」
symbol	ja	かぎかっこ	「」
symbol	ja	()	『』
symbol	ja	「」	『』
symbol	ja	かっこ	『』
symbol	ja	かぎかっこ	『』
symbol	ja	()	【】
symbol	ja	「」	【】
symbol	ja	かっこ	【】
symbol	ja	()	‘’
symbol	ja	「」	‘’
symbol	ja	""	‘’
symbol	ja	''	‘’
symbol	ja	かっこ	‘’
symbol	ja	()	“”
symbol	ja	「」	“”
symbol	ja	""	“”
symbol	ja	''	“”
symbol	ja	かっこ	“”
symbol	ja	()	〝〟
symbol	ja	「」	〝〟
symbol	ja	""	〝〟
symbol	ja	''	〝〟
symbol	ja	かっこ	〝〟
symbol	ja	つめかっこ	〝〟
symbol	ja	だぶるみにゅーと	〝〟
symbol	ja	ののかぎ	〝〟
symbol	ja	ぷらす	＋
symbol	ja	たす	＋
symbol	ja	すうがく	＋
symbol	ja	+	＋
symbol	ja	＋	＋
symbol	ja	まいなす	−
symbol	ja	ひく	−
symbol	ja	はいふん	−
symbol	ja	すうがく	−
symbol	ja	-	−
symbol	ja	ー	−
symbol	ja	ぷらすまいなす	±
symbol	ja	ぷらまい	±
symbol	ja	+-	±
symbol	ja	+ー	±
symbol	ja	すうがく	±
symbol	ja	きごう	±
symbol	ja	まいなすぷらす	∓
symbol	ja	-+	∓
symbol	ja	ー+	∓
symbol	ja	すうがく	∓
symbol	ja	きごう	∓
symbol	ja	かける	×
symbol	ja	すうがく	×
symbol	ja	*	×
symbol	ja	ばつ	×
symbol	ja	ぺけ	×
symbol	ja	きごう	×
symbol	ja	わる	÷
symbol	ja	すうがく	÷
symbol	ja	/	÷
symbol	ja	・	÷
symbol	ja	きごう	÷
symbol	ja	いこーる	＝
symbol	ja	とうごう	＝
symbol	ja	すうがく	＝
symbol	ja	=	＝
symbol	ja	だぶるはいふん	゠
symbol	ja	=	゠
symbol	ja	ふとうごう	≠
symbol	ja	のっといこーる	≠
symbol	ja	すうがく	≠
symbol	ja	=	≠
symbol	ja	!=	≠
symbol	ja	<>	≠
symbol	ja	きごう	≠
symbol	ja	とうごう	≠
symbol	ja	ふとうごう	＜
symbol	ja	しょうなり	＜
symbol	ja	すうがく	＜
symbol	ja	<	＜
symbol	ja	ふとうごう	＞
symbol	ja	だいなり	＞
symbol	ja	すうがく	＞
symbol	ja	>	＞
symbol	ja	ふとうごう	≦
symbol	ja	しょうなりいこーる	≦
symbol	ja	すうがく	≦
symbol	ja	<	≦
symbol	ja	<=	≦
symbol	ja	きごう	≦
symbol	ja	ふとうごう	≧
symbol	ja	だいなりいこーる	≧
symbol	ja	すうがく	≧
symbol	ja	>	≧
symbol	ja	>=	≧
symbol	ja	きごう	≧
symbol	ja	。。。	⋮
symbol	ja	.	⋮
symbol	ja	...	⋮
symbol	ja	・・・	⋮
symbol	ja	・	⋮
symbol	ja	。	⋮
symbol	ja	てん	⋮
symbol	ja	さんてん	⋮
symbol	ja	さんてんりーだ	⋮
symbol	ja	さんてんりーだー	⋮
symbol	ja	。。。	⋯
symbol	ja	.	⋯
symbol	ja	...	⋯
symbol	ja	・・・	⋯
symbol	ja	・	⋯
symbol	ja	。	⋯
symbol	ja	てん	⋯
symbol	ja	あまり	⋯
symbol	ja	さんてん	⋯
symbol	ja	さんてんりーだ	⋯
symbol	ja	さんてんりーだー	⋯
symbol	ja	。。。	⋰
symbol	ja	.	⋰
symbol	ja	...	⋰
symbol	ja	・・・	⋰
symbol	ja	・	⋰
symbol	ja	。	⋰
symbol	ja	てん	⋰
symbol	ja	さんてん	⋰
symbol	ja	さんてんりーだ	⋰
symbol	ja	さんてんりーだー	⋰
symbol	ja	。。。	⋱
symbol	ja	.	⋱
symbol	ja	...	⋱
symbol	ja	・・・	⋱
symbol	ja	・	⋱
symbol	ja	。	⋱
symbol	ja	てん	⋱
symbol	ja	さんてん	⋱
symbol	ja	さんてんりーだ	⋱
symbol	ja	さんてんりーだー	⋱
symbol	ja	むげんだい	∞
symbol	ja	むげん	∞
symbol	ja	すうがく	∞
symbol	ja	きごう	∞
symbol	ja	ゆえに	∴
symbol	ja	すうがく	∴
symbol	ja	きごう	∴
symbol	ja	さんかく	∴
symbol	ja	てん	∴
symbol	ja	めす	♀
symbol	ja	きごう	♀
symbol	ja	きんせい	♀
symbol	ja	せんせいじゅつ	♀
symbol	ja	おす	♂
symbol	ja	きごう	♂
symbol	ja	かせい	♂
symbol	ja	せんせいじゅつ	♂
symbol	ja	ど	°
symbol	ja	たんい	°
symbol	ja	きごう	°
symbol	ja	’	′
symbol	ja	ふん	′
symbol	ja	たんい	′
symbol	ja	きごう	′
symbol	ja	”	″
symbol	ja	びょう	″
symbol	ja	たんい	″
symbol	ja	きごう	″
symbol	ja	ど	℃
symbol	ja	たんい	℃
symbol	ja	せっし	℃
symbol	ja	どC	℃
symbol	ja	どc	℃
symbol	ja	どしー	℃
symbol	ja	C	℃
symbol	ja	ど	°C
symbol	ja	たんい	°C
symbol	ja	せっし	°C
symbol	ja	どC	°C
symbol	ja	どc	°C
symbol	ja	どしー	°C
symbol	ja	C	°C
symbol	ja	かし	°F
symbol	ja	どF	°F
symbol	ja	どf	°F
symbol	ja	どえふ	°F
symbol	ja	F	°F
symbol	ja	えん	￥
symbol	ja	つうか	￥
symbol	ja	\	￥
symbol	ja	¥	￥
symbol	ja	＼	￥
symbol	ja	たんい	￥
symbol	ja	えん	¥
symbol	ja	つうか	¥
symbol	ja	\	¥
symbol	ja	￥	¥
symbol	ja	＼	¥
symbol	ja	たんい	¥
symbol	ja	どる	＄
symbol	ja	だらー	＄
symbol	ja	だら	＄
symbol	ja	つうか	＄
symbol	ja	$	＄
symbol	ja	たんい	＄
symbol	ja	せんと	¢
symbol	ja	つうか	¢
symbol	ja	たんい	¢
symbol	ja	ぽんど	£
symbol	ja	つうか	£
symbol	ja	たんい	£
symbol	ja	ゆーろ	€
symbol	ja	つうか	€
symbol	ja	たんい	€
symbol	ja	ぱーせんと	％
symbol	ja	たんい	％
symbol	ja	%	％
symbol	ja	しゃーぷ	＃
symbol	ja	なんばー	＃
symbol	ja	いげた	＃
symbol	ja	はっしゅ	＃
symbol	ja	#	＃
symbol	ja	あんど	＆
symbol	ja	あんぱさんど	＆
symbol	ja	&	＆
symbol	ja	あすたりすく	＊
symbol	ja	あすてりすく	＊
symbol	ja	ほし	＊
symbol	ja	*	＊
symbol	ja	あっとまーく	＠
symbol	ja	あっと	＠
symbol	ja	@	＠
symbol	ja	せくしょん	§
symbol	ja	きごう	§
symbol	ja	だんらく	§
symbol	ja	せくしょん	¶
symbol	ja	だんらく	¶
symbol	ja	だんらくきごう	¶
symbol	ja	ぱらぐらふ	¶
symbol	ja	きごう	¶
symbol	ja	ほし	☆
symbol	ja	しろぼし	☆
symbol	ja	しろほし	☆
symbol	ja	ずけい	☆
symbol	ja	ほし	★
symbol	ja	くろぼし	★
symbol	ja	くろほし	★
symbol	ja	ずけい	★
symbol	ja	まる	○
symbol	ja	しろまる	○
symbol	ja	ずけい	○
symbol	ja	まる	●
symbol	ja	くろまる	●
symbol	ja	ずけい	●
symbol	ja	にじゅうまる	◎
symbol	ja	まる	◎
symbol	ja	ずけい	◎
symbol	ja	じゃのめ	◉
symbol	ja	まる	◉
symbol	ja	ずけい	◉
symbol	ja	まるなかぐろ	⦿
symbol	ja	まる	⦿
symbol	ja	ずけい	⦿
symbol	ja	しかく	◇
symbol	ja	だいや	◇
symbol	ja	ひしがた	◇
symbol	ja	ひし	◇
symbol	ja	ずけい	◇
symbol	ja	しかく	◆
symbol	ja	だいや	◆
symbol	ja	ひしがた	◆
symbol	ja	ひし	◆
symbol	ja	ずけい	◆
symbol	ja	しかく	□
symbol	ja	ずけい	□
symbol	ja	しかく	■
symbol	ja	ずけい	■
symbol	ja	さんかく	△
symbol	ja	ずけい	△
symbol	ja	さんかく	▲
symbol	ja	ずけい	▲
symbol	ja	さんかく	▽
symbol	ja	ずけい	▽
symbol	ja	ぎゃくさんかく	▽
symbol	ja	さんかく	▼
symbol	ja	ずけい	▼
symbol	ja	ぎゃくさんかく	▼
symbol	ja	さんかく	▷
symbol	ja	ずけい	▷
symbol	ja	みぎ	▷
symbol	ja	みぎさんかく	▷
symbol	ja	>	▷
symbol	ja	さんかく	▶
symbol	ja	ずけい	▶
symbol	ja	みぎ	▶
symbol	ja	みぎさんかく	▶
symbol	ja	>	▶
symbol	ja	さんかく	◁
symbol	ja	ずけい	◁
symbol	ja	ひだり	◁
symbol	ja	ひだりさんかく	◁
symbol	ja	<	◁
symbol	ja	さんかく	◀
symbol	ja	ずけい	◀
symbol	ja	ひだり	◀
symbol	ja	ひだりさんかく	◀
symbol	ja	<	◀
symbol	ja	ごかく	⬠
symbol	ja	ずけい	⬠
symbol	ja	ごかく	⬟
symbol	ja	ずけい	⬟
symbol	ja	だえん	⬭
symbol	ja	ちょうえん	⬭
symbol	ja	ずけい	⬭
symbol	ja	だえん	⬬
symbol	ja	ちょうえん	⬬
symbol	ja	ずけい	⬬
symbol	ja	だえん	⬯
symbol	ja	ちょうえん	⬯
symbol	ja	ずけい	⬯
symbol	ja	だえん	⬮
symbol	ja	ちょうえん	⬮
symbol	ja	ずけい	⬮
symbol	ja	ごま	﹅
symbol	ja	けんてん	﹅
symbol	ja	ぼうてん	﹅
symbol	ja	わきてん	﹅
symbol	ja	しろごま	﹆
symbol	ja	けんてん	﹆
symbol	ja	ぼうてん	﹆
symbol	ja	わきてん	﹆
symbol	ja	こめ	※
symbol	ja	*	※
symbol	ja	こめじるし	※
symbol	ja	きごう	※
symbol	ja	ほし	※
symbol	ja	だーくしぇーど	▓
symbol	ja	くろぬり	▓
symbol	ja	しかく	▓
symbol	ja	しかく	▢
symbol	ja	かどまる	▢
symbol	ja	しかく	▣
symbol	ja	いれこ	▣
symbol	ja	しかく	▤
symbol	ja	よこぬり	▤
symbol	ja	しかく	▥
symbol	ja	たてぬり	▥
symbol	ja	しかく	▦
symbol	ja	じゅうじぬり	▦
symbol	ja	しかく	▧
symbol	ja	ななめぬり	▧
symbol	ja	しかく	▨
symbol	ja	ななめぬり	▨
symbol	ja	しかく	▩
symbol	ja	ななめじゅうじぬり	▩
symbol	ja	ゆうびん	〒
symbol	ja	ゆうびんばんごう	〒
symbol	ja	きごう	〒
symbol	ja	やじるし	→
symbol	ja	みぎや	→
symbol	ja	->	→
symbol	ja	ー>	→
symbol	ja	みぎ	→
symbol	ja	やじるし	←
symbol	ja	ひだりや	←
symbol	ja	<-	←
symbol	ja	<ー	←
symbol	ja	ひだり	←
symbol	ja	やじるし	↑
symbol	ja	うえや	↑
symbol	ja	うえ	↑
symbol	ja	やじるし	↓
symbol	ja	したや	↓
symbol	ja	した	↓
symbol	ja	みぎへ	☛
symbol	ja	→	☛
symbol	ja	ひだりへ	☚
symbol	ja	←	☚
symbol	ja	みぎへ	☞
symbol	ja	→	☞
symbol	ja	ひだりへ	☜
symbol	ja	→	☜
symbol	ja	うえへ	☝
symbol	ja	↑	☝
symbol	ja	したへ	☟
symbol	ja	↓	☟
symbol	ja	げた	〓
symbol	ja	きごう	〓
symbol	ja	すうがく	∈
symbol	ja	しゅうごう	∈
symbol	ja	けいさん	∈
symbol	ja	きごう	∈
symbol	ja	ぞくする	∈
symbol	ja	ふくむ	∈
symbol	ja	すうがく	∉
symbol	ja	しゅうごう	∉
symbol	ja	けいさん	∉
symbol	ja	きごう	∉
symbol	ja	ぞくさない	∉
symbol	ja	ふくまない	∉
symbol	ja	すうがく	∋
symbol	ja	しゅうごう	∋
symbol	ja	けいさん	∋
symbol	ja	きごう	∋
symbol	ja	ぞくする	∋
symbol	ja	ふくむ	∋
symbol	ja	すうがく	∌
symbol	ja	しゅうごう	∌
symbol	ja	けいさん	∌
symbol	ja	きごう	∌
symbol	ja	ぞくさない	∌
symbol	ja	ふくまない	∌
symbol	ja	すうがく	⊆
symbol	ja	しゅうごう	⊆
symbol	ja	けいさん	⊆
symbol	ja	きごう	⊆
symbol	ja	すうがく	⊇
symbol	ja	しゅうごう	⊇
symbol	ja	けいさん	⊇
symbol	ja	きごう	⊇
symbol	ja	すうがく	⊂
symbol	ja	しゅうごう	⊂
symbol	ja	けいさん	⊂
symbol	ja	きごう	⊂
symbol	ja	すうがく	⊃
symbol	ja	しゅうごう	⊃
symbol	ja	けいさん	⊃
symbol	ja	きごう	⊃
symbol	ja	すうがく	∪
symbol	ja	きゃっぷ	∪
symbol	ja	かっぷ	∪
symbol	ja	おあ	∪
symbol	ja	しゅうごう	∪
symbol	ja	けいさん	∪
symbol	ja	U	∪
symbol	ja	きごう	∪
symbol	ja	わしゅうごう	∪
symbol	ja	すうがく	∩
symbol	ja	きゃっぷ	∩
symbol	ja	かっぷ	∩
symbol	ja	あんど	∩
symbol	ja	しゅうごう	∩
symbol	ja	けいさん	∩
symbol	ja	きごう	∩
symbol	ja	せきしゅうごう	∩
symbol	ja	すうがく	∧
symbol	ja	かつ	∧
symbol	ja	および	∧
symbol	ja	あんど	∧
symbol	ja	しゅうごう	∧
symbol	ja	けいさん	∧
symbol	ja	^	∧
symbol	ja	きごう	∧
symbol	ja	すうがく	∨
symbol	ja	または	∨
symbol	ja	おあ	∨
symbol	ja	しゅうごう	∨
symbol	ja	けいさん	∨
symbol	ja	V	∨
symbol	ja	きごう	∨
symbol	ja	すうがく	¬
symbol	ja	のっと	¬
symbol	ja	ひてい	¬
symbol	ja	しゅうごう	¬
symbol	ja	けいさん	¬
symbol	ja	きごう	¬
symbol	ja	すうがく	⇒
symbol	ja	やじるし	⇒
symbol	ja	みぎや	⇒
symbol	ja	->	⇒
symbol	ja	ならば	⇒
symbol	ja	けいさん	⇒
symbol	ja	=>	⇒
symbol	ja	きごう	⇒
symbol	ja	→	⇒
symbol	ja	すうがく	⇔
symbol	ja	やじるし	⇔
symbol	ja	<->	⇔
symbol	ja	どうち	⇔
symbol	ja	けいさん	⇔
symbol	ja	<=>	⇔
symbol	ja	きごう	⇔
symbol	ja	すうがく	∀
symbol	ja	すべて	∀
symbol	ja	すべての	∀
symbol	ja	たーんえー	∀
symbol	ja	けいさん	∀
symbol	ja	A	∀
symbol	ja	きごう	∀
symbol	ja	たーんA	∀
symbol	ja	すうがく	∃
symbol	ja	そんざい	∃
symbol	ja	けいさん	∃
symbol	ja	E	∃
symbol	ja	きごう	∃
symbol	ja	すうがく	∠
symbol	ja	かく	∠
symbol	ja	けいさん	∠
symbol	ja	きごう	∠
symbol	ja	すうがく	⊥
symbol	ja	すいちょく	⊥
symbol	ja	けいさん	⊥
symbol	ja	きごう	⊥
symbol	ja	かく	⊥
symbol	ja	すうがく	⊿
symbol	ja	さんかく	⊿
symbol	ja	さんかくけい	⊿
symbol	ja	とらいあんぐる	⊿
symbol	ja	けいさん	⊿
symbol	ja	でるた	⊿
symbol	ja	ちょっかくさんかく	⊿
symbol	ja	ちょっかくさんかくけい	⊿
symbol	ja	きごう	⊿
symbol	ja	すうがく	⌒
symbol	ja	こ	⌒
symbol	ja	けいさん	⌒
symbol	ja	きごう	⌒
symbol	ja	すうがく	∂
symbol	ja	けいさん	∂
symbol	ja	きごう	∂
symbol	ja	へんびぶん	∂
symbol	ja	らうんど	∂
symbol	ja	でる	∂
symbol	ja	すうがく	∇
symbol	ja	なぶら	∇
symbol	ja	けいさん	∇
symbol	ja	きごう	∇
symbol	ja	でるた	∆
symbol	ja	ぞうぶん	∆
symbol	ja	らぷらしあん	∆
symbol	ja	すうがく	≡
symbol	ja	ごうどう	≡
symbol	ja	けいさん	≡
symbol	ja	=	≡
symbol	ja	きごう	≡
symbol	ja	すうがく	≒
symbol	ja	やく	≒
symbol	ja	きんじ	≒
symbol	ja	いこーる	≒
symbol	ja	=	≒
symbol	ja	けいさん	≒
symbol	ja	きごう	≒
symbol	ja	とうごう	≒
symbol	ja	ふとうごう	≪
symbol	ja	しょうなり	≪
symbol	ja	すうがく	≪
symbol	ja	けいさん	≪
symbol	ja	<<	≪
symbol	ja	きごう	≪
symbol	ja	ふとうごう	≫
symbol	ja	だいなり	≫
symbol	ja	すうがく	≫
symbol	ja	けいさん	≫
symbol	ja	>>	≫
symbol	ja	きごう	≫
symbol	ja	るーと	√
symbol	ja	へいほうこん	√
symbol	ja	すうがく	√
symbol	ja	けいさん	√
symbol	ja	きごう	√
symbol	ja	こんごう	√
symbol	ja	sqrt	√
symbol	ja	さんじょうこん	∛
symbol	ja	りっぽうこん	∛
symbol	ja	こんごう	∛
symbol	ja	cbrt	∛
symbol	ja	よんじょうこん	∜
symbol	ja	こんごう	∜
symbol	ja	qdrt	∜
symbol	ja	すうがく	∽
symbol	ja	そうじ	∽
symbol	ja	けいさん	∽
symbol	ja	きごう	∽
symbol	ja	すうがく	∝
symbol	ja	ひれい	∝
symbol	ja	けいさん	∝
symbol	ja	きごう	∝
symbol	ja	すうがく	∵
symbol	ja	なぜならば	∵
symbol	ja	けいさん	∵
symbol	ja	きごう	∵
symbol	ja	さんかく	∵
symbol	ja	てん	∵
symbol	ja	すうがく	∫
symbol	ja	いんてぐらる	∫
symbol	ja	せきぶん	∫
symbol	ja	けいさん	∫
symbol	ja	きごう	∫
symbol	ja	すうがく	∬
symbol	ja	いんてぐらる	∬
symbol	ja	せきぶん	∬
symbol	ja	にじゅうせきぶん	∬
symbol	ja	けいさん	∬
symbol	ja	きごう	∬
symbol	ja	すうがく	⊕
symbol	ja	ちょくわ	⊕
symbol	ja	えっくすおあ	⊕
symbol	ja	けいさん	⊕
symbol	ja	+	⊕
symbol	ja	きごう	⊕
symbol	ja	すうがく	∅
symbol	ja	くうしゅうごう	∅
symbol	ja	きごう	∅
symbol	ja	すうがく	ℕ
symbol	ja	しぜんすう	ℕ
symbol	ja	きごう	ℕ
symbol	ja	すうがく	ℤ
symbol	ja	せいすう	ℤ
symbol	ja	きごう	ℤ
symbol	ja	すうがく	ℚ
symbol	ja	ゆうりすう	ℚ
symbol	ja	きごう	ℚ
symbol	ja	すうがく	ℝ
symbol	ja	じっすう	ℝ
symbol	ja	きごう	ℝ
symbol	ja	すうがく	ℂ
symbol	ja	ふくそすう	ℂ
symbol	ja	きごう	ℂ
symbol	ja	おんぐすとろーむ	Å
symbol	ja	たんい	Å
symbol	ja	A	Å
symbol	ja	きごう	Å
symbol	ja	ぱーみる	‰
symbol	ja	たんい	‰
symbol	ja	きごう	‰
symbol	ja	しゃーぷ	♯
symbol	ja	おんがく	♯
symbol	ja	#	♯
symbol	ja	きごう	♯
symbol	ja	ふらっと	♭
symbol	ja	おんがく	♭
symbol	ja	きごう	♭
symbol	ja	おんぷ	♪
symbol	ja	おんがく	♪
symbol	ja	きごう	♪
symbol	ja	おんぷ	♫
symbol	ja	おんがく	♫
symbol	ja	きごう	♫
symbol	ja	おんぷ	♬
symbol	ja	おんがく	♬
symbol	ja	きごう	♬
symbol	ja	なちゅらる	♮
symbol	ja	おんがく	♮
symbol	ja	きごう	♮
symbol	ja	だがー	†
symbol	ja	きごう	†
symbol	ja	だぶるだがー	‡
symbol	ja	だがー	‡
symbol	ja	きごう	‡
symbol	ja	まる	◯
symbol	ja	しろまる	◯
symbol	ja	きごう	◯
symbol	ja	ぎりしゃ	Α
symbol	ja	あるふぁ	Α
symbol	ja	ぎりしゃ	Β
symbol	ja	べーた	Β
symbol	ja	ぎりしゃ	Γ
symbol	ja	がんま	Γ
symbol	ja	がんまー	Γ
symbol	ja	ぎりしゃ	Δ
symbol	ja	でるた	Δ
symbol	ja	ぎりしゃ	Ε
symbol	ja	いぷしろん	Ε
symbol	ja	ぎりしゃ	Ζ
symbol	ja	ぜーた	Ζ
symbol	ja	つぇーた	Ζ
symbol	ja	じーた	Ζ
symbol	ja	ぎりしゃ	Η
symbol	ja	いーた	Η
symbol	ja	えーた	Η
symbol	ja	ぎりしゃ	Θ
symbol	ja	しーた	Θ
symbol	ja	てーた	Θ
symbol	ja	ぎりしゃ	Ι
symbol	ja	いおた	Ι
symbol	ja	ぎりしゃ	Κ
symbol	ja	かっぱ	Κ
symbol	ja	ぎりしゃ	Λ
symbol	ja	らむだ	Λ
symbol	ja	ぎりしゃ	Μ
symbol	ja	みゅー	Μ
symbol	ja	ぎりしゃ	Ν
symbol	ja	にゅー	Ν
symbol	ja	ぎりしゃ	Ξ
symbol	ja	くさい	Ξ
symbol	ja	くしい	Ξ
symbol	ja	くしー	Ξ
symbol	ja	ぐざい	Ξ
symbol	ja	ぎりしゃ	Ο
symbol	ja	おみくろん	Ο
symbol	ja	ぎりしゃ	Π
symbol	ja	ぱい	Π
symbol	ja	ぎりしゃ	Ρ
symbol	ja	ろー	Ρ
symbol	ja	ぎりしゃ	Σ
symbol	ja	しぐま	Σ
symbol	ja	ぎりしゃ	Τ
symbol	ja	たう	Τ
symbol	ja	ぎりしゃ	Υ
symbol	ja	ゆぷしろん	Υ
symbol	ja	いぷしろん	Υ
symbol	ja	うぷしろん	Υ
symbol	ja	ぎりしゃ	Φ
symbol	ja	ふぁい	Φ
symbol	ja	ぎりしゃ	Χ
symbol	ja	かい	Χ
symbol	ja	ぎりしゃ	Ψ
symbol	ja	ぷさい	Ψ
symbol	ja	ぷしー	Ψ
symbol	ja	ぎりしゃ	Ω
symbol	ja	おめが	Ω
symbol	ja	おーむ	Ω
symbol	ja	ぎりしゃ	α
symbol	ja	あるふぁ	α
symbol	ja	ぎりしゃ	β
symbol	ja	べーた	β
symbol	ja	ぎりしゃ	γ
symbol	ja	がんま	γ
symbol	ja	がんまー	γ
symbol	ja	ぎりしゃ	δ
symbol	ja	でるた	δ
symbol	ja	ぎりしゃ	ε
symbol	ja	いぷしろん	ε
symbol	ja	ぎりしゃ	ζ
symbol	ja	ぜーた	ζ
symbol	ja	つぇーた	ζ
symbol	ja	じーた	ζ
symbol	ja	ぎりしゃ	η
symbol	ja	いーた	η
symbol	ja	えーた	η
symbol	ja	ぎりしゃ	θ
symbol	ja	しーた	θ
symbol	ja	てーた	θ
symbol	ja	ぎりしゃ	ι
symbol	ja	いおた	ι
symbol	ja	ぎりしゃ	κ
symbol	ja	かっぱ	κ
symbol	ja	ぎりしゃ	λ
symbol	ja	らむだ	λ
symbol	ja	ぎりしゃ	μ
symbol	ja	みゅー	μ
symbol	ja	まいくろ	μ
symbol	ja	みくろん	μ
symbol	ja	ぎりしゃ	ν
symbol	ja	にゅー	ν
symbol	ja	ぎりしゃ	ξ
symbol	ja	くさい	ξ
symbol	ja	くしい	ξ
symbol	ja	くしー	ξ
symbol	ja	ぐざい	ξ
symbol	ja	ぎりしゃ	ο
symbol	ja	おみくろん	ο
symbol	ja	ぎりしゃ	π
symbol	ja	ぱい	π
symbol	ja	ぎりしゃ	ρ
symbol	ja	ろー	ρ
symbol	ja	ぎりしゃ	σ
symbol	ja	しぐま	σ
symbol	ja	ぎりしゃ	ς
symbol	ja	しぐま	ς
symbol	ja	ぎりしゃ	τ
symbol	ja	たう	τ
symbol	ja	ぎりしゃ	υ
symbol	ja	ゆぷしろん	υ
symbol	ja	いぷしろん	υ
symbol	ja	うぷしろん	υ
symbol	ja	ぎりしゃ	φ
symbol	ja	ふぁい	φ
symbol	ja	ぎりしゃ	χ
symbol	ja	かい	χ
symbol	ja	ぎりしゃ	ψ
symbol	ja	ぷさい	ψ
symbol	ja	ぷしー	ψ
symbol	ja	ぎりしゃ	ω
symbol	ja	おめが	ω
symbol	ja	おーむ	ω
symbol	ja	きりる	А
symbol	ja	ろしあ	А
symbol	ja	あー	А
symbol	ja	きりる	Б
symbol	ja	ろしあ	Б
symbol	ja	べー	Б
symbol	ja	きりる	В
symbol	ja	ろしあ	В
symbol	ja	ゔぇー	В
symbol	ja	きりる	Г
symbol	ja	ろしあ	Г
symbol	ja	げー	Г
symbol	ja	きりる	Д
symbol	ja	ろしあ	Д
symbol	ja	でー	Д
symbol	ja	きりる	Е
symbol	ja	ろしあ	Е
symbol	ja	いぇー	Е
symbol	ja	ぃえー	Е
symbol	ja	きりる	Ё
symbol	ja	ろしあ	Ё
symbol	ja	よー	Ё
symbol	ja	ぃよー	Ё
symbol	ja	きりる	Ж
symbol	ja	ろしあ	Ж
symbol	ja	じぇー	Ж
symbol	ja	きりる	З
symbol	ja	ろしあ	З
symbol	ja	ぜー	З
symbol	ja	ぜぇー	З
symbol	ja	きりる	И
symbol	ja	ろしあ	И
symbol	ja	いー	И
symbol	ja	きりる	Й
symbol	ja	ろしあ	Й
symbol	ja	いー	Й
symbol	ja	きりる	К
symbol	ja	ろしあ	К
symbol	ja	かー	К
symbol	ja	きりる	Л
symbol	ja	ろしあ	Л
symbol	ja	える	Л
symbol	ja	きりる	М
symbol	ja	ろしあ	М
symbol	ja	えむ	М
symbol	ja	きりる	Н
symbol	ja	ろしあ	Н
symbol	ja	えぬ	Н
symbol	ja	きりる	О
symbol	ja	ろしあ	О
symbol	ja	おー	О
symbol	ja	きりる	П
symbol	ja	ろしあ	П
symbol	ja	ぺー	П
symbol	ja	きりる	Р
symbol	ja	ろしあ	Р
symbol	ja	える	Р
symbol	ja	きりる	С
symbol	ja	ろしあ	С
symbol	ja	えす	С
symbol	ja	きりる	Т
symbol	ja	ろしあ	Т
symbol	ja	てー	Т
symbol	ja	きりる	У
symbol	ja	ろしあ	У
symbol	ja	うー	У
symbol	ja	きりる	Ф
symbol	ja	ろしあ	Ф
symbol	ja	えふ	Ф
symbol	ja	ふぃたー	Ф
symbol	ja	きりる	Х
symbol	ja	ろしあ	Х
symbol	ja	はー	Х
symbol	ja	きりる	Ц
symbol	ja	ろしあ	Ц
symbol	ja	つぇー	Ц
symbol	ja	きりる	Ч
symbol	ja	ろしあ	Ч
symbol	ja	ちぇー	Ч
symbol	ja	きりる	Ш
symbol	ja	ろしあ	Ш
symbol	ja	しゃー	Ш
symbol	ja	きりる	Щ
symbol	ja	ろしあ	Щ
symbol	ja	しちゃー	Щ
symbol	ja	ししゃー	Щ
symbol	ja	きりる	Ъ
symbol	ja	ろしあ	Ъ
symbol	ja	きりる	Ы
symbol	ja	ろしあ	Ы
symbol	ja	うぃ	Ы
symbol	ja	きりる	Ь
symbol	ja	ろしあ	Ь
symbol	ja	きりる	Э
symbol	ja	ろしあ	Э
symbol	ja	えー	Э
symbol	ja	きりる	Ю
symbol	ja	ろしあ	Ю
symbol	ja	ゆー	Ю
symbol	ja	きりる	Я
symbol	ja	ろしあ	Я
symbol	ja	やー	Я
symbol	ja	きりる	а
symbol	ja	ろしあ	а
symbol	ja	あー	а
symbol	ja	きりる	б
symbol	ja	ろしあ	б
symbol	ja	べー	б
symbol	ja	きりる	в
symbol	ja	ろしあ	в
symbol	ja	ゔぇー	в
symbol	ja	きりる	г
symbol	ja	ろしあ	г
symbol	ja	げー	г
symbol	ja	きりる	д
symbol	ja	ろしあ	д
symbol	ja	でー	д
symbol	ja	きりる	е
symbol	ja	ろしあ	е
symbol	ja	いぇー	е
symbol	ja	ぃえー	е
symbol	ja	きりる	ё
symbol	ja	ろしあ	ё
symbol	ja	よー	ё
symbol	ja	ぃよー	ё
symbol	ja	きりる	ж
symbol	ja	ろしあ	ж
symbol	ja	じぇー	ж
symbol	ja	きりる	з
symbol	ja	ろしあ	з
symbol	ja	ぜー	з
symbol	ja	ぜぇー	з
symbol	ja	きりる	и
symbol	ja	ろしあ	и
symbol	ja	いー	и
symbol	ja	きりる	й
symbol	ja	ろしあ	й
symbol	ja	いー	й
symbol	ja	きりる	к
symbol	ja	ろしあ	к
symbol	ja	かー	к
symbol	ja	きりる	л
symbol	ja	ろしあ	л
symbol	ja	える	л
symbol	ja	きりる	м
symbol	ja	ろしあ	м
symbol	ja	えむ	м
symbol	ja	きりる	н
symbol	ja	ろしあ	н
symbol	ja	えぬ	н
symbol	ja	きりる	о
symbol	ja	ろしあ	о
symbol	ja	おー	о
symbol	ja	きりる	п
symbol	ja	ろしあ	п
symbol	ja	ぺー	п
symbol	ja	きりる	р
symbol	ja	ろしあ	р
symbol	ja	える	р
symbol	ja	きりる	с
symbol	ja	ろしあ	с
symbol	ja	えす	с
symbol	ja	きりる	т
symbol	ja	ろしあ	т
symbol	ja	てー	т
symbol	ja	きりる	у
symbol	ja	ろしあ	у
symbol	ja	うー	у
symbol	ja	きりる	ф
symbol	ja	ろしあ	ф
symbol	ja	えふ	ф
symbol	ja	ふぃたー	ф
symbol	ja	きりる	х
symbol	ja	ろしあ	х
symbol	ja	はー	х
symbol	ja	きりる	ц
symbol	ja	ろしあ	ц
symbol	ja	つぇー	ц
symbol	ja	きりる	ч
symbol	ja	ろしあ	ч
symbol	ja	ちぇー	ч
symbol	ja	きりる	ш
symbol	ja	ろしあ	ш
symbol	ja	しゃー	ш
symbol	ja	きりる	щ
symbol	ja	ろしあ	щ
symbol	ja	しちゃー	щ
symbol	ja	ししゃー	щ
symbol	ja	きりる	ъ
symbol	ja	ろしあ	ъ
symbol	ja	きりる	ы
symbol	ja	ろしあ	ы
symbol	ja	うぃ	ы
symbol	ja	うい	ы
symbol	ja	きりる	ь
symbol	ja	ろしあ	ь
symbol	ja	きりる	э
symbol	ja	ろしあ	э
symbol	ja	えー	э
symbol	ja	きりる	ю
symbol	ja	ろしあ	ю
symbol	ja	ゆー	ю
symbol	ja	きりる	я
symbol	ja	ろしあ	я
symbol	ja	やー	я
symbol	ja	けいせん	─
symbol	ja	ほそわく	─
symbol	ja	よこ	─
symbol	ja	けいせん	│
symbol	ja	ほそわく	│
symbol	ja	たて	│
symbol	ja	けいせん	┌
symbol	ja	ほそわく	┌
symbol	ja	ひだりうえ	┌
symbol	ja	けいせん	┐
symbol	ja	ほそわく	┐
symbol	ja	みぎうえ	┐
symbol	ja	けいせん	┘
symbol	ja	ほそわく	┘
symbol	ja	みぎした	┘
symbol	ja	けいせん	└
symbol	ja	ほそわく	└
symbol	ja	ひだりした	└
symbol	ja	けいせん	├
symbol	ja	けいせん	┬
symbol	ja	ほそわく	┬
symbol	ja	けいせん	┤
symbol	ja	けいせん	┴
symbol	ja	ほそわく	┴
symbol	ja	けいせん	┼
symbol	ja	まんなか	┼
symbol	ja	けいせん	━
symbol	ja	ふとわく	━
symbol	ja	よこ	━
symbol	ja	けいせん	┃
symbol	ja	ふとわく	┃
symbol	ja	たて	┃
symbol	ja	けいせん	┏
symbol	ja	ふとわく	┏
symbol	ja	ひだりうえ	┏
symbol	ja	けいせん	┓
symbol	ja	ふとわく	┓
symbol	ja	みぎうえ	┓
symbol	ja	けいせん	┛
symbol	ja	ふとわく	┛
symbol	ja	みぎした	┛
symbol	ja	けいせん	┗
symbol	ja	ふとわく	┗
symbol	ja	ひだりした	┗
symbol	ja	けいせん	┣
symbol	ja	けいせん	┳
symbol	ja	ふとわく	┳
symbol	ja	けいせん	┫
symbol	ja	けいせん	┻
symbol	ja	ふとわく	┻
symbol	ja	けいせん	╋
symbol	ja	まんなか	╋
symbol	ja	けいせん	┠
symbol	ja	けいせん	┯
symbol	ja	けいせん	┨
symbol	ja	けいせん	┷
symbol	ja	けいせん	┿
symbol	ja	まんなか	┿
symbol	ja	けいせん	┝
symbol	ja	けいせん	┰
symbol	ja	けいせん	┥
symbol	ja	けいせん	┸
symbol	ja	けいせん	╂
symbol	ja	まんなか	╂
symbol	ja	なんばー	№
symbol	ja	no	№
symbol	ja	NO	№
symbol	ja	でんわ	℡
symbol	ja	tel	℡
symbol	ja	TEL	℡
symbol	ja	でんわ	☏
symbol	ja	でんわ	☎
symbol	ja	しょうぎ	☖
symbol	ja	ごて	☖
symbol	ja	しょうぎ	☗
symbol	ja	せんて	☗
symbol	ja	しょうぎ	⛉
symbol	ja	しょうぎ	⛊
symbol	ja	すぺーど	♤
symbol	ja	すぺーど	♠
symbol	ja	はーと	♡
symbol	ja	はーと	♥
symbol	ja	だいや	♢
symbol	ja	ひしがた	♢
symbol	ja	ひし	♢
symbol	ja	だいや	♦
symbol	ja	ひしがた	♦
symbol	ja	ひし	♦
symbol	ja	くらぶ	♧
symbol	ja	くろーばー	♧
symbol	ja	みつば	♧
symbol	ja	くらぶ	♣
symbol	ja	くろーばー	♣
symbol	ja	みつば	♣
symbol	ja	おんせん	♨
symbol	ja	どくろ	☠
symbol	ja	がいこつ	☠
symbol	ja	どくぶつ	☠
symbol	ja	こーしょん	☡
symbol	ja	ちゅうい	☡
symbol	ja	ほうしゃのう	☢
symbol	ja	ばいおはざーど	☣
symbol	ja	かどぅけうす	☤
symbol	ja	けりゅけいおん	☤
symbol	ja	あんく	☥
symbol	ja	いんよう	☯
symbol	ja	いんやん	☯
symbol	ja	はっけ	☰
symbol	ja	はっけ	☱
symbol	ja	はっけ	☲
symbol	ja	はっけ	☳
symbol	ja	はっけ	☴
symbol	ja	はっけ	☵
symbol	ja	はっけ	☶
symbol	ja	はっけ	☷
symbol	ja	ほうりん	☸
symbol	ja	すいせい	☿
symbol	ja	せんせいじゅつ	☿
symbol	ja	ちきゅう	♁
symbol	ja	せんせいじゅつ	♁
symbol	ja	もくせい	♃
symbol	ja	せんせいじゅつ	♃
symbol	ja	どせい	♄
symbol	ja	せんせいじゅつ	♄
symbol	ja	てんのうせい	♅
symbol	ja	せんせいじゅつ	♅
symbol	ja	かいおうせい	♆
symbol	ja	せんせいじゅつ	♆
symbol	ja	めいおうせい	♇
symbol	ja	せんせいじゅつ	♇
symbol	ja	せいざ	♈
symbol	ja	おひつじざ	♈
symbol	ja	せいざ	♉
symbol	ja	おうしざ	♉
symbol	ja	せいざ	♊
symbol	ja	ふたござ	♊
symbol	ja	せいざ	♋
symbol	ja	かにざ	♋
symbol	ja	せいざ	♌
symbol	ja	ししざ	♌
symbol	ja	せいざ	♍
symbol	ja	おとめざ	♍
symbol	ja	せいざ	♎
symbol	ja	てんびんざ	♎
symbol	ja	せいざ	♏
symbol	ja	さそりざ	♏
symbol	ja	せいざ	♐
symbol	ja	いてざ	♐
symbol	ja	せいざ	♑
symbol	ja	やぎざ	♑
symbol	ja	せいざ	♒
symbol	ja	みずがめざ	♒
symbol	ja	せいざ	♓
symbol	ja	うおざ	♓
symbol	ja	かおもじ	☹
symbol	ja	むむ	☹
symbol	ja	:(	☹
symbol	ja	えがお	☺
symbol	ja	かおもじ	☺
symbol	ja	にこにこ	☺
symbol	ja	:)	☺
symbol	ja	えがお	☻
symbol	ja	かおもじ	☻
symbol	ja	にこにこ	☻
symbol	ja	:)	☻
symbol	ja	ちぇっくぼっくす	☐
symbol	ja	ちぇっく	☑
symbol	ja	ちぇっくぼっくす	☑
symbol	ja	ちぇっく	☒
symbol	ja	ちぇっくぼっくす	☒
symbol	ja	ばつ	☒
symbol	ja	ぺけ	☒
symbol	ja	ちぇっく	☓
symbol	ja	ばつ	☓
symbol	ja	ぺけじ	☓
symbol	ja	ぺけ	☓
symbol	ja	ななめじゅうじ	☓
symbol	ja	ちぇっく	✓
symbol	ja	きごう	✓
symbol	ja	ちぇっく	✔
symbol	ja	きごう	✔
symbol	ja	りさいくる	♲
symbol	ja	りさいくる	♺
symbol	ja	りさいくる	♻
symbol	ja	りさいくる	♼
symbol	ja	りさいくる	♽
symbol	ja	くるまいす	♿
symbol	ja	さいころ	⚀
symbol	ja	さいころ1	⚀
symbol	ja	1	⚀
symbol	ja	さいころ	⚁
symbol	ja	さいころ2	⚁
symbol	ja	2	⚁
symbol	ja	さいころ	⚂
symbol	ja	さいころ3	⚂
symbol	ja	3	⚂
symbol	ja	さいころ	⚃
symbol	ja	さいころ4	⚃
symbol	ja	4	⚃
symbol	ja	さいころ	⚄
symbol	ja	さいころ5	⚄
symbol	ja	5	⚄
symbol	ja	さいころ	⚅
symbol	ja	さいころ6	⚅
symbol	ja	6	⚅
symbol	ja	てんびん	⚖
symbol	ja	はぐるま	⚙
symbol	ja	ぎあ	⚙
symbol	ja	ちゅうい	⚠
symbol	ja	けいこく	⚠
symbol	ja	かんおけ	⚰
symbol	ja	まーじゃん	🀀
symbol	ja	まーじゃんぱい	🀀
symbol	ja	ふぉんぱい	🀀
symbol	ja	ふうぱい	🀀
symbol	ja	とん	🀀
symbol	ja	まーじゃん	🀁
symbol	ja	まーじゃんぱい	🀁
symbol	ja	ふぉんぱい	🀁
symbol	ja	ふうぱい	🀁
symbol	ja	なん	🀁
symbol	ja	まーじゃん	🀂
symbol	ja	まーじゃんぱい	🀂
symbol	ja	ふぉんぱい	🀂
symbol	ja	ふうぱい	🀂
symbol	ja	しゃー	🀂
symbol	ja	まーじゃん	🀃
symbol	ja	まーじゃんぱい	🀃
symbol	ja	ふぉんぱい	🀃
symbol	ja	ふうぱい	🀃
symbol	ja	ぺい	🀃
symbol	ja	ぺー	🀃
symbol	ja	まーじゃん	🀄︎
symbol	ja	まーじゃんぱい	🀄︎
symbol	ja	さんげんぱい	🀄︎
symbol	ja	ほんちゅん	🀄︎
symbol	ja	ふぉんちゅん	🀄︎
symbol	ja	ほんちゅー	🀄︎
symbol	ja	ちゅん	🀄︎
symbol	ja	まーじゃん	🀅
symbol	ja	まーじゃんぱい	🀅
symbol	ja	さんげんぱい	🀅
symbol	ja	りゅうふぁ	🀅
symbol	ja	りゅーふぁ	🀅
symbol	ja	りゅーふぁー	🀅
symbol	ja	はつ	🀅
symbol	ja	まーじゃん	🀆
symbol	ja	まーじゃんぱい	🀆
symbol	ja	さんげんぱい	🀆
symbol	ja	ぱいぱん	🀆
symbol	ja	はく	🀆
symbol	ja	まーじゃん	🀇
symbol	ja	まーじゃんぱい	🀇
symbol	ja	まんず	🀇
symbol	ja	わんず	🀇
symbol	ja	いーまん	🀇
symbol	ja	いーわん	🀇
symbol	ja	まーじゃん	🀈
symbol	ja	まーじゃんぱい	🀈
symbol	ja	まんず	🀈
symbol	ja	わんず	🀈
symbol	ja	りゃんまん	🀈
symbol	ja	りゃんわん	🀈
symbol	ja	まーじゃん	🀉
symbol	ja	まーじゃんぱい	🀉
symbol	ja	まんず	🀉
symbol	ja	わんず	🀉
symbol	ja	さんまん	🀉
symbol	ja	さんわん	🀉
symbol	ja	まーじゃん	🀊
symbol	ja	まーじゃんぱい	🀊
symbol	ja	まんず	🀊
symbol	ja	わんず	🀊
symbol	ja	すーまん	🀊
symbol	ja	すーわん	🀊
symbol	ja	まーじゃん	🀋
symbol	ja	まーじゃんぱい	🀋
symbol	ja	まんず	🀋
symbol	ja	わんず	🀋
symbol	ja	うーまん	🀋
symbol	ja	うーわん	🀋
symbol	ja	まーじゃん	🀌
symbol	ja	まーじゃんぱい	🀌
symbol	ja	まんず	🀌
symbol	ja	わんず	🀌
symbol	ja	ろーまん	🀌
symbol	ja	ろーわん	🀌
symbol	ja	まーじゃん	🀍
symbol	ja	まーじゃんぱい	🀍
symbol	ja	まんず	🀍
symbol	ja	わんず	🀍
symbol	ja	ちーまん	🀍
symbol	ja	ちーわん	🀍
symbol	ja	まーじゃん	🀎
symbol	ja	まーじゃんぱい	🀎
symbol	ja	まんず	🀎
symbol	ja	わんず	🀎
symbol	ja	ぱーまん	🀎
symbol	ja	ぱーわん	🀎
symbol	ja	まーじゃん	🀏
symbol	ja	まーじゃんぱい	🀏
symbol	ja	まんず	🀏
symbol	ja	わんず	🀏
symbol	ja	きゅーまん	🀏
symbol	ja	きゅーわん	🀏
symbol	ja	きゅうまん	🀏
symbol	ja	きゅうわん	🀏
symbol	ja	ちゅーまん	🀏
symbol	ja	ちゅーわん	🀏
symbol	ja	まーじゃん	🀐
symbol	ja	まーじゃんぱい	🀐
symbol	ja	そーず	🀐
symbol	ja	いーそー	🀐
symbol	ja	まーじゃん	🀑
symbol	ja	まーじゃんぱい	🀑
symbol	ja	そーず	🀑
symbol	ja	りゃんそー	🀑
symbol	ja	まーじゃん	🀒
symbol	ja	まーじゃんぱい	🀒
symbol	ja	そーず	🀒
symbol	ja	さんそー	🀒
symbol	ja	まーじゃん	🀓
symbol	ja	まーじゃんぱい	🀓
symbol	ja	そーず	🀓
symbol	ja	すーそー	🀓
symbol	ja	まーじゃん	🀔
symbol	ja	まーじゃんぱい	🀔
symbol	ja	そーず	🀔
symbol	ja	うーそー	🀔
symbol	ja	まーじゃん	🀕
symbol	ja	まーじゃんぱい	🀕
symbol	ja	そーず	🀕
symbol	ja	ろーそー	🀕
symbol	ja	まーじゃん	🀖
symbol	ja	まーじゃんぱい	🀖
symbol	ja	そーず	🀖
symbol	ja	ちーそー	🀖
symbol	ja	まーじゃん	🀗
symbol	ja	まーじゃんぱい	🀗
symbol	ja	そーず	🀗
symbol	ja	ぱーそー	🀗
symbol	ja	まーじゃん	🀘
symbol	ja	まーじゃんぱい	🀘
symbol	ja	そーず	🀘
symbol	ja	きゅーそー	🀘
symbol	ja	きゅうそー	🀘
symbol	ja	ちゅーそー	🀘
symbol	ja	まーじゃん	🀙
symbol	ja	まーじゃんぱい	🀙
symbol	ja	ぴんず	🀙
symbol	ja	いーぴん	🀙
symbol	ja	まーじゃん	🀚
symbol	ja	まーじゃんぱい	🀚
symbol	ja	ぴんず	🀚
symbol	ja	りゃんぴん	🀚
symbol	ja	まーじゃん	🀛
symbol	ja	まーじゃんぱい	🀛
symbol	ja	ぴんず	🀛
symbol	ja	さんぴん	🀛
symbol	ja	まーじゃん	🀜
symbol	ja	まーじゃんぱい	🀜
symbol	ja	ぴんず	🀜
symbol	ja	すーぴん	🀜
symbol	ja	まーじゃん	🀝
symbol	ja	まーじゃんぱい	🀝
symbol	ja	ぴんず	🀝
symbol	ja	うーぴん	🀝
symbol	ja	まーじゃん	🀞
symbol	ja	まーじゃんぱい	🀞
symbol	ja	ぴんず	🀞
symbol	ja	ろーぴん	🀞
symbol	ja	まーじゃん	🀟
symbol	ja	まーじゃんぱい	🀟
symbol	ja	ぴんず	🀟
symbol	ja	ちーぴん	🀟
symbol	ja	まーじゃん	🀠
symbol	ja	まーじゃんぱい	🀠
symbol	ja	ぴんず	🀠
symbol	ja	ぱーぴん	🀠
symbol	ja	まーじゃん	🀡
symbol	ja	まーじゃんぱい	🀡
symbol	ja	ぴんず	🀡
symbol	ja	きゅーぴん	🀡
symbol	ja	きゅうぴん	🀡
symbol	ja	ちゅーぴん	🀡
symbol	ja	まーじゃん	🀢
symbol	ja	まーじゃんぱい	🀢
symbol	ja	うめ	🀢
symbol	ja	まーじゃん	🀣
symbol	ja	まーじゃんぱい	🀣
symbol	ja	らん	🀣
symbol	ja	まーじゃん	🀤
symbol	ja	まーじゃんぱい	🀤
symbol	ja	たけ	🀤
symbol	ja	まーじゃん	🀥
symbol	ja	まーじゃんぱい	🀥
symbol	ja	きく	🀥
symbol	ja	まーじゃん	🀦
symbol	ja	まーじゃんぱい	🀦
symbol	ja	はる	🀦
symbol	ja	まーじゃん	🀧
symbol	ja	まーじゃんぱい	🀧
symbol	ja	なつ	🀧
symbol	ja	まーじゃん	🀨
symbol	ja	まーじゃんぱい	🀨
symbol	ja	あき	🀨
symbol	ja	まーじゃん	🀩
symbol	ja	まーじゃんぱい	🀩
symbol	ja	ふゆ	🀩
symbol	ja	まーじゃん	🀪
symbol	ja	まーじゃんぱい	🀪
symbol	ja	ぱいたー	🀪
symbol	ja	じょーかー	🀪
symbol	ja	まーじゃん	🀫
symbol	ja	まーじゃんぱい	🀫
symbol	ja	まーじゃんうら	🀫
symbol	ja	とらんぷ	🂠
symbol	ja	とらんぷうら	🂠
symbol	ja	とらんぷ	🂡
symbol	ja	すぺーどA	🂡
symbol	ja	すぺーど1	🂡
symbol	ja	すぺーどえーす	🂡
symbol	ja	とらんぷ	🂢
symbol	ja	すぺーど2	🂢
symbol	ja	とらんぷ	🂣
symbol	ja	すぺーど3	🂣
symbol	ja	とらんぷ	🂤
symbol	ja	すぺーど4	🂤
symbol	ja	とらんぷ	🂥
symbol	ja	すぺーど5	🂥
symbol	ja	とらんぷ	🂦
symbol	ja	すぺーど6	🂦
symbol	ja	とらんぷ	🂧
symbol	ja	すぺーど7	🂧
symbol	ja	とらんぷ	🂨
symbol	ja	すぺーど8	🂨
symbol	ja	とらんぷ	🂩
symbol	ja	すぺーど9	🂩
symbol	ja	とらんぷ	🂪
symbol	ja	すぺーど10	🂪
symbol	ja	とらんぷ	🂫
symbol	ja	すぺーどJ	🂫
symbol	ja	すぺーど11	🂫
symbol	ja	すぺーどじゃっく	🂫
symbol	ja	すぺーどC	🂬
symbol	ja	すぺーどないと	🂬
symbol	ja	かばろ	🂬
symbol	ja	すぺーどかばろ	🂬
symbol	ja	とらんぷ	🂭
symbol	ja	すぺーどQ	🂭
symbol	ja	すぺーど12	🂭
symbol	ja	すぺーどくいーん	🂭
symbol	ja	とらんぷ	🂮
symbol	ja	すぺーどK	🂮
symbol	ja	すぺーど13	🂮
symbol	ja	すぺーどきんぐ	🂮
symbol	ja	とらんぷ	🂱
symbol	ja	はーとA	🂱
symbol	ja	はーと1	🂱
symbol	ja	はーとえーす	🂱
symbol	ja	とらんぷ	🂲
symbol	ja	はーと2	🂲
symbol	ja	とらんぷ	🂳
symbol	ja	はーと3	🂳
symbol	ja	とらんぷ	🂴
symbol	ja	はーと4	🂴
symbol	ja	とらんぷ	🂵
symbol	ja	はーと5	🂵
symbol	ja	とらんぷ	🂶
symbol	ja	はーと6	🂶
symbol	ja	とらんぷ	🂷
symbol	ja	はーと7	🂷
symbol	ja	とらんぷ	🂸
symbol	ja	はーと8	🂸
symbol	ja	とらんぷ	🂹
symbol	ja	はーと9	🂹
symbol	ja	とらんぷ	🂺
symbol	ja	はーと10	🂺
symbol	ja	とらんぷ	🂻
symbol	ja	はーとJ	🂻
symbol	ja	はーと11	🂻
symbol	ja	はーとじゃっく	🂻
symbol	ja	はーとC	🂼
symbol	ja	はーとないと	🂼
symbol	ja	かばろ	🂼
symbol	ja	はーとかばろ	🂼
symbol	ja	とらんぷ	🂽
symbol	ja	はーとQ	🂽
symbol	ja	はーと12	🂽
symbol	ja	はーとくいーん	🂽
symbol	ja	とらんぷ	🂾
symbol	ja	はーとK	🂾
symbol	ja	はーと13	🂾
symbol	ja	はーときんぐ	🂾
symbol	ja	とらんぷ	🃁
symbol	ja	だいやA	🃁
symbol	ja	だいや1	🃁
symbol	ja	だいやえーす	🃁
symbol	ja	とらんぷ	🃂
symbol	ja	だいや2	🃂
symbol	ja	とらんぷ	🃃
symbol	ja	だいや3	🃃
symbol	ja	とらんぷ	🃄
symbol	ja	だいや4	🃄
symbol	ja	とらんぷ	🃅
symbol	ja	だいや5	🃅
symbol	ja	とらんぷ	🃆
symbol	ja	だいや6	🃆
symbol	ja	とらんぷ	🃇
symbol	ja	だいや7	🃇
symbol	ja	とらんぷ	🃈
symbol	ja	だいや8	🃈
symbol	ja	とらんぷ	🃉
symbol	ja	だいや9	🃉
symbol	ja	とらんぷ	🃊
symbol	ja	だいや10	🃊
symbol	ja	とらんぷ	🃋
symbol	ja	だいやJ	🃋
symbol	ja	だいや11	🃋
symbol	ja	だいやじゃっく	🃋
symbol	ja	だいやC	🃌
symbol	ja	だいやないと	🃌
symbol	ja	かばろ	🃌
symbol	ja	はーとかばろ	🃌
symbol	ja	とらんぷ	🃍
symbol	ja	だいやQ	🃍
symbol	ja	だいや12	🃍
symbol	ja	だいやくいーん	🃍
symbol	ja	とらんぷ	🃎
symbol	ja	だいやK	🃎
symbol	ja	だいや13	🃎
symbol	ja	だいやきんぐ	🃎
symbol	ja	とらんぷ	🃑
symbol	ja	くらぶA	🃑
symbol	ja	くらぶ1	🃑
symbol	ja	くらぶえーす	🃑
symbol	ja	とらんぷ	🃒
symbol	ja	くらぶ2	🃒
symbol	ja	とらんぷ	🃓
symbol	ja	くらぶ3	🃓
symbol	ja	とらんぷ	🃔
symbol	ja	くらぶ4	🃔
symbol	ja	とらんぷ	🃕
symbol	ja	くらぶ5	🃕
symbol	ja	とらんぷ	🃖
symbol	ja	くらぶ6	🃖
symbol	ja	とらんぷ	🃗
symbol	ja	くらぶ7	🃗
symbol	ja	とらんぷ	🃘
symbol	ja	くらぶ8	🃘
symbol	ja	とらんぷ	🃙
symbol	ja	くらぶ9	🃙
symbol	ja	とらんぷ	🃚
symbol	ja	くらぶ10	🃚
symbol	ja	とらんぷ	🃛
symbol	ja	くらぶJ	🃛
symbol	ja	くらぶ11	🃛
symbol	ja	くらぶじゃっく	🃛
symbol	ja	くらぶC	🃜
symbol	ja	くらぶないと	🃜
symbol	ja	かばろ	🃜
symbol	ja	くらぶかばろ	🃜
symbol	ja	とらんぷ	🃝
symbol	ja	くらぶQ	🃝
symbol	ja	くらぶ12	🃝
symbol	ja	くらぶくいーん	🃝
symbol	ja	とらんぷ	🃞
symbol	ja	くらぶK	🃞
symbol	ja	くらぶ13	🃞
symbol	ja	くらぶきんぐ	🃞
symbol	ja	きごう	Ⅰ
symbol	ja	ろーま	Ⅰ
symbol	ja	きごう	Ⅱ
symbol	ja	ろーま	Ⅱ
symbol	ja	きごう	Ⅲ
symbol	ja	ろーま	Ⅲ
symbol	ja	きごう	Ⅳ
symbol	ja	ろーま	Ⅳ
symbol	ja	きごう	Ⅴ
symbol	ja	ろーま	Ⅴ
symbol	ja	きごう	Ⅵ
symbol	ja	ろーま	Ⅵ
symbol	ja	きごう	Ⅶ
symbol	ja	ろーま	Ⅶ
symbol	ja	きごう	Ⅷ
symbol	ja	ろーま	Ⅷ
symbol	ja	きごう	Ⅸ
symbol	ja	ろーま	Ⅸ
symbol	ja	きごう	Ⅹ
symbol	ja	ろーま	Ⅹ
symbol	ja	きごう	ⅰ
symbol	ja	ろーま	ⅰ
symbol	ja	きごう	ⅱ
symbol	ja	ろーま	ⅱ
symbol	ja	きごう	ⅲ
symbol	ja	ろーま	ⅲ
symbol	ja	きごう	ⅳ
symbol	ja	ろーま	ⅳ
symbol	ja	きごう	ⅴ
symbol	ja	ろーま	ⅴ
symbol	ja	きごう	ⅵ
symbol	ja	ろーま	ⅵ
symbol	ja	きごう	ⅶ
symbol	ja	ろーま	ⅶ
symbol	ja	きごう	ⅷ
symbol	ja	ろーま	ⅷ
symbol	ja	きごう	ⅸ
symbol	ja	ろーま	ⅸ
symbol	ja	きごう	ⅹ
symbol	ja	ろーま	ⅹ
symbol	ja	すうがく	∑
symbol	ja	しぐま	∑
symbol	ja	そうわ	∑
symbol	ja	けいさん	∑
symbol	ja	すうがく	∟
symbol	ja	ちょっかく	∟
symbol	ja	すうがく	∮
symbol	ja	いんてぐらる	∮
symbol	ja	せきぶん	∮
symbol	ja	へいろせきぶん	∮
symbol	ja	けいさん	∮
symbol	ja	ふぁい	∮
symbol	ja	けいろせきぶん	∮
symbol	ja	しゅうかいせきぶん	∮
symbol	ja	あれふ	ℵ
symbol	ja	きごう	⓪
symbol	ja	まる0	⓪
symbol	ja	まるぜろ	⓪
symbol	ja	まるれい	⓪
symbol	ja	きごう	①
symbol	ja	まる1	①
symbol	ja	まるいち	①
symbol	ja	きごう	②
symbol	ja	まる2	②
symbol	ja	まるに	②
symbol	ja	きごう	③
symbol	ja	まる3	③
symbol	ja	まるさん	③
symbol	ja	きごう	④
symbol	ja	まる4	④
symbol	ja	まるよん	④
symbol	ja	まるし	④
symbol	ja	きごう	⑤
symbol	ja	まる5	⑤
symbol	ja	まるご	⑤
symbol	ja	きごう	⑥
symbol	ja	まる6	⑥
symbol	ja	まるろく	⑥
symbol	ja	きごう	⑦
symbol	ja	まる7	⑦
symbol	ja	まるなな	⑦
symbol	ja	まるしち	⑦
symbol	ja	きごう	⑧
symbol	ja	まる8	⑧
symbol	ja	まるはち	⑧
symbol	ja	きごう	⑨
symbol	ja	まる9	⑨
symbol	ja	まるきゅう	⑨
symbol	ja	まるく	⑨
symbol	ja	きごう	⑩
symbol	ja	まる10	⑩
symbol	ja	まるじゅう	⑩
symbol	ja	きごう	⑪
symbol	ja	まる11	⑪
symbol	ja	まるじゅういち	⑪
symbol	ja	きごう	⑫
symbol	ja	まる12	⑫
symbol	ja	まるじゅうに	⑫
symbol	ja	きごう	⑬
symbol	ja	まる13	⑬
symbol	ja	まるじゅうさん	⑬
symbol	ja	きごう	⑭
symbol	ja	まる14	⑭
symbol	ja	まるじゅうし	⑭
symbol	ja	まるじゅうよん	⑭
symbol	ja	きごう	⑮
symbol	ja	まる15	⑮
symbol	ja	まるじゅうご	⑮
symbol	ja	きごう	⑯
symbol	ja	まる16	⑯
symbol	ja	まるじゅうろく	⑯
symbol	ja	きごう	⑰
symbol	ja	まる17	⑰
symbol	ja	まるじゅうなな	⑰
symbol	ja	まるじゅうしち	⑰
symbol	ja	きごう	⑱
symbol	ja	まる18	⑱
symbol	ja	まるじゅうはち	⑱
symbol	ja	きごう	⑲
symbol	ja	まる19	⑲
symbol	ja	まるじゅうきゅう	⑲
symbol	ja	まるじゅうく	⑲
symbol	ja	きごう	⑳
symbol	ja	まる20	⑳
symbol	ja	まるにじゅう	⑳
symbol	ja	きごう	㉑
symbol	ja	まる21	㉑
symbol	ja	まるにじゅういち	㉑
symbol	ja	きごう	㉒
symbol	ja	まる22	㉒
symbol	ja	まるにじゅうに	㉒
symbol	ja	きごう	㉓
symbol	ja	まる23	㉓
symbol	ja	まるにじゅうさん	㉓
symbol	ja	きごう	㉔
symbol	ja	まる24	㉔
symbol	ja	まるにじゅうよん	㉔
symbol	ja	まるにじゅうし	㉔
symbol	ja	きごう	㉕
symbol	ja	まる25	㉕
symbol	ja	まるにじゅうご	㉕
symbol	ja	きごう	㉖
symbol	ja	まる26	㉖
symbol	ja	まるにじゅうろく	㉖
symbol	ja	きごう	㉗
symbol	ja	まる27	㉗
symbol	ja	まるにじゅうなな	㉗
symbol	ja	まるにじゅうしち	㉗
symbol	ja	きごう	㉘
symbol	ja	まる28	㉘
symbol	ja	まるにじゅうはち	㉘
symbol	ja	きごう	㉙
symbol	ja	まる29	㉙
symbol	ja	まるにじゅうきゅう	㉙
symbol	ja	まるにじゅうく	㉙
symbol	ja	きごう	㉚
symbol	ja	まる30	㉚
symbol	ja	まるさんじゅう	㉚
symbol	ja	きごう	㉛
symbol	ja	まる31	㉛
symbol	ja	まるさんじゅういち	㉛
symbol	ja	きごう	㉜
symbol	ja	まる32	㉜
symbol	ja	まるさんじゅうに	㉜
symbol	ja	きごう	㉝
symbol	ja	まる33	㉝
symbol	ja	まるさんじゅうさん	㉝
symbol	ja	きごう	㉞
symbol	ja	まる34	㉞
symbol	ja	まるさんじゅうし	㉞
symbol	ja	まるさんじゅうよん	㉞
symbol	ja	きごう	㉟
symbol	ja	まる35	㉟
symbol	ja	まるさんじゅうご	㉟
symbol	ja	きごう	㊱
symbol	ja	まる36	㊱
symbol	ja	まるさんじゅうろく	㊱
symbol	ja	きごう	㊲
symbol	ja	まる37	㊲
symbol	ja	まるさんじゅうなな	㊲
symbol	ja	まるさんじゅうしち	㊲
symbol	ja	きごう	㊳
symbol	ja	まる38	㊳
symbol	ja	まるさんじゅうはち	㊳
symbol	ja	きごう	㊴
symbol	ja	まる39	㊴
symbol	ja	まるさんじゅうきゅう	㊴
symbol	ja	まるさんじゅうく	㊴
symbol	ja	きごう	㊵
symbol	ja	まる40	㊵
symbol	ja	まるよんじゅう	㊵
symbol	ja	きごう	㊶
symbol	ja	まる41	㊶
symbol	ja	まるよんじゅういち	㊶
symbol	ja	きごう	㊷
symbol	ja	まる42	㊷
symbol	ja	まるよんじゅうに	㊷
symbol	ja	きごう	㊸
symbol	ja	まる43	㊸
symbol	ja	まるよんじゅうさん	㊸
symbol	ja	きごう	㊹
symbol	ja	まる44	㊹
symbol	ja	まるよんじゅうし	㊹
symbol	ja	まるよんじゅうよん	㊹
symbol	ja	きごう	㊺
symbol	ja	まる45	㊺
symbol	ja	まるよんじゅうご	㊺
symbol	ja	きごう	㊻
symbol	ja	まる46	㊻
symbol	ja	まるよんじゅうろく	㊻
symbol	ja	きごう	㊼
symbol	ja	まる47	㊼
symbol	ja	まるよんじゅうなな	㊼
symbol	ja	まるよんじゅうしち	㊼
symbol	ja	きごう	㊽
symbol	ja	まる48	㊽
symbol	ja	まるよんじゅうはち	㊽
symbol	ja	きごう	㊾
symbol	ja	まる49	㊾
symbol	ja	まるよんじゅうきゅう	㊾
symbol	ja	まるよんじゅうく	㊾
symbol	ja	きごう	㊿
symbol	ja	まる50	㊿
symbol	ja	まるごじゅう	㊿
symbol	ja	かっこ1	㈠
symbol	ja	かっこいち	㈠
symbol	ja	かっこ2	㈡
symbol	ja	かっこに	㈡
symbol	ja	かっこ3	㈢
symbol	ja	かっこさん	㈢
symbol	ja	かっこ4	㈣
symbol	ja	かっこよん	㈣
symbol	ja	かっこ5	㈤
symbol	ja	かっこご	㈤
symbol	ja	かっこ6	㈥
symbol	ja	かっころく	㈥
symbol	ja	かっこ7	㈦
symbol	ja	かっこなな	㈦
symbol	ja	かっこしち	㈦
symbol	ja	かっこ8	㈧
symbol	ja	かっこはち	㈧
symbol	ja	かっこ9	㈨
symbol	ja	かっこきゅう	㈨
symbol	ja	かっこ10	㈩
symbol	ja	かっこじゅう	㈩
symbol	ja	かぶ	㈱
symbol	ja	かぶしきがいしゃ	㈱
symbol	ja	かぶしき	㈱
symbol	ja	ゆう	㈲
symbol	ja	ゆうげんがいしゃ	㈲
symbol	ja	ゆうげん	㈲
symbol	ja	だい	㈹
symbol	ja	だいひょう	㈹
symbol	ja	ちょさくけん	©
symbol	ja	こぴーらいと	©
symbol	ja	C	©
symbol	ja	まるしー	©
symbol	ja	(c)	©
symbol	ja	(C)	©
symbol	ja	まるc	©
symbol	ja	まるC	©
symbol	ja	とうろくしょうひょう	®
symbol	ja	とれーどまーく	®
symbol	ja	R	®
symbol	ja	まるあーる	®
symbol	ja	(r)	®
symbol	ja	(R)	®
symbol	ja	まるr	®
symbol	ja	まるR	®
symbol	ja	しょうひょう	™
symbol	ja	とれーどまーく	™
symbol	ja	TM	™
symbol	ja	うえ	㊤
symbol	ja	じょう	㊤
symbol	ja	なか	㊥
symbol	ja	ちゅう	㊥
symbol	ja	した	㊦
symbol	ja	げ	㊦
symbol	ja	ひだり	㊧
symbol	ja	みぎ	㊨
symbol	ja	れいわ	㋿
symbol	ja	ねんごう	㋿
symbol	ja	へいせい	㍻
symbol	ja	ねんごう	㍻
symbol	ja	しょうわ	㍼
symbol	ja	ねんごう	㍼
symbol	ja	たいしょう	㍽
symbol	ja	ねんごう	㍽
symbol	ja	めいじ	㍾
symbol	ja	ねんごう	㍾
symbol	ja	みりぐらむ	㎎
symbol	ja	たんい	㎎
symbol	ja	mg	㎎
symbol	ja	MG	㎎
symbol	ja	きろぐらむ	㎏
symbol	ja	たんい	㎏
symbol	ja	kg	㎏
symbol	ja	KG	㎏
symbol	ja	みりめーとる	㎜
symbol	ja	たんい	㎜
symbol	ja	mm	㎜
symbol	ja	MM	㎜
symbol	ja	せんちめーとる	㎝
symbol	ja	たんい	㎝
symbol	ja	cm	㎝
symbol	ja	CM	㎝
symbol	ja	きろめーとる	㎞
symbol	ja	たんい	㎞
symbol	ja	km	㎞
symbol	ja	KM	㎞
symbol	ja	へいほうめーとる	㎡
symbol	ja	たんい	㎡
symbol	ja	へいべい	㎡
symbol	ja	mm	㎡
symbol	ja	MM	㎡
symbol	ja	りっぽうめーとる	㎥
symbol	ja	たんい	㎥
symbol	ja	りゅうべい	㎥
symbol	ja	りゅーべー	㎥
symbol	ja	りゅーべ	㎥
symbol	ja	しーしー	㏄
symbol	ja	たんい	㏄
symbol	ja	cc	㏄
symbol	ja	かぶしきがいしゃ	㏍
symbol	ja	kk	㏍
symbol	ja	さん	＂
symbol	ja	せん	＂
symbol	ja	’	＇
symbol	ja	たて	￤
symbol	ja	たてぼう	￤
symbol	ja	|	￤
symbol	ja	い	ゐ
symbol	ja	うぃ	ゐ
symbol	ja	え	ゑ
symbol	ja	うぇ	ゑ
symbol	ja	い	ヰ
symbol	ja	うぃ	ヰ
symbol	ja	え	ヱ
symbol	ja	うぇ	ヱ
symbol	ja	あ	ぁ
symbol	ja	すてがな	ぁ
symbol	ja	こがきもじ	ぁ
symbol	ja	い	ぃ
symbol	ja	すてがな	ぃ
symbol	ja	こがきもじ	ぃ
symbol	ja	う	ぅ
symbol	ja	すてがな	ぅ
symbol	ja	こがきもじ	ぅ
symbol	ja	え	ぇ
symbol	ja	すてがな	ぇ
symbol	ja	こがきもじ	ぇ
symbol	ja	お	ぉ
symbol	ja	すてがな	ぉ
symbol	ja	こがきもじ	ぉ
symbol	ja	つ	っ
symbol	ja	すてがな	っ
symbol	ja	こがきもじ	っ
symbol	ja	や	ゃ
symbol	ja	すてがな	ゃ
symbol	ja	こがきもじ	ゃ
symbol	ja	ゆ	ゅ
symbol	ja	すてがな	ゅ
symbol	ja	こがきもじ	ゅ
symbol	ja	よ	ょ
symbol	ja	すてがな	ょ
symbol	ja	こがきもじ	ょ
symbol	ja	わ	ゎ
symbol	ja	すてがな	ゎ
symbol	ja	こがきもじ	ゎ
symbol	ja	より	ゟ
symbol	ja	ごうじ	ゟ
symbol	ja	あ	ァ
symbol	ja	すてがな	ァ
symbol	ja	こがきもじ	ァ
symbol	ja	い	ィ
symbol	ja	すてがな	ィ
symbol	ja	こがきもじ	ィ
symbol	ja	う	ゥ
symbol	ja	すてがな	ゥ
symbol	ja	こがきもじ	ゥ
symbol	ja	え	ェ
symbol	ja	すてがな	ェ
symbol	ja	こがきもじ	ェ
symbol	ja	お	ォ
symbol	ja	すてがな	ォ
symbol	ja	こがきもじ	ォ
symbol	ja	か	ヵ
symbol	ja	すてがな	ヵ
symbol	ja	こがきもじ	ヵ
symbol	ja	け	ヶ
symbol	ja	すてがな	ヶ
symbol	ja	こがきもじ	ヶ
symbol	ja	つ	ッ
symbol	ja	すてがな	ッ
symbol	ja	こがきもじ	ッ
symbol	ja	や	ャ
symbol	ja	すてがな	ャ
symbol	ja	こがきもじ	ャ
symbol	ja	ゆ	ュ
symbol	ja	すてがな	ュ
symbol	ja	こがきもじ	ュ
symbol	ja	よ	ョ
symbol	ja	すてがな	ョ
symbol	ja	こがきもじ	ョ
symbol	ja	わ	ヮ
symbol	ja	すてがな	ヮ
symbol	ja	こがきもじ	ヮ
symbol	ja	えー	Ａ
symbol	ja	えい	Ａ
symbol	ja	びー	Ｂ
symbol	ja	びぃ	Ｂ
symbol	ja	びい	Ｂ
symbol	ja	しー	Ｃ
symbol	ja	でぃー	Ｄ
symbol	ja	でー	Ｄ
symbol	ja	いー	Ｅ
symbol	ja	えふ	Ｆ
symbol	ja	じー	Ｇ
symbol	ja	えいち	Ｈ
symbol	ja	えっち	Ｈ
symbol	ja	あい	Ｉ
symbol	ja	じぇい	Ｊ
symbol	ja	じぇー	Ｊ
symbol	ja	けい	Ｋ
symbol	ja	けー	Ｋ
symbol	ja	える	Ｌ
symbol	ja	えむ	Ｍ
symbol	ja	えぬ	Ｎ
symbol	ja	おー	Ｏ
symbol	ja	ぴー	Ｐ
symbol	ja	きゅー	Ｑ
symbol	ja	きゅう	Ｑ
symbol	ja	あーる	Ｒ
symbol	ja	えす	Ｓ
symbol	ja	てぃ	Ｔ
symbol	ja	てぃー	Ｔ
symbol	ja	てー	Ｔ
symbol	ja	ゆー	Ｕ
symbol	ja	ゔぃ	Ｖ
symbol	ja	ぶい	Ｖ
symbol	ja	ぶぃ	Ｖ
symbol	ja	だぶりゅー	Ｗ
symbol	ja	だぶる	Ｗ
symbol	ja	だぶるー	Ｗ
symbol	ja	えっくす	Ｘ
symbol	ja	わい	Ｙ
symbol	ja	ぜっと	Ｚ
symbol	ja	えー	ａ
symbol	ja	えい	ａ
symbol	ja	びー	ｂ
symbol	ja	びぃ	ｂ
symbol	ja	びい	ｂ
symbol	ja	しー	ｃ
symbol	ja	でぃー	ｄ
symbol	ja	でー	ｄ
symbol	ja	いー	ｅ
symbol	ja	えふ	ｆ
symbol	ja	じー	ｇ
symbol	ja	えいち	ｈ
symbol	ja	えっち	ｈ
symbol	ja	あい	ｉ
symbol	ja	じぇい	ｊ
symbol	ja	じぇー	ｊ
symbol	ja	けい	ｋ
symbol	ja	けー	ｋ
symbol	ja	える	ｌ
symbol	ja	えむ	ｍ
symbol	ja	えぬ	ｎ
symbol	ja	おー	ｏ
symbol	ja	ぴー	ｐ
symbol	ja	きゅー	ｑ
symbol	ja	きゅう	ｑ
symbol	ja	あーる	ｒ
symbol	ja	えす	ｓ
symbol	ja	てぃ	ｔ
symbol	ja	てぃー	ｔ
symbol	ja	てー	ｔ
symbol	ja	ゆー	ｕ
symbol	ja	ゔぃ	ｖ
symbol	ja	ぶい	ｖ
symbol	ja	ぶぃ	ｖ
symbol	ja	だぶりゅー	ｗ
symbol	ja	だぶる	ｗ
symbol	ja	だぶるー	ｗ
symbol	ja	えっくす	ｘ
symbol	ja	わい	ｙ
symbol	ja	ぜっと	ｚ
symbol	ja	てんき	☀
symbol	ja	はれ	☀
symbol	ja	たいよう	☀
symbol	ja	てんき	☼
symbol	ja	はれ	☼
symbol	ja	たいよう	☼
symbol	ja	てんき	☁
symbol	ja	くもり	☁
symbol	ja	くも	☁
symbol	ja	てんき	☂
symbol	ja	あめ	☂
symbol	ja	かさ	☂
symbol	ja	てんき	☔
symbol	ja	あめ	☔
symbol	ja	かさ	☔
symbol	ja	てんき	☃
symbol	ja	ゆき	☃
symbol	ja	ゆきだるま	☃
symbol	ja	ながれぼし	☄
symbol	ja	こめっと	☄
symbol	ja	かみなり	☇
symbol	ja	らいう	☈
symbol	ja	みかづき	☽
symbol	ja	みかづき	☾
symbol	ja	くろーばー	☘
symbol	ja	こーひー	☕
symbol	ja	こうちゃ	☕
symbol	ja	てぃーかっぷ	☕
symbol	ja	ちぇす	♔
symbol	ja	きんぐ	♔
symbol	ja	ちぇす	♕
symbol	ja	くいーん	♕
symbol	ja	くぃーん	♕
symbol	ja	ちぇす	♖
symbol	ja	るーく	♖
symbol	ja	ちぇす	♗
symbol	ja	びしょっぷ	♗
symbol	ja	ちぇす	♘
symbol	ja	ないと	♘
symbol	ja	ちぇす	♙
symbol	ja	ぽーん	♙
symbol	ja	ちぇす	♚
symbol	ja	きんぐ	♚
symbol	ja	ちぇす	♛
symbol	ja	くいーん	♛
symbol	ja	くぃーん	♛
symbol	ja	ちぇす	♜
symbol	ja	るーく	♜
symbol	ja	ちぇす	♝
symbol	ja	びしょっぷ	♝
symbol	ja	ちぇす	♞
symbol	ja	ないと	♞
symbol	ja	ちぇす	♟
symbol	ja	ぽーん	♟
symbol	ja	こまんど	⌘
symbol	ja	こまんどきー	⌘
symbol	ja	おぷしょん	⌥
symbol	ja	おぷしょんきー	⌥
symbol	ja	ばっくすぺーす	⌫
symbol	ja	ばっくすぺーすきー	⌫
symbol	ja	うでどけい	⌚
symbol	ja	とけい	⌚
symbol	ja	a	Á
symbol	ja	A	Á
symbol	ja	あきゅーと	Á
symbol	ja	e	É
symbol	ja	E	É
symbol	ja	あきゅーと	É
symbol	ja	i	Í
symbol	ja	I	Í
symbol	ja	あきゅーと	Í
symbol	ja	o	Ó
symbol	ja	O	Ó
symbol	ja	あきゅーと	Ó
symbol	ja	u	Ú
symbol	ja	U	Ú
symbol	ja	あきゅーと	Ú
symbol	ja	a	á
symbol	ja	A	á
symbol	ja	あきゅーと	á
symbol	ja	e	é
symbol	ja	E	é
symbol	ja	あきゅーと	é
symbol	ja	i	í
symbol	ja	I	í
symbol	ja	あきゅーと	í
symbol	ja	o	ó
symbol	ja	O	ó
symbol	ja	あきゅーと	ó
symbol	ja	u	ú
symbol	ja	U	ú
symbol	ja	あきゅーと	ú
symbol	ja	a	Ä
symbol	ja	A	Ä
symbol	ja	うむらうと	Ä
symbol	ja	とれま	Ä
symbol	ja	o	Ö
symbol	ja	O	Ö
symbol	ja	うむらうと	Ö
symbol	ja	とれま	Ö
symbol	ja	u	Ü
symbol	ja	U	Ü
symbol	ja	うむらうと	Ü
symbol	ja	とれま	Ü
symbol	ja	a	ä
symbol	ja	A	ä
symbol	ja	うむらうと	ä
symbol	ja	とれま	ä
symbol	ja	o	ö
symbol	ja	O	ö
symbol	ja	うむらうと	ö
symbol	ja	とれま	ö
symbol	ja	u	ü
symbol	ja	U	ü
symbol	ja	うむらうと	ü
symbol	ja	とれま	ü
symbol	ja	a	À
symbol	ja	A	À
symbol	ja	ぐらーぶ	À
symbol	ja	e	È
symbol	ja	E	È
symbol	ja	ぐらーぶ	È
symbol	ja	i	Ì
symbol	ja	I	Ì
symbol	ja	ぐらーぶ	Ì
symbol	ja	o	Ò
symbol	ja	O	Ò
symbol	ja	ぐらーぶ	Ò
symbol	ja	u	Ù
symbol	ja	U	Ù
symbol	ja	ぐらーぶ	Ù
symbol	ja	a	à
symbol	ja	A	à
symbol	ja	ぐらーぶ	à
symbol	ja	e	è
symbol	ja	E	è
symbol	ja	ぐらーぶ	è
symbol	ja	i	ì
symbol	ja	I	ì
symbol	ja	ぐらーぶ	ì
symbol	ja	o	ò
symbol	ja	O	ò
symbol	ja	ぐらーぶ	ò
symbol	ja	u	ù
symbol	ja	U	ù
symbol	ja	ぐらーぶ	ù
symbol	ja	a	Â
symbol	ja	A	Â
symbol	ja	さーかむふれっくす	Â
symbol	ja	はっと	Â
symbol	ja	e	Ê
symbol	ja	E	Ê
symbol	ja	さーかむふれっくす	Ê
symbol	ja	はっと	Ê
symbol	ja	i	Î
symbol	ja	I	Î
symbol	ja	さーかむふれっくす	Î
symbol	ja	はっと	Î
symbol	ja	o	Ô
symbol	ja	O	Ô
symbol	ja	さーかむふれっくす	Ô
symbol	ja	はっと	Ô
symbol	ja	u	Û
symbol	ja	U	Û
symbol	ja	さーかむふれっくす	Û
symbol	ja	はっと	Û
symbol	ja	a	â
symbol	ja	A	â
symbol	ja	さーかむふれっくす	â
symbol	ja	はっと	â
symbol	ja	e	ê
symbol	ja	E	ê
symbol	ja	さーかむふれっくす	ê
symbol	ja	はっと	ê
symbol	ja	i	î
symbol	ja	I	î
symbol	ja	さーかむふれっくす	î
symbol	ja	はっと	î
symbol	ja	o	ô
symbol	ja	O	ô
symbol	ja	さーかむふれっくす	ô
symbol	ja	はっと	ô
symbol	ja	u	û
symbol	ja	U	û
symbol	ja	さーかむふれっくす	û
symbol	ja	はっと	û
symbol	ja	o	Ø
symbol	ja	O	Ø
symbol	ja	すらっしゅ	Ø
symbol	ja	o	ø
symbol	ja	O	ø
symbol	ja	すらっしゅ	ø
symbol	ja	c	Ç
symbol	ja	C	Ç
symbol	ja	せでぃーゆ	Ç
symbol	ja	c	ç
symbol	ja	C	ç
symbol	ja	せでぃーゆ	ç
symbol	ja	o	Ő
symbol	ja	O	Ő
symbol	ja	だぶるあきゅーと	Ő
symbol	ja	u	Ű
symbol	ja	U	Ű
symbol	ja	だぶるあきゅーと	Ű
symbol	ja	o	ő
symbol	ja	O	ő
symbol	ja	だぶるあきゅーと	ő
symbol	ja	u	ű
symbol	ja	U	ű
symbol	ja	だぶるあきゅーと	ű
symbol	ja	a	Ã
symbol	ja	A	Ã
symbol	ja	ちるだ	Ã
symbol	ja	n	Ñ
symbol	ja	N	Ñ
symbol	ja	ちるだ	Ñ
symbol	ja	o	Õ
symbol	ja	O	Õ
symbol	ja	ちるだ	Õ
symbol	ja	a	ã
symbol	ja	A	ã
symbol	ja	ちるだ	ã
symbol	ja	n	ñ
symbol	ja	N	ñ
symbol	ja	ちるだ	ñ
symbol	ja	o	õ
symbol	ja	O	õ
symbol	ja	ちるだ	õ
symbol	ja	e	Ë
symbol	ja	E	Ë
symbol	ja	うむらうと	Ë
symbol	ja	とれま	Ë
symbol	ja	i	Ï
symbol	ja	I	Ï
symbol	ja	うむらうと	Ï
symbol	ja	とれま	Ï
symbol	ja	e	ë
symbol	ja	E	ë
symbol	ja	うむらうと	ë
symbol	ja	とれま	ë
symbol	ja	i	ï
symbol	ja	I	ï
symbol	ja	うむらうと	ï
symbol	ja	とれま	ï
symbol	ja	y	ÿ
symbol	ja	Y	ÿ
symbol	ja	うむらうと	ÿ
symbol	ja	とれま	ÿ
symbol	ja	o	Ơ
symbol	ja	O	Ơ
symbol	ja	ほーん	Ơ
symbol	ja	u	Ư
symbol	ja	U	Ư
symbol	ja	ほーん	Ư
symbol	ja	o	Ớ
symbol	ja	O	Ớ
symbol	ja	ほーん	Ớ
symbol	ja	o	Ờ
symbol	ja	O	Ờ
symbol	ja	ほーん	Ờ
symbol	ja	o	Ở
symbol	ja	O	Ở
symbol	ja	ほーん	Ở
symbol	ja	o	Ỡ
symbol	ja	O	Ỡ
symbol	ja	ほーん	Ỡ
symbol	ja	o	Ợ
symbol	ja	O	Ợ
symbol	ja	ほーん	Ợ
symbol	ja	u	Ứ
symbol	ja	U	Ứ
symbol	ja	ほーん	Ứ
symbol	ja	u	Ừ
symbol	ja	U	Ừ
symbol	ja	ほーん	Ừ
symbol	ja	u	Ử
symbol	ja	U	Ử
symbol	ja	ほーん	Ử
symbol	ja	u	Ữ
symbol	ja	U	Ữ
symbol	ja	ほーん	Ữ
symbol	ja	u	Ự
symbol	ja	U	Ự
symbol	ja	ほーん	Ự
symbol	ja	o	ơ
symbol	ja	O	ơ
symbol	ja	ほーん	ơ
symbol	ja	u	ư
symbol	ja	U	ư
symbol	ja	ほーん	ư
symbol	ja	o	ớ
symbol	ja	O	ớ
symbol	ja	ほーん	ớ
symbol	ja	o	ờ
symbol	ja	O	ờ
symbol	ja	ほーん	ờ
symbol	ja	o	ở
symbol	ja	O	ở
symbol	ja	ほーん	ở
symbol	ja	o	ỡ
symbol	ja	O	ỡ
symbol	ja	ほーん	ỡ
symbol	ja	o	ợ
symbol	ja	O	ợ
symbol	ja	ほーん	ợ
symbol	ja	u	ứ
symbol	ja	U	ứ
symbol	ja	ほーん	ứ
symbol	ja	u	ừ
symbol	ja	U	ừ
symbol	ja	ほーん	ừ
symbol	ja	u	ử
symbol	ja	U	ử
symbol	ja	ほーん	ử
symbol	ja	u	ữ
symbol	ja	U	ữ
symbol	ja	ほーん	ữ
symbol	ja	u	ự
symbol	ja	U	ự
symbol	ja	ほーん	ự
symbol	ja	a	Ā
symbol	ja	A	Ā
symbol	ja	まくろん	Ā
symbol	ja	a	Ǟ
symbol	ja	A	Ǟ
symbol	ja	まくろん	Ǟ
symbol	ja	a	Ǣ
symbol	ja	A	Ǣ
symbol	ja	ae	Ǣ
symbol	ja	AE	Ǣ
symbol	ja	まくろん	Ǣ
symbol	ja	e	Ē
symbol	ja	E	Ē
symbol	ja	まくろん	Ē
symbol	ja	g	Ḡ
symbol	ja	G	Ḡ
symbol	ja	まくろん	Ḡ
symbol	ja	i	Ī
symbol	ja	I	Ī
symbol	ja	まくろん	Ī
symbol	ja	o	Ō
symbol	ja	O	Ō
symbol	ja	まくろん	Ō
symbol	ja	o	Ȫ
symbol	ja	O	Ȫ
symbol	ja	まくろん	Ȫ
symbol	ja	u	Ū
symbol	ja	U	Ū
symbol	ja	まくろん	Ū
symbol	ja	u	Ǖ
symbol	ja	U	Ǖ
symbol	ja	まくろん	Ǖ
symbol	ja	y	Ȳ
symbol	ja	Y	Ȳ
symbol	ja	まくろん	Ȳ
symbol	ja	a	ā
symbol	ja	A	ā
symbol	ja	まくろん	ā
symbol	ja	a	ǟ
symbol	ja	A	ǟ
symbol	ja	まくろん	ǟ
symbol	ja	a	ǣ
symbol	ja	A	ǣ
symbol	ja	ae	ǣ
symbol	ja	AE	ǣ
symbol	ja	まくろん	ǣ
symbol	ja	e	ē
symbol	ja	E	ē
symbol	ja	まくろん	ē
symbol	ja	g	ḡ
symbol	ja	G	ḡ
symbol	ja	まくろん	ḡ
symbol	ja	i	ī
symbol	ja	I	ī
symbol	ja	まくろん	ī
symbol	ja	o	ō
symbol	ja	O	ō
symbol	ja	まくろん	ō
symbol	ja	o	ȫ
symbol	ja	O	ȫ
symbol	ja	まくろん	ȫ
symbol	ja	u	ū
symbol	ja	U	ū
symbol	ja	まくろん	ū
symbol	ja	u	ǖ
symbol	ja	U	ǖ
symbol	ja	まくろん	ǖ
symbol	ja	y	ȳ
symbol	ja	Y	ȳ
symbol	ja	まくろん	ȳ
symbol	ja	a	Å
symbol	ja	A	Å
symbol	ja	りんぐ	Å
symbol	ja	a	å
symbol	ja	A	å
symbol	ja	りんぐ	å
symbol	ja	a	Æ
symbol	ja	A	Æ
symbol	ja	ae	Æ
symbol	ja	AE	Æ
symbol	ja	にじゅうぼいん	Æ
symbol	ja	ごうじ	Æ
symbol	ja	あっしゅ	Æ
symbol	ja	a	æ
symbol	ja	A	æ
symbol	ja	ae	æ
symbol	ja	AE	æ
symbol	ja	にじゅうぼいん	æ
symbol	ja	ごうじ	æ
symbol	ja	あっしゅ	æ
symbol	ja	はつおんきごう	æ
symbol	ja	s	ß
symbol	ja	S	ß
symbol	ja	ss	ß
symbol	ja	SS	ß
symbol	ja	ごうじ	ß
symbol	ja	えすつぇっと	ß
symbol	ja	s	ẞ
symbol	ja	S	ẞ
symbol	ja	ss	ẞ
symbol	ja	SS	ẞ
symbol	ja	ごうじ	ẞ
symbol	ja	えすつぇっと	ẞ
symbol	ja	a	ɑ
symbol	ja	A	ɑ
symbol	ja	はつおんきごう	ɑ
symbol	ja	えー	ɑ
symbol	ja	えい	ɑ
symbol	ja	ぶろーどえー	ɑ
symbol	ja	ぶろーどえい	ɑ
symbol	ja	ぶろーどa	ɑ
symbol	ja	ぶろーどA	ɑ
symbol	ja	ぶろーどあ	ɑ
symbol	ja	a	ɒ
symbol	ja	A	ɒ
symbol	ja	はつおんきごう	ɒ
symbol	ja	はつおんきごう	ʌ
symbol	ja	いんばーてっどぶい	ʌ
symbol	ja	いんばーてぃっどぶい	ʌ
symbol	ja	いんゔぁーてぃっどゔぃー	ʌ
symbol	ja	いんゔぁーてっどゔぃー	ʌ
symbol	ja	うぇっじ	ʌ
symbol	ja	v	ʌ
symbol	ja	u	ʌ
symbol	ja	V	ʌ
symbol	ja	U	ʌ
symbol	ja	はつおんきごう	ə
symbol	ja	あいまいぼいん	ə
symbol	ja	しゅわー	ə
symbol	ja	しゅわ	ə
symbol	ja	e	ə
symbol	ja	E	ə
symbol	ja	はつおんきごう	ɚ
symbol	ja	あいまいぼいん	ɚ
symbol	ja	ふっくとしゅわー	ɚ
symbol	ja	ふっくとしゅわ	ɚ
symbol	ja	ふっくどしゅわー	ɚ
symbol	ja	ふっくどしゅわ	ɚ
symbol	ja	しゅわー	ɚ
symbol	ja	しゅわ	ɚ
symbol	ja	e	ɚ
symbol	ja	E	ɚ
symbol	ja	はつおんきごう	ɔ
symbol	ja	おーぷんおー	ɔ
symbol	ja	o	ɔ
symbol	ja	O	ɔ
symbol	ja	はつおんきごう	ɪ
symbol	ja	i	ɪ
symbol	ja	I	ɪ
symbol	ja	はつおんきごう	ʊ
symbol	ja	ゆぷしろん	ʊ
symbol	ja	u	ʊ
symbol	ja	U	ʊ
symbol	ja	はつおんきごう	ð
symbol	ja	えず	ð
symbol	ja	えす	ð
symbol	ja	はつおんきごう	ŋ
symbol	ja	えんぐ	ŋ
symbol	ja	えん	ŋ
symbol	ja	んg	ŋ
symbol	ja	ng	ŋ
symbol	ja	NG	ŋ
symbol	ja	はつおんきごう	ʃ
symbol	ja	えしゅ	ʃ
symbol	ja	sh	ʃ
symbol	ja	SH	ʃ
symbol	ja	はつおんきごう	ʒ
symbol	ja	えじゅ	ʒ
symbol	ja	えっじゅ	ʒ
symbol	ja	zh	ʒ
symbol	ja	ZH	ʒ
symbol	ja	はつおんきごう	ʧ
symbol	ja	tsh	ʧ
symbol	ja	TSH	ʧ
symbol	ja	はつおんきごう	ʤ
symbol	ja	dzh	ʤ
symbol	ja	DZH	ʤ
symbol	ja	はつおんきごう	ː
symbol	ja	ちょうぼいん	ː
symbol	ja	：	ː
symbol	ja	:	ː
symbol	ja	NUL	␀
symbol	ja	SOH	␁
symbol	ja	STX	␂
symbol	ja	ETX	␃
symbol	ja	EOT	␄
symbol	ja	ENQ	␅
symbol	ja	ACK	␆
symbol	ja	BEL	␇
symbol	ja	BS	␈
symbol	ja	HT	␉
symbol	ja	LF	␊
symbol	ja	VT	␋
symbol	ja	FF	␌
symbol	ja	CR	␍
symbol	ja	SO	␎
symbol	ja	SI	␏
symbol	ja	DLE	␐
symbol	ja	DC1	␑
symbol	ja	DC2	␒
symbol	ja	DC3	␓
symbol	ja	DC4	␔
symbol	ja	NAK	␕
symbol	ja	SYN	␖
symbol	ja	ETB	␗
symbol	ja	CAN	␘
symbol	ja	EM	␙
symbol	ja	SUB	␚
symbol	ja	ESC	␛
symbol	ja	FS	␜
symbol	ja	GS	␝
symbol	ja	RS	␞
symbol	ja	US	␟
symbol	ja	SP	␠
symbol	ja	DEL	␡
symbol	ja	NL	␤
symbol	ja	ww	ʬ
symbol	ja	ばいらびあるぱーかっしぶ	ʬ
symbol	ja	つうか	¤
symbol	ja	たんい	¤
symbol	ja	こくさいつうかきごう	¤
symbol	ja	つうか	₠
symbol	ja	たんい	₠
symbol	ja	おうしゅうつうかたんい	₠
symbol	ja	えきゅー　きゅうゆーろ　えきゅーきごう　きゅうゆーろきごう	₠
symbol	ja	つうか	₡
symbol	ja	たんい	₡
symbol	ja	ころん	₡
symbol	ja	ころんきごう	₡
symbol	ja	つうか	₢
symbol	ja	たんい	₢
symbol	ja	くるぜいろ	₢
symbol	ja	くるぜいろきごう	₢
symbol	ja	つうか	₣
symbol	ja	たんい	₣
symbol	ja	ふらん	₣
symbol	ja	ふらんきごう	₣
symbol	ja	つうか	₤
symbol	ja	たんい	₤
symbol	ja	りら	₤
symbol	ja	りらきごう	₤
symbol	ja	つうか	₥
symbol	ja	たんい	₥
symbol	ja	みるきごう	₥
symbol	ja	つうか	₦
symbol	ja	たんい	₦
symbol	ja	ないら	₦
symbol	ja	ないらきごう	₦
symbol	ja	つうか	₧
symbol	ja	たんい	₧
symbol	ja	ぺせた	₧
symbol	ja	ぺせたきごう	₧
symbol	ja	つうか	₨
symbol	ja	たんい	₨
symbol	ja	るぴー	₨
symbol	ja	るぴーきごう	₨
symbol	ja	つうか	₩
symbol	ja	たんい	₩
symbol	ja	うぉん	₩
symbol	ja	うぉんきごう	₩
symbol	ja	つうか	₪
symbol	ja	たんい	₪
symbol	ja	しんしぇける	₪
symbol	ja	しんしぇけるきごう	₪
symbol	ja	つうか	₫
symbol	ja	たんい	₫
symbol	ja	どん	₫
symbol	ja	どんきごう	₫
symbol	ja	つうか	₭
symbol	ja	たんい	₭
symbol	ja	きーぷ	₭
symbol	ja	きーぷきごう	₭
symbol	ja	つうか	₮
symbol	ja	たんい	₮
symbol	ja	どぐろぐ	₮
symbol	ja	とぅぐるぐ	₮
symbol	ja	とぅぐるく	₮
symbol	ja	とぅぐりく	₮
symbol	ja	どぐろぐきごう	₮
symbol	ja	とぅぐるぐきごう	₮
symbol	ja	とぅぐるくきごう	₮
symbol	ja	とぅぐりくきごう	₮
symbol	ja	つうか	₯
symbol	ja	たんい	₯
symbol	ja	どらくま	₯
symbol	ja	どらくまきごう	₯
symbol	ja	つうか	₰
symbol	ja	たんい	₰
symbol	ja	ぺにひ	₰
symbol	ja	ぺにひきごう	₰
symbol	ja	つうか	₱
symbol	ja	たんい	₱
symbol	ja	ぺそ	₱
symbol	ja	ぺそきごう	₱
symbol	ja	つうか	₲
symbol	ja	たんい	₲
symbol	ja	ぐあらにー	₲
symbol	ja	ぐあらにーきごう	₲
symbol	ja	つうか	₳
symbol	ja	たんい	₳
symbol	ja	あうすとらる	₳
symbol	ja	あうすとらるきごう	₳
symbol	ja	つうか	₴
symbol	ja	たんい	₴
symbol	ja	ぐりぶな	₴
symbol	ja	ふりヴにゃ	₴
symbol	ja	ふりぶにゃ	₴
symbol	ja	ぐりぶなきごう	₴
symbol	ja	ふりヴにゃきごう	₴
symbol	ja	ふりぶにゃきごう	₴
symbol	ja	つうか	₵
symbol	ja	たんい	₵
symbol	ja	せでぃ	₵
symbol	ja	せでぃきごう	₵
symbol	ja	つうか	₶
symbol	ja	たんい	₶
symbol	ja	りーぶる	₶
symbol	ja	とぅーるりーぶる	₶
symbol	ja	つうか	₷
symbol	ja	たんい	₷
symbol	ja	すぺすみろ	₷
symbol	ja	つうか	₸
symbol	ja	たんい	₸
symbol	ja	てんげ	₸
symbol	ja	つうか	₹
symbol	ja	たんい	₹
symbol	ja	るぴー	₹
symbol	ja	いんどるぴー	₹
symbol	ja	つうか	₺
symbol	ja	たんい	₺
symbol	ja	りら	₺
symbol	ja	とるこりら	₺
symbol	ja	つうか	₻
symbol	ja	たんい	₻
symbol	ja	まるく	₻
symbol	ja	のるうぇーまるく	₻
symbol	ja	つうか	₼
symbol	ja	たんい	₼
symbol	ja	まなと	₼
symbol	ja	あぜるばいじゃんまなと	₼
symbol	ja	つうか	₽
symbol	ja	たんい	₽
symbol	ja	るーぶる	₽
symbol	ja	ろしあるーぶる	₽
symbol	ja	つうか	₾
symbol	ja	たんい	₾
symbol	ja	らり	₾
symbol	ja	じょーじあらり	₾
symbol	ja	つうか	₿
symbol	ja	たんい	₿
symbol	ja	びっとこいん	₿
symbol	ja	あぱーと	㌀
symbol	ja	あるふぁ	㌁
symbol	ja	あんぺあ	㌂
symbol	ja	あーる	㌃
symbol	ja	たんい	㌃
symbol	ja	いにんぐ	㌄
symbol	ja	たんい	㌄
symbol	ja	いんち	㌅
symbol	ja	たんい	㌅
symbol	ja	うぉん	㌆
symbol	ja	たんい	㌆
symbol	ja	えすくーど	㌇
symbol	ja	たんい	㌇
symbol	ja	えーかー	㌈
symbol	ja	たんい	㌈
symbol	ja	おんす	㌉
symbol	ja	たんい	㌉
symbol	ja	おーむ	㌊
symbol	ja	たんい	㌊
symbol	ja	かいり	㌋
symbol	ja	たんい	㌋
symbol	ja	からっと	㌌
symbol	ja	たんい	㌌
symbol	ja	かろりー	㌍
symbol	ja	たんい	㌍
symbol	ja	がろん	㌎
symbol	ja	たんい	㌎
symbol	ja	がんま	㌏
symbol	ja	たんい	㌏
symbol	ja	ぎが	㌐
symbol	ja	たんい	㌐
symbol	ja	ぎにー	㌑
symbol	ja	たんい	㌑
symbol	ja	きゅりー	㌒
symbol	ja	たんい	㌒
symbol	ja	ぎるだー	㌓
symbol	ja	たんい	㌓
symbol	ja	きろ	㌔
symbol	ja	たんい	㌔
symbol	ja	きろぐらむ	㌕
symbol	ja	たんい	㌕
symbol	ja	きろめーとる	㌖
symbol	ja	たんい	㌖
symbol	ja	きろわっと	㌗
symbol	ja	たんい	㌗
symbol	ja	ぐらむ	㌘
symbol	ja	たんい	㌘
symbol	ja	ぐらむとん	㌙
symbol	ja	たんい	㌙
symbol	ja	くるぜいろ	㌚
symbol	ja	たんい	㌚
symbol	ja	くろーね	㌛
symbol	ja	たんい	㌛
symbol	ja	けーす	㌜
symbol	ja	たんい	㌜
symbol	ja	こるな	㌝
symbol	ja	たんい	㌝
symbol	ja	こーぽ	㌞
symbol	ja	さいくる	㌟
symbol	ja	たんい	㌟
symbol	ja	さんちーむ	㌠
symbol	ja	たんい	㌠
symbol	ja	しりんぐ	㌡
symbol	ja	たんい	㌡
symbol	ja	せんち	㌢
symbol	ja	たんい	㌢
symbol	ja	せんと	㌣
symbol	ja	たんい	㌣
symbol	ja	だーす	㌤
symbol	ja	たんい	㌤
symbol	ja	でし	㌥
symbol	ja	たんい	㌥
symbol	ja	どる	㌦
symbol	ja	たんい	㌦
symbol	ja	とん	㌧
symbol	ja	たんい	㌧
symbol	ja	なの	㌨
symbol	ja	たんい	㌨
symbol	ja	のっと	㌩
symbol	ja	たんい	㌩
symbol	ja	はいつ	㌪
symbol	ja	ぱーせんと	㌫
symbol	ja	たんい	㌫
symbol	ja	ぱーつ	㌬
symbol	ja	たんい	㌬
symbol	ja	ばーれる	㌭
symbol	ja	たんい	㌭
symbol	ja	ぴあすとる	㌮
symbol	ja	たんい	㌮
symbol	ja	ぴくる	㌯
symbol	ja	たんい	㌯
symbol	ja	ぴこ	㌰
symbol	ja	たんい	㌰
symbol	ja	びる	㌱
symbol	ja	ふぁらっど	㌲
symbol	ja	たんい	㌲
symbol	ja	ふぃーと	㌳
symbol	ja	たんい	㌳
symbol	ja	ぶっしぇる	㌴
symbol	ja	たんい	㌴
symbol	ja	ふらん	㌵
symbol	ja	たんい	㌵
symbol	ja	へくたーる	㌶
symbol	ja	たんい	㌶
symbol	ja	ぺそ	㌷
symbol	ja	たんい	㌷
symbol	ja	ぺにひ	㌸
symbol	ja	たんい	㌸
symbol	ja	へるつ	㌹
symbol	ja	たんい	㌹
symbol	ja	ぺんす	㌺
symbol	ja	たんい	㌺
symbol	ja	ぺーじ	㌻
symbol	ja	たんい	㌻
symbol	ja	べーた	㌼
symbol	ja	ぽいんと	㌽
symbol	ja	たんい	㌽
symbol	ja	ぼると	㌾
symbol	ja	たんい	㌾
symbol	ja	ほん	㌿
symbol	ja	たんい	㌿
symbol	ja	ぽんど	㍀
symbol	ja	たんい	㍀
symbol	ja	ほーる	㍁
symbol	ja	ほーん	㍂
symbol	ja	たんい	㍂
symbol	ja	まいくろ	㍃
symbol	ja	たんい	㍃
symbol	ja	まいる	㍄
symbol	ja	たんい	㍄
symbol	ja	まっは	㍅
symbol	ja	たんい	㍅
symbol	ja	まるく	㍆
symbol	ja	たんい	㍆
symbol	ja	まんしょん	㍇
symbol	ja	みくろん	㍈
symbol	ja	たんい	㍈
symbol	ja	みり	㍉
symbol	ja	たんい	㍉
symbol	ja	みりばーる	㍊
symbol	ja	たんい	㍊
symbol	ja	めが	㍋
symbol	ja	たんい	㍋
symbol	ja	めがとん	㍌
symbol	ja	たんい	㍌
symbol	ja	めーとる	㍍
symbol	ja	たんい	㍍
symbol	ja	やーど	㍎
symbol	ja	たんい	㍎
symbol	ja	やーる	㍏
symbol	ja	たんい	㍏
symbol	ja	ゆあん	㍐
symbol	ja	たんい	㍐
symbol	ja	りっとる	㍑
symbol	ja	たんい	㍑
symbol	ja	りら	㍒
symbol	ja	たんい	㍒
symbol	ja	るぴー	㍓
symbol	ja	たんい	㍓
symbol	ja	るーぶる	㍔
symbol	ja	たんい	㍔
symbol	ja	れむ	㍕
symbol	ja	たんい	㍕
symbol	ja	れんとげん	㍖
symbol	ja	たんい	㍖
symbol	ja	わっと	㍗
symbol	ja	たんい	㍗
symbol	ja	やじるし	↔
symbol	ja	←→	↔
symbol	ja	<->	↔
symbol	ja	<ー>	↔
symbol	ja	やじるし	↕
symbol	ja	↑↓	↕
symbol	ja	↓↑	↕
symbol	ja	やじるし	↖
symbol	ja	←	↖
symbol	ja	↑	↖
symbol	ja	ひだりうえ	↖
symbol	ja	ひだりうえや	↖
symbol	ja	やじるし	↗
symbol	ja	→	↗
symbol	ja	↑	↗
symbol	ja	みぎうえ	↗
symbol	ja	みぎうえや	↗
symbol	ja	やじるし	↘
symbol	ja	→	↘
symbol	ja	↓	↘
symbol	ja	みぎした	↘
symbol	ja	みぎしたや	↘
symbol	ja	やじるし	↙
symbol	ja	←	↙
symbol	ja	↓	↙
symbol	ja	ひだりした	↙
symbol	ja	ひだりしたや	↙
symbol	ja	やじるし	↩
symbol	ja	←	↩
symbol	ja	やじるし	↪
symbol	ja	→	↪
symbol	ja	やじるし	↰
symbol	ja	←	↰
symbol	ja	やじるし	↱
symbol	ja	→	↱
symbol	ja	やじるし	↲
symbol	ja	←	↲
symbol	ja	やじるし	↴
symbol	ja	↓	↴
symbol	ja	やじるし	↳
symbol	ja	→	↳
symbol	ja	やじるし	↵
symbol	ja	←	↵
symbol	ja	えんたー	↵
symbol	ja	りたーん	↵
symbol	ja	かいぎょう	↵
symbol	ja	やじるし	↶
symbol	ja	↓	↶
symbol	ja	やじるし	↷
symbol	ja	↓	↷
symbol	ja	やじるし	↺
symbol	ja	→	↺
symbol	ja	↑	↺
symbol	ja	やじるし	↻
symbol	ja	←	↻
symbol	ja	↑	↻
symbol	ja	やじるし	⤴
symbol	ja	↑	⤴
symbol	ja	やじるし	⤵
symbol	ja	↓	⤵
symbol	ja	やじるし	⇄
symbol	ja	→←	⇄
symbol	ja	やじるし	⇅
symbol	ja	↑↓	⇅
symbol	ja	やじるし	⇆
symbol	ja	←→	⇆
symbol	ja	やじるし	⇇
symbol	ja	←	⇇
symbol	ja	←←	⇇
symbol	ja	やじるし	⇈
symbol	ja	↑	⇈
symbol	ja	↑↑	⇈
symbol	ja	やじるし	⇉
symbol	ja	→	⇉
symbol	ja	→→	⇉
symbol	ja	やじるし	⇊
symbol	ja	↓	⇊
symbol	ja	↓↓	⇊
symbol	ja	やじるし	⇐
symbol	ja	ひだりや	⇐
symbol	ja	ひだり	⇐
symbol	ja	<=	⇐
symbol	ja	←	⇐
symbol	ja	やじるし	⇑
symbol	ja	うえや	⇑
symbol	ja	うえ	⇑
symbol	ja	↑	⇑
symbol	ja	やじるし	⇓
symbol	ja	したや	⇓
symbol	ja	した	⇓
symbol	ja	↓	⇓
symbol	ja	やじるし	⇕
symbol	ja	↑↓	⇕
symbol	ja	↓↑	⇕
symbol	ja	やじるし	⇖
symbol	ja	ひだりうえ	⇖
symbol	ja	ひだりうえや	⇖
symbol	ja	←	⇖
symbol	ja	↑	⇖
symbol	ja	やじるし	⇗
symbol	ja	みぎうえ	⇗
symbol	ja	みぎうえや	⇗
symbol	ja	→	⇗
symbol	ja	↑	⇗
symbol	ja	やじるし	⇘
symbol	ja	みぎした	⇘
symbol	ja	みぎしたや	⇘
symbol	ja	→	⇘
symbol	ja	↓	⇘
symbol	ja	やじるし	⇙
symbol	ja	ひだりした	⇙
symbol	ja	ひだりしたや	⇙
symbol	ja	←	⇙
symbol	ja	↓	⇙
symbol	ja	やじるし	⇚
symbol	ja	ひだりや	⇚
symbol	ja	ひだり	⇚
symbol	ja	←	⇚
symbol	ja	やじるし	⇛
symbol	ja	みぎや	⇛
symbol	ja	みぎ	⇛
symbol	ja	→	⇛
symbol	ja	やじるし	⇠
symbol	ja	ひだりや	⇠
symbol	ja	ひだり	⇠
symbol	ja	<...	⇠
symbol	ja	←	⇠
symbol	ja	やじるし	⇡
symbol	ja	うえや	⇡
symbol	ja	うえ	⇡
symbol	ja	↑	⇡
symbol	ja	やじるし	⇢
symbol	ja	みぎや	⇢
symbol	ja	みぎ	⇢
symbol	ja	...>	⇢
symbol	ja	→	⇢
symbol	ja	やじるし	⇣
symbol	ja	したや	⇣
symbol	ja	した	⇣
symbol	ja	↓	⇣
symbol	ja	やじるし	⇦
symbol	ja	ひだりや	⇦
symbol	ja	ひだり	⇦
symbol	ja	←	⇦
symbol	ja	やじるし	⇧
symbol	ja	うえや	⇧
symbol	ja	うえ	⇧
symbol	ja	↑	⇧
symbol	ja	やじるし	⇨
symbol	ja	みぎや	⇨
symbol	ja	みぎ	⇨
symbol	ja	→	⇨
symbol	ja	やじるし	⇩
symbol	ja	したや	⇩
symbol	ja	した	⇩
symbol	ja	↓	⇩
symbol	ja	きごう	〄
symbol	ja	JIS	〄
symbol	ja	じす	〄
symbol	ja	きごう	〠
symbol	ja	ゆうびん	〠
symbol	ja	きごう	〶
symbol	ja	ゆうびん	〶
symbol	ja	ます	〼
symbol	ja	いおりてん	〽
symbol	ja	うた	〽
symbol	ja	げつ	(月)
symbol	ja	げつよう	(月)
symbol	ja	げつようび	(月)
symbol	ja	か	(火)
symbol	ja	かよう	(火)
symbol	ja	かようび	(火)
symbol	ja	すい	(水)
symbol	ja	すいよう	(水)
symbol	ja	すいようび	(水)
symbol	ja	もく	(木)
symbol	ja	もくよう	(木)
symbol	ja	もくようび	(木)
symbol	ja	きん	(金)
symbol	ja	きんよう	(金)
symbol	ja	きんようび	(金)
symbol	ja	ど	(土)
symbol	ja	どよう	(土)
symbol	ja	どようび	(土)
symbol	ja	にち	(日)
symbol	ja	にちよう	(日)
symbol	ja	にちようび	(日)
symbol	ja	げつよう	㈪
symbol	ja	げつようび	㈪
symbol	ja	かよう	㈫
symbol	ja	かようび	㈫
symbol	ja	すいよう	㈬
symbol	ja	すいようび	㈬
symbol	ja	もくよう	㈭
symbol	ja	もくようび	㈭
symbol	ja	きんよう	㈮
symbol	ja	きんようび	㈮
symbol	ja	どよう	㈯
symbol	ja	どようび	㈯
symbol	ja	にちよう	㈰
symbol	ja	にちようび	㈰
symbol	ja	しゅくじつ	㈷
symbol	ja	かっこしゅく	㈷
symbol	ja	やすみ	㉁
symbol	ja	きゅうじつ	㉁
symbol	ja	かっこきゅう	㉁
symbol	ja	しゃだんほうじん	㈳
symbol	ja	かっこしゃ	㈳
symbol	ja	なまえ	㈴
symbol	ja	かっこめい	㈴
symbol	ja	とくしゅほうじん	㈵
symbol	ja	かっことく	㈵
symbol	ja	ざいだんほうじん	㈶
symbol	ja	かっこざい	㈶
symbol	ja	ろうどうくみあい	㈸
symbol	ja	かっころう	㈸
symbol	ja	よびだし	㈺
symbol	ja	かっこよび	㈺
symbol	ja	がっこうほうじん	㈻
symbol	ja	かっこがく	㈻
symbol	ja	かんさほうじん	㈼
symbol	ja	かっこかん	㈼
symbol	ja	かっこき	㈽
symbol	ja	かっこし	㈾
symbol	ja	かっこきょう	㈿
symbol	ja	さいじつ	㉀
symbol	ja	かっこさい	㉀
symbol	ja	かっこじ	㉂
symbol	ja	かっこより	㉂
symbol	ja	いたる	㉃
symbol	ja	かっこいたる	㉃
symbol	ja	まるひ	㊙
symbol	ja	まるおとこ	㊚
symbol	ja	おとこ	㊚
symbol	ja	まるおんな	㊛
symbol	ja	おんな	㊛
symbol	ja	まるてき	㊜
symbol	ja	まるゆう	㊝
symbol	ja	まるいん	㊞
symbol	ja	いんかん	㊞
symbol	ja	まるちゅう	㊟
symbol	ja	まるこう	㊠
symbol	ja	まるきゅう	㊡
symbol	ja	まるしゃ	㊢
symbol	ja	まるせい	㊣
symbol	ja	まるい	㊩
symbol	ja	まるしゅう	㊪
symbol	ja	まるがく	㊫
symbol	ja	まるかん	㊬
symbol	ja	まるき	㊭
symbol	ja	まるし	㊮
symbol	ja	まるきょう	㊯
symbol	ja	まるよる	㊰
symbol	ja	まるあ	㋐
symbol	ja	まるい	㋑
symbol	ja	まるう	㋒
symbol	ja	まるえ	㋓
symbol	ja	まるお	㋔
symbol	ja	まるか	㋕
symbol	ja	まるき	㋖
symbol	ja	まるく	㋗
symbol	ja	まるけ	㋘
symbol	ja	まるこ	㋙
symbol	ja	まるさ	㋚
symbol	ja	まるし	㋛
symbol	ja	まるす	㋜
symbol	ja	まるせ	㋝
symbol	ja	まるそ	㋞
symbol	ja	まるた	㋟
symbol	ja	まるち	㋠
symbol	ja	まるつ	㋡
symbol	ja	まるて	㋢
symbol	ja	まると	㋣
symbol	ja	まるな	㋤
symbol	ja	まるに	㋥
symbol	ja	まるぬ	㋦
symbol	ja	まるね	㋧
symbol	ja	まるの	㋨
symbol	ja	まるは	㋩
symbol	ja	まるひ	㋪
symbol	ja	まるふ	㋫
symbol	ja	まるへ	㋬
symbol	ja	まるほ	㋭
symbol	ja	まるま	㋮
symbol	ja	まるみ	㋯
symbol	ja	まるむ	㋰
symbol	ja	まるめ	㋱
symbol	ja	まるも	㋲
symbol	ja	まるや	㋳
symbol	ja	まるゆ	㋴
symbol	ja	まるよ	㋵
symbol	ja	まるら	㋶
symbol	ja	まるり	㋷
symbol	ja	まるる	㋸
symbol	ja	まるれ	㋹
symbol	ja	まるろ	㋺
symbol	ja	まるわ	㋻
symbol	ja	まるうぃ	㋼
symbol	ja	まるゐ	㋼
symbol	ja	まるうぇ	㋽
symbol	ja	まるゑ	㋽
symbol	ja	まるを	㋾
symbol	ja	うわつき	⁰
symbol	ja	うえつき	⁰
symbol	ja	うわつき0	⁰
symbol	ja	うえつき0	⁰
symbol	ja	うえ0	⁰
symbol	ja	うわつき	¹
symbol	ja	うえつき	¹
symbol	ja	うわつき1	¹
symbol	ja	うえつき1	¹
symbol	ja	うえ1	¹
symbol	ja	うわつき	²
symbol	ja	うえつき	²
symbol	ja	うわつき2	²
symbol	ja	うえつき2	²
symbol	ja	うえ2	²
symbol	ja	うわつき	³
symbol	ja	うえつき	³
symbol	ja	うわつき3	³
symbol	ja	うえつき3	³
symbol	ja	うえ3	³
symbol	ja	うわつき	⁴
symbol	ja	うえつき	⁴
symbol	ja	うわつき4	⁴
symbol	ja	うえつき4	⁴
symbol	ja	うえ4	⁴
symbol	ja	うわつき	⁵
symbol	ja	うえつき	⁵
symbol	ja	うわつき5	⁵
symbol	ja	うえつき5	⁵
symbol	ja	うえ5	⁵
symbol	ja	うわつき	⁶
symbol	ja	うえつき	⁶
symbol	ja	うわつき6	⁶
symbol	ja	うえつき6	⁶
symbol	ja	うえ6	⁶
symbol	ja	うわつき	⁷
symbol	ja	うえつき	⁷
symbol	ja	うわつき7	⁷
symbol	ja	うえつき7	⁷
symbol	ja	うえ7	⁷
symbol	ja	うわつき	⁸
symbol	ja	うえつき	⁸
symbol	ja	うわつき8	⁸
symbol	ja	うえつき8	⁸
symbol	ja	うえ8	⁸
symbol	ja	うわつき	⁹
symbol	ja	うえつき	⁹
symbol	ja	うわつき9	⁹
symbol	ja	うえつき9	⁹
symbol	ja	うえ9	⁹
symbol	ja	うわつき	⁺
symbol	ja	うえつき	⁺
symbol	ja	うわつき+	⁺
symbol	ja	うえつき+	⁺
symbol	ja	うえ+	⁺
symbol	ja	+	⁺
symbol	ja	うわつき	⁻
symbol	ja	うえつき	⁻
symbol	ja	うわつき-	⁻
symbol	ja	うえつき-	⁻
symbol	ja	うえ-	⁻
symbol	ja	-	⁻
symbol	ja	うわつき	⁼
symbol	ja	うえつき	⁼
symbol	ja	うわつき=	⁼
symbol	ja	うえつき=	⁼
symbol	ja	うえ=	⁼
symbol	ja	=	⁼
symbol	ja	うわつき	⁽
symbol	ja	うえつき	⁽
symbol	ja	うわつき(	⁽
symbol	ja	うえつき(	⁽
symbol	ja	うえ(	⁽
symbol	ja	(	⁽
symbol	ja	うわつき	⁾
symbol	ja	うえつき	⁾
symbol	ja	うわつき)	⁾
symbol	ja	うえつき)	⁾
symbol	ja	うえ)	⁾
symbol	ja	)	⁾
symbol	ja	うわつき	ⁿ
symbol	ja	うえつき	ⁿ
symbol	ja	うわつきn	ⁿ
symbol	ja	うえつきn	ⁿ
symbol	ja	うえn	ⁿ
symbol	ja	うわつきN	ⁿ
symbol	ja	うえつきN	ⁿ
symbol	ja	うえN	ⁿ
symbol	ja	うわつきん	ⁿ
symbol	ja	うえつきん	ⁿ
symbol	ja	うえん	ⁿ
symbol	ja	n	ⁿ
symbol	ja	したつき	₀
symbol	ja	したつき0	₀
symbol	ja	した0	₀
symbol	ja	したつき	₁
symbol	ja	したつき1	₁
symbol	ja	した1	₁
symbol	ja	したつき	₂
symbol	ja	したつき2	₂
symbol	ja	した2	₂
symbol	ja	したつき	₃
symbol	ja	したつき3	₃
symbol	ja	した3	₃
symbol	ja	したつき	₄
symbol	ja	したつき4	₄
symbol	ja	した4	₄
symbol	ja	したつき	₅
symbol	ja	したつき5	₅
symbol	ja	した5	₅
symbol	ja	したつき	₆
symbol	ja	したつき6	₆
symbol	ja	した6	₆
symbol	ja	したつき	₇
symbol	ja	したつき7	₇
symbol	ja	した7	₇
symbol	ja	したつき	₈
symbol	ja	したつき8	₈
symbol	ja	した8	₈
symbol	ja	したつき	₉
symbol	ja	したつき9	₉
symbol	ja	した9	₉
symbol	ja	したつき	₊
symbol	ja	したつき+	₊
symbol	ja	した+	₊
symbol	ja	+	₊
symbol	ja	したつき	₋
symbol	ja	したつき-	₋
symbol	ja	した-	₋
symbol	ja	-	₋
symbol	ja	したつき	₌
symbol	ja	したつき=	₌
symbol	ja	した=	₌
symbol	ja	=	₌
symbol	ja	したつき	₍
symbol	ja	したつき(	₍
symbol	ja	した(	₍
symbol	ja	(	₍
symbol	ja	したつき	₎
symbol	ja	したつき)	₎
symbol	ja	した)	₎
symbol	ja	)	₎
symbol	ja	したつき	ₐ
symbol	ja	したつきa	ₐ
symbol	ja	したつきあ	ₐ
symbol	ja	したつきA	ₐ
symbol	ja	したa	ₐ
symbol	ja	したあ	ₐ
symbol	ja	したA	ₐ
symbol	ja	a	ₐ
symbol	ja	したつき	ₑ
symbol	ja	したつきe	ₑ
symbol	ja	したつきえ	ₑ
symbol	ja	したつきE	ₑ
symbol	ja	したe	ₑ
symbol	ja	したえ	ₑ
symbol	ja	したE	ₑ
symbol	ja	e	ₑ
symbol	ja	したつき	ₒ
symbol	ja	したつきo	ₒ
symbol	ja	したつきお	ₒ
symbol	ja	したつきO	ₒ
symbol	ja	したo	ₒ
symbol	ja	したお	ₒ
symbol	ja	したO	ₒ
symbol	ja	o	ₒ
symbol	ja	したつき	ₓ
symbol	ja	したつきx	ₓ
symbol	ja	したつきX	ₓ
symbol	ja	したx	ₓ
symbol	ja	したX	ₓ
symbol	ja	x	ₓ
symbol	ja	したつき	ₔ
symbol	ja	したつきe	ₔ
symbol	ja	したつきえ	ₔ
symbol	ja	したつきE	ₔ
symbol	ja	したe	ₔ
symbol	ja	したえ	ₔ
symbol	ja	したE	ₔ
symbol	ja	e	ₔ
symbol	ja	きごう	✁
symbol	ja	はさみ	✁
symbol	ja	きごう	✂
symbol	ja	はさみ	✂
symbol	ja	きごう	✃
symbol	ja	はさみ	✃
symbol	ja	きごう	✄
symbol	ja	はさみ	✄
symbol	ja	きごう	✆
symbol	ja	でんわ	✆
symbol	ja	きごう	✇
symbol	ja	てーぷ	✇
symbol	ja	てーぷどらいぶ	✇
symbol	ja	きごう	✈
symbol	ja	ひこうき	✈
symbol	ja	きごう	✉
symbol	ja	ふうとう	✉
symbol	ja	きごう	✌
symbol	ja	ぴーす	✌
symbol	ja	ぶい	✌
symbol	ja	きごう	✍
symbol	ja	てがき	✍
symbol	ja	めも	✍
symbol	ja	きごう	✎
symbol	ja	えんぴつ	✎
symbol	ja	きごう	✏
symbol	ja	えんぴつ	✏
symbol	ja	きごう	✐
symbol	ja	えんぴつ	✐
symbol	ja	きごう	✑
symbol	ja	ぺん	✑
symbol	ja	ぺんさき	✑
symbol	ja	まんねんひつ	✑
symbol	ja	きごう	✒
symbol	ja	ぺん	✒
symbol	ja	ぺんさき	✒
symbol	ja	まんねんひつ	✒
symbol	ja	きごう	✕
symbol	ja	ばつ	✕
symbol	ja	ぺけ	✕
symbol	ja	かける	✕
symbol	ja	きごう	✖
symbol	ja	ばつ	✖
symbol	ja	ぺけ	✖
symbol	ja	かける	✖
symbol	ja	きごう	✗
symbol	ja	ばつ	✗
symbol	ja	ぺけ	✗
symbol	ja	きごう	✘
symbol	ja	ばつ	✘
symbol	ja	ぺけ	✘
symbol	ja	きごう	✙
symbol	ja	くろす	✙
symbol	ja	じゅうじか	✙
symbol	ja	じゅうじ	✙
symbol	ja	きごう	✚
symbol	ja	くろす	✚
symbol	ja	じゅうじか	✚
symbol	ja	じゅうじ	✚
symbol	ja	きごう	✛
symbol	ja	くろす	✛
symbol	ja	じゅうじか	✛
symbol	ja	じゅうじ	✛
symbol	ja	きごう	✜
symbol	ja	くろす	✜
symbol	ja	じゅうじか	✜
symbol	ja	じゅうじ	✜
symbol	ja	きごう	✝
symbol	ja	くろす	✝
symbol	ja	じゅうじか	✝
symbol	ja	じゅうじ	✝
symbol	ja	きごう	✞
symbol	ja	くろす	✞
symbol	ja	じゅうじか	✞
symbol	ja	じゅうじ	✞
symbol	ja	きごう	✟
symbol	ja	くろす	✟
symbol	ja	じゅうじか	✟
symbol	ja	じゅうじ	✟
symbol	ja	きごう	✠
symbol	ja	くろす	✠
symbol	ja	じゅうじか	✠
symbol	ja	じゅうじ	✠
symbol	ja	まるたじゅうじ	✠
symbol	ja	きごう	✡
symbol	ja	ほし	✡
symbol	ja	だびで	✡
symbol	ja	だびでのほし	✡
symbol	ja	ろくぼうせい	✡
symbol	ja	きごう	✢
symbol	ja	あすたりすく	✢
symbol	ja	あすてりすく	✢
symbol	ja	きごう	✣
symbol	ja	あすたりすく	✣
symbol	ja	あすてりすく	✣
symbol	ja	きごう	✤
symbol	ja	あすたりすく	✤
symbol	ja	あすてりすく	✤
symbol	ja	きごう	✥
symbol	ja	あすたりすく	✥
symbol	ja	あすてりすく	✥
symbol	ja	きごう	✦
symbol	ja	ほし	✦
symbol	ja	きごう	✧
symbol	ja	ほし	✧
symbol	ja	きごう	✩
symbol	ja	ほし	✩
symbol	ja	きごう	✪
symbol	ja	ほし	✪
symbol	ja	きごう	✫
symbol	ja	ほし	✫
symbol	ja	きごう	✬
symbol	ja	ほし	✬
symbol	ja	きごう	✭
symbol	ja	ほし	✭
symbol	ja	きごう	✮
symbol	ja	ほし	✮
symbol	ja	きごう	✯
symbol	ja	ほし	✯
symbol	ja	きごう	✰
symbol	ja	ほし	✰
symbol	ja	きごう	✱
symbol	ja	ほし	✱
symbol	ja	あすたりすく	✱
symbol	ja	あすてりすく	✱
symbol	ja	きごう	✲
symbol	ja	ほし	✲
symbol	ja	あすたりすく	✲
symbol	ja	あすてりすく	✲
symbol	ja	きごう	✳
symbol	ja	ほし	✳
symbol	ja	あすたりすく	✳
symbol	ja	あすてりすく	✳
symbol	ja	きごう	✴
symbol	ja	ほし	✴
symbol	ja	あすたりすく	✴
symbol	ja	あすてりすく	✴
symbol	ja	きごう	✵
symbol	ja	ほし	✵
symbol	ja	あすたりすく	✵
symbol	ja	あすてりすく	✵
symbol	ja	きごう	✶
symbol	ja	ほし	✶
symbol	ja	あすたりすく	✶
symbol	ja	あすてりすく	✶
symbol	ja	きごう	✷
symbol	ja	ほし	✷
symbol	ja	あすたりすく	✷
symbol	ja	あすてりすく	✷
symbol	ja	きごう	✸
symbol	ja	ほし	✸
symbol	ja	あすたりすく	✸
symbol	ja	あすてりすく	✸
symbol	ja	きごう	✹
symbol	ja	ほし	✹
symbol	ja	あすたりすく	✹
symbol	ja	あすてりすく	✹
symbol	ja	きごう	✺
symbol	ja	ほし	✺
symbol	ja	あすたりすく	✺
symbol	ja	あすてりすく	✺
symbol	ja	きごう	✻
symbol	ja	ほし	✻
symbol	ja	あすたりすく	✻
symbol	ja	あすてりすく	✻
symbol	ja	きごう	✼
symbol	ja	ほし	✼
symbol	ja	あすたりすく	✼
symbol	ja	あすてりすく	✼
symbol	ja	きごう	✽
symbol	ja	ほし	✽
symbol	ja	あすたりすく	✽
symbol	ja	あすてりすく	✽
symbol	ja	きごう	✾
symbol	ja	ほし	✾
symbol	ja	あすたりすく	✾
symbol	ja	あすてりすく	✾
symbol	ja	はな	✾
symbol	ja	きごう	✿
symbol	ja	はな	✿
symbol	ja	きごう	❀
symbol	ja	はな	❀
symbol	ja	きごう	❁
symbol	ja	はな	❁
symbol	ja	きごう	❂
symbol	ja	ほし	❂
symbol	ja	きごう	❃
symbol	ja	ほし	❃
symbol	ja	あすたりすく	❃
symbol	ja	あすてりすく	❃
symbol	ja	きごう	❄
symbol	ja	ゆき	❄
symbol	ja	きごう	❅
symbol	ja	ゆき	❅
symbol	ja	きごう	❆
symbol	ja	ゆき	❆
symbol	ja	きごう	❇
symbol	ja	ほし	❇
symbol	ja	あすたりすく	❇
symbol	ja	あすてりすく	❇
symbol	ja	きごう	❈
symbol	ja	ほし	❈
symbol	ja	あすたりすく	❈
symbol	ja	あすてりすく	❈
symbol	ja	きごう	❉
symbol	ja	ほし	❉
symbol	ja	あすたりすく	❉
symbol	ja	あすてりすく	❉
symbol	ja	きごう	❊
symbol	ja	ほし	❊
symbol	ja	あすたりすく	❊
symbol	ja	あすてりすく	❊
symbol	ja	きごう	❋
symbol	ja	ほし	❋
symbol	ja	あすたりすく	❋
symbol	ja	あすてりすく	❋
symbol	ja	きごう	❍
symbol	ja	まる	❍
symbol	ja	ずけい	❍
symbol	ja	きごう	❏
symbol	ja	しかく	❏
symbol	ja	ずけい	❏
symbol	ja	きごう	❐
symbol	ja	しかく	❐
symbol	ja	ずけい	❐
symbol	ja	きごう	❑
symbol	ja	しかく	❑
symbol	ja	ずけい	❑
symbol	ja	きごう	❒
symbol	ja	しかく	❒
symbol	ja	ずけい	❒
symbol	ja	きごう	❖
symbol	ja	ひし	❖
symbol	ja	ひしがた	❖
symbol	ja	ずけい	❖
symbol	ja	きごう	❘
symbol	ja	たてぼう	❘
symbol	ja	たてせん	❘
symbol	ja	|	❘
symbol	ja	きごう	❙
symbol	ja	たてぼう	❙
symbol	ja	たてせん	❙
symbol	ja	|	❙
symbol	ja	きごう	❚
symbol	ja	たてぼう	❚
symbol	ja	たてせん	❚
symbol	ja	|	❚
symbol	ja	きごう	❛
symbol	ja	くぉーと	❛
symbol	ja	'	❛
symbol	ja	きごう	❜
symbol	ja	あぽすとろふぃ	❜
symbol	ja	くぉーと	❜
symbol	ja	こんま	❜
symbol	ja	かんま	❜
symbol	ja	'	❜
symbol	ja	きごう	❝
symbol	ja	だぶるくおーと	❝
symbol	ja	だぶるくおーてーしょん	❝
symbol	ja	くぉーと	❝
symbol	ja	だぶるくぉーてしょん	❝
symbol	ja	"	❝
symbol	ja	きごう	❞
symbol	ja	だぶるくおーと	❞
symbol	ja	だぶるくおーてーしょん	❞
symbol	ja	くぉーと	❞
symbol	ja	だぶるくぉーてしょん	❞
symbol	ja	"	❞
symbol	ja	きごう	❡
symbol	ja	だんらく	❡
symbol	ja	せくしょん	❡
symbol	ja	きごう	❢
symbol	ja	かんたんふ	❢
symbol	ja	!	❢
symbol	ja	！	❢
symbol	ja	えくすくらめーしょん	❢
symbol	ja	びっくり	❢
symbol	ja	きごう	❣
symbol	ja	かんたんふ	❣
symbol	ja	!	❣
symbol	ja	！	❣
symbol	ja	えくすくらめーしょん	❣
symbol	ja	びっくり	❣
symbol	ja	きごう	❤
symbol	ja	はーと	❤
symbol	ja	きごう	❥
symbol	ja	はーと	❥
symbol	ja	きごう	❦
symbol	ja	はーと	❦
symbol	ja	きごう	❧
symbol	ja	はーと	❧
symbol	ja	きごう	⓿
symbol	ja	まる0	⓿
symbol	ja	まるぜろ	⓿
symbol	ja	まるれい	⓿
symbol	ja	きごう	❶
symbol	ja	まる1	❶
symbol	ja	まるいち	❶
symbol	ja	きごう	❷
symbol	ja	まる2	❷
symbol	ja	まるに	❷
symbol	ja	きごう	❸
symbol	ja	まる3	❸
symbol	ja	まるさん	❸
symbol	ja	きごう	❹
symbol	ja	まる4	❹
symbol	ja	まるよん	❹
symbol	ja	まるし	❹
symbol	ja	きごう	❺
symbol	ja	まる5	❺
symbol	ja	まるご	❺
symbol	ja	きごう	❻
symbol	ja	まる6	❻
symbol	ja	まるろく	❻
symbol	ja	きごう	❼
symbol	ja	まる7	❼
symbol	ja	まるなな	❼
symbol	ja	まるしち	❼
symbol	ja	きごう	❽
symbol	ja	まる8	❽
symbol	ja	まるはち	❽
symbol	ja	きごう	❾
symbol	ja	まる9	❾
symbol	ja	まるきゅう	❾
symbol	ja	まるく	❾
symbol	ja	きごう	❿
symbol	ja	まる10	❿
symbol	ja	まるじゅう	❿
symbol	ja	きごう	🄋
symbol	ja	まる0	🄋
symbol	ja	まるぜろ	🄋
symbol	ja	まるれい	🄋
symbol	ja	きごう	➀
symbol	ja	まる1	➀
symbol	ja	まるいち	➀
symbol	ja	きごう	➁
symbol	ja	まる2	➁
symbol	ja	まるに	➁
symbol	ja	きごう	➂
symbol	ja	まる3	➂
symbol	ja	まるさん	➂
symbol	ja	きごう	➃
symbol	ja	まる4	➃
symbol	ja	まるよん	➃
symbol	ja	まるし	➃
symbol	ja	きごう	➄
symbol	ja	まる5	➄
symbol	ja	まるご	➄
symbol	ja	きごう	➅
symbol	ja	まる6	➅
symbol	ja	まるろく	➅
symbol	ja	きごう	➆
symbol	ja	まる7	➆
symbol	ja	まるなな	➆
symbol	ja	まるしち	➆
symbol	ja	きごう	➇
symbol	ja	まる8	➇
symbol	ja	まるはち	➇
symbol	ja	きごう	➈
symbol	ja	まる9	➈
symbol	ja	まるきゅう	➈
symbol	ja	まるく	➈
symbol	ja	きごう	➉
symbol	ja	まる10	➉
symbol	ja	まるじゅう	➉
symbol	ja	きごう	🄌
symbol	ja	まる0	🄌
symbol	ja	まるぜろ	🄌
symbol	ja	まるれい	🄌
symbol	ja	きごう	➊
symbol	ja	まる1	➊
symbol	ja	まるいち	➊
symbol	ja	きごう	➋
symbol	ja	まる2	➋
symbol	ja	まるに	➋
symbol	ja	きごう	➌
symbol	ja	まる3	➌
symbol	ja	まるさん	➌
symbol	ja	きごう	➍
symbol	ja	まる4	➍
symbol	ja	まるよん	➍
symbol	ja	まるし	➍
symbol	ja	きごう	➎
symbol	ja	まる5	➎
symbol	ja	まるご	➎
symbol	ja	きごう	➏
symbol	ja	まる6	➏
symbol	ja	まるろく	➏
symbol	ja	きごう	➐
symbol	ja	まる7	➐
symbol	ja	まるなな	➐
symbol	ja	まるしち	➐
symbol	ja	きごう	➑
symbol	ja	まる8	➑
symbol	ja	まるはち	➑
symbol	ja	きごう	➒
symbol	ja	まる9	➒
symbol	ja	まるきゅう	➒
symbol	ja	まるく	➒
symbol	ja	きごう	➓
symbol	ja	まる10	➓
symbol	ja	まるじゅう	➓
symbol	ja	きごう	➔
symbol	ja	やじるし	➔
symbol	ja	みぎ	➔
symbol	ja	きごう	➘
symbol	ja	やじるし	➘
symbol	ja	みぎした	➘
symbol	ja	きごう	➙
symbol	ja	やじるし	➙
symbol	ja	みぎ	➙
symbol	ja	きごう	➚
symbol	ja	やじるし	➚
symbol	ja	みぎうえ	➚
symbol	ja	きごう	➛
symbol	ja	やじるし	➛
symbol	ja	みぎ	➛
symbol	ja	きごう	➜
symbol	ja	やじるし	➜
symbol	ja	みぎ	➜
symbol	ja	きごう	➝
symbol	ja	やじるし	➝
symbol	ja	みぎ	➝
symbol	ja	きごう	➞
symbol	ja	やじるし	➞
symbol	ja	みぎ	➞
symbol	ja	きごう	➟
symbol	ja	やじるし	➟
symbol	ja	みぎ	➟
symbol	ja	きごう	➠
symbol	ja	やじるし	➠
symbol	ja	みぎ	➠
symbol	ja	きごう	➡
symbol	ja	やじるし	➡
symbol	ja	みぎ	➡
symbol	ja	きごう	➢
symbol	ja	やじるし	➢
symbol	ja	みぎ	➢
symbol	ja	きごう	➣
symbol	ja	やじるし	➣
symbol	ja	みぎ	➣
symbol	ja	きごう	➤
symbol	ja	やじるし	➤
symbol	ja	みぎ	➤
symbol	ja	きごう	➥
symbol	ja	やじるし	➥
symbol	ja	みぎ	➥
symbol	ja	きごう	➦
symbol	ja	やじるし	➦
symbol	ja	みぎ	➦
symbol	ja	きごう	➧
symbol	ja	やじるし	➧
symbol	ja	みぎ	➧
symbol	ja	きごう	➨
symbol	ja	やじるし	➨
symbol	ja	みぎ	➨
symbol	ja	きごう	➩
symbol	ja	やじるし	➩
symbol	ja	みぎ	➩
symbol	ja	きごう	➪
symbol	ja	やじるし	➪
symbol	ja	みぎ	➪
symbol	ja	きごう	➫
symbol	ja	やじるし	➫
symbol	ja	みぎ	➫
symbol	ja	きごう	➬
symbol	ja	やじるし	➬
symbol	ja	みぎ	➬
symbol	ja	きごう	➭
symbol	ja	やじるし	➭
symbol	ja	みぎ	➭
symbol	ja	きごう	➮
symbol	ja	やじるし	➮
symbol	ja	みぎ	➮
symbol	ja	きごう	➯
symbol	ja	やじるし	➯
symbol	ja	みぎ	➯
symbol	ja	きごう	➱
symbol	ja	やじるし	➱
symbol	ja	みぎ	➱
symbol	ja	きごう	➲
symbol	ja	やじるし	➲
symbol	ja	みぎ	➲
symbol	ja	きごう	➳
symbol	ja	やじるし	➳
symbol	ja	みぎ	➳
symbol	ja	きごう	➴
symbol	ja	やじるし	➴
symbol	ja	みぎした	➴
symbol	ja	きごう	➵
symbol	ja	やじるし	➵
symbol	ja	みぎ	➵
symbol	ja	きごう	➶
symbol	ja	やじるし	➶
symbol	ja	みぎうえ	➶
symbol	ja	きごう	➷
symbol	ja	やじるし	➷
symbol	ja	みぎした	➷
symbol	ja	きごう	➸
symbol	ja	やじるし	➸
symbol	ja	みぎ	➸
symbol	ja	きごう	➹
symbol	ja	やじるし	➹
symbol	ja	みぎうえ	➹
symbol	ja	きごう	➺
symbol	ja	やじるし	➺
symbol	ja	みぎ	➺
symbol	ja	きごう	➻
symbol	ja	やじるし	➻
symbol	ja	みぎ	➻
symbol	ja	きごう	➼
symbol	ja	やじるし	➼
symbol	ja	みぎ	➼
symbol	ja	きごう	➽
symbol	ja	やじるし	➽
symbol	ja	みぎ	➽
symbol	ja	きごう	➾
symbol	ja	やじるし	➾
symbol	ja	みぎ	➾
symbol	ja	わら	(笑)
symbol	ja	わら	w
symbol	ja	わら	www
symbol	ja	くさ	www
symbol	ja	なく	(泣)
symbol	ja	なき	(泣)
symbol	ja	あせ	(汗)
symbol	ja	ぶしゅ	乙
symbol	ja	ぶしゅ	乚
symbol	ja	ぶしゅ	丨
symbol	ja	ぶしゅ	丶
symbol	ja	ぶしゅ	丿
symbol	ja	ぶしゅ	亅
symbol	ja	ぶしゅ	二
symbol	ja	ぶしゅ	亠
symbol	ja	ぶしゅ	人
symbol	ja	ぶしゅ	亻
symbol	ja	ぶしゅ	𠆢
symbol	ja	ぶしゅ	儿
symbol	ja	ぶしゅ	入
symbol	ja	ぶしゅ	八
symbol	ja	ぶしゅ	冖
symbol	ja	ぶしゅ	冂
symbol	ja	ぶしゅ	冫
symbol	ja	ぶしゅ	几
symbol	ja	ぶしゅ	凵
symbol	ja	ぶしゅ	刀
symbol	ja	ぶしゅ	刂
symbol	ja	ぶしゅ	力
symbol	ja	ぶしゅ	勹
symbol	ja	ぶしゅ	匕
symbol	ja	ぶしゅ	匚
symbol	ja	ぶしゅ	匸
symbol	ja	ぶしゅ	十
symbol	ja	ぶしゅ	卜
symbol	ja	ぶしゅ	卩
symbol	ja	ぶしゅ	⺋
symbol	ja	ぶしゅ	厂
symbol	ja	ぶしゅ	厶
symbol	ja	ぶしゅ	又
symbol	ja	ぶしゅ	口
symbol	ja	ぶしゅ	囗
symbol	ja	ぶしゅ	土
symbol	ja	ぶしゅ	士
symbol	ja	ぶしゅ	夂
symbol	ja	ぶしゅ	夊
symbol	ja	ぶしゅ	夕
symbol	ja	ぶしゅ	大
symbol	ja	ぶしゅ	女
symbol	ja	ぶしゅ	子
symbol	ja	ぶしゅ	宀
symbol	ja	ぶしゅ	寸
symbol	ja	ぶしゅ	小
symbol	ja	ぶしゅ	尢
symbol	ja	ぶしゅ	尣
symbol	ja	ぶしゅ	尸
symbol	ja	ぶしゅ	屮
symbol	ja	ぶしゅ	山
symbol	ja	ぶしゅ	川
symbol	ja	ぶしゅ	巛
symbol	ja	ぶしゅ	工
symbol	ja	ぶしゅ	己
symbol	ja	ぶしゅ	巳
symbol	ja	ぶしゅ	已
symbol	ja	ぶしゅ	巾
symbol	ja	ぶしゅ	干
symbol	ja	ぶしゅ	幺
symbol	ja	ぶしゅ	广
symbol	ja	ぶしゅ	廴
symbol	ja	ぶしゅ	廾
symbol	ja	ぶしゅ	弋
symbol	ja	ぶしゅ	弓
symbol	ja	ぶしゅ	彐
symbol	ja	ぶしゅ	彑
symbol	ja	ぶしゅ	彡
symbol	ja	ぶしゅ	彳
symbol	ja	ぶしゅ	心
symbol	ja	ぶしゅ	忄
symbol	ja	ぶしゅ	㣺
symbol	ja	ぶしゅ	戈
symbol	ja	ぶしゅ	戸
symbol	ja	ぶしゅ	手
symbol	ja	ぶしゅ	扌
symbol	ja	ぶしゅ	支
symbol	ja	ぶしゅ	攴
symbol	ja	ぶしゅ	攵
symbol	ja	ぶしゅ	文
symbol	ja	ぶしゅ	斗
symbol	ja	ぶしゅ	斤
symbol	ja	ぶしゅ	方
symbol	ja	ぶしゅ	无
symbol	ja	ぶしゅ	旡
symbol	ja	ぶしゅ	日
symbol	ja	ぶしゅ	曰
symbol	ja	ぶしゅ	木
symbol	ja	ぶしゅ	欠
symbol	ja	ぶしゅ	止
symbol	ja	ぶしゅ	歹
symbol	ja	ぶしゅ	殳
symbol	ja	ぶしゅ	毋
symbol	ja	ぶしゅ	毌
symbol	ja	ぶしゅ	比
symbol	ja	ぶしゅ	毛
symbol	ja	ぶしゅ	氏
symbol	ja	ぶしゅ	气
symbol	ja	ぶしゅ	水
symbol	ja	ぶしゅ	氵
symbol	ja	ぶしゅ	氺
symbol	ja	ぶしゅ	火
symbol	ja	ぶしゅ	灬
symbol	ja	ぶしゅ	爪
symbol	ja	ぶしゅ	爫
symbol	ja	ぶしゅ	父
symbol	ja	ぶしゅ	爻
symbol	ja	ぶしゅ	爿
symbol	ja	ぶしゅ	片
symbol	ja	ぶしゅ	牙
symbol	ja	ぶしゅ	牛
symbol	ja	ぶしゅ	牜
symbol	ja	ぶしゅ	犬
symbol	ja	ぶしゅ	犭
symbol	ja	ぶしゅ	玄
symbol	ja	ぶしゅ	玉
symbol	ja	ぶしゅ	王
symbol	ja	ぶしゅ	玊
symbol	ja	ぶしゅ	瓜
symbol	ja	ぶしゅ	瓦
symbol	ja	ぶしゅ	甘
symbol	ja	ぶしゅ	生
symbol	ja	ぶしゅ	用
symbol	ja	ぶしゅ	甩
symbol	ja	ぶしゅ	疋
symbol	ja	ぶしゅ	𤴔
symbol	ja	ぶしゅ	辵
symbol	ja	ぶしゅ	辶
symbol	ja	ぶしゅ	疒
symbol	ja	ぶしゅ	邑
symbol	ja	ぶしゅ	癶
symbol	ja	ぶしゅ	白
symbol	ja	ぶしゅ	皮
symbol	ja	ぶしゅ	酉
symbol	ja	ぶしゅ	皿
symbol	ja	ぶしゅ	釆
symbol	ja	ぶしゅ	辰
symbol	ja	ぶしゅ	目
symbol	ja	ぶしゅ	矛
symbol	ja	ぶしゅ	矢
symbol	ja	ぶしゅ	石
symbol	ja	ぶしゅ	示
symbol	ja	ぶしゅ	礻
symbol	ja	ぶしゅ	禸
symbol	ja	ぶしゅ	禾
symbol	ja	ぶしゅ	穴
symbol	ja	ぶしゅ	立
symbol	ja	ぶしゅ	竹
symbol	ja	ぶしゅ	⺮
symbol	ja	ぶしゅ	米
symbol	ja	ぶしゅ	糸
symbol	ja	ぶしゅ	糹
symbol	ja	ぶしゅ	缶
symbol	ja	ぶしゅ	网
symbol	ja	ぶしゅ	罒
symbol	ja	ぶしゅ	罓
symbol	ja	ぶしゅ	𦉰
symbol	ja	ぶしゅ	㓁
symbol	ja	ぶしゅ	羊
symbol	ja	ぶしゅ	𦍌
symbol	ja	ぶしゅ	羽
symbol	ja	ぶしゅ	老
symbol	ja	ぶしゅ	耂
symbol	ja	ぶしゅ	而
symbol	ja	ぶしゅ	耒
symbol	ja	ぶしゅ	耳
symbol	ja	ぶしゅ	聿
symbol	ja	ぶしゅ	肀
symbol	ja	ぶしゅ	𦘒
symbol	ja	ぶしゅ	肉
symbol	ja	ぶしゅ	月
symbol	ja	ぶしゅ	臣
symbol	ja	ぶしゅ	自
symbol	ja	ぶしゅ	至
symbol	ja	ぶしゅ	臼
symbol	ja	ぶしゅ	𦥑
symbol	ja	ぶしゅ	舌
symbol	ja	ぶしゅ	舛
symbol	ja	ぶしゅ	舟
symbol	ja	ぶしゅ	艮
symbol	ja	ぶしゅ	色
symbol	ja	ぶしゅ	艸
symbol	ja	ぶしゅ	艹
symbol	ja	ぶしゅ	虍
symbol	ja	ぶしゅ	虫
symbol	ja	ぶしゅ	血
symbol	ja	ぶしゅ	行
symbol	ja	ぶしゅ	衣
symbol	ja	ぶしゅ	衤
symbol	ja	ぶしゅ	襾
symbol	ja	ぶしゅ	覀
symbol	ja	ぶしゅ	西
symbol	ja	ぶしゅ	見
symbol	ja	ぶしゅ	角
symbol	ja	ぶしゅ	言
symbol	ja	ぶしゅ	訁
symbol	ja	ぶしゅ	谷
symbol	ja	ぶしゅ	豆
symbol	ja	ぶしゅ	豕
symbol	ja	ぶしゅ	豸
symbol	ja	ぶしゅ	貝
symbol	ja	ぶしゅ	赤
symbol	ja	ぶしゅ	走
symbol	ja	ぶしゅ	足
symbol	ja	ぶしゅ	𧾷
symbol	ja	ぶしゅ	身
symbol	ja	ぶしゅ	車
symbol	ja	ぶしゅ	辛
symbol	ja	ぶしゅ	里
symbol	ja	ぶしゅ	金
symbol	ja	ぶしゅ	釒
symbol	ja	ぶしゅ	長
symbol	ja	ぶしゅ	镸
symbol	ja	ぶしゅ	門
symbol	ja	ぶしゅ	阜
symbol	ja	ぶしゅ	阝
symbol	ja	ぶしゅ	隶
symbol	ja	ぶしゅ	隹
symbol	ja	ぶしゅ	雨
symbol	ja	ぶしゅ	靑
symbol	ja	ぶしゅ	青
symbol	ja	ぶしゅ	非
symbol	ja	ぶしゅ	面
symbol	ja	ぶしゅ	革
symbol	ja	ぶしゅ	韋
symbol	ja	ぶしゅ	韭
symbol	ja	ぶしゅ	音
symbol	ja	ぶしゅ	頁
symbol	ja	ぶしゅ	風
symbol	ja	ぶしゅ	飛
symbol	ja	ぶしゅ	食
symbol	ja	ぶしゅ	𩙿
symbol	ja	ぶしゅ	飠
symbol	ja	ぶしゅ	首
symbol	ja	ぶしゅ	香
symbol	ja	ぶしゅ	馬
symbol	ja	ぶしゅ	骨
symbol	ja	ぶしゅ	高
symbol	ja	ぶしゅ	髟
symbol	ja	ぶしゅ	鬥
symbol	ja	ぶしゅ	鬯
symbol	ja	ぶしゅ	鬲
symbol	ja	ぶしゅ	鬼
symbol	ja	ぶしゅ	魚
symbol	ja	ぶしゅ	鳥
symbol	ja	ぶしゅ	鹵
symbol	ja	ぶしゅ	鹿
symbol	ja	ぶしゅ	麥
symbol	ja	ぶしゅ	麦
symbol	ja	ぶしゅ	麻
symbol	ja	ぶしゅ	黃
symbol	ja	ぶしゅ	黄
symbol	ja	ぶしゅ	黍
symbol	ja	ぶしゅ	黑
symbol	ja	ぶしゅ	黒
symbol	ja	ぶしゅ	黹
symbol	ja	ぶしゅ	黽
symbol	ja	ぶしゅ	鼎
symbol	ja	ぶしゅ	鼓
symbol	ja	ぶしゅ	鼠
symbol	ja	ぶしゅ	鼻
symbol	ja	ぶしゅ	齊
symbol	ja	ぶしゅ	斉
symbol	ja	ぶしゅ	齒
symbol	ja	ぶしゅ	歯
symbol	ja	ぶしゅ	龍
symbol	ja	ぶしゅ	竜
symbol	ja	ぶしゅ	龜
symbol	ja	ぶしゅ	亀
symbol	ja	ぶしゅ	龠
symbol	ja	ひえろぐりふ	𓃗
symbol	ja	うま	𓃗
symbol	ja	ひえろぐりふ	𓃟
symbol	ja	ぶた	𓃟
symbol	ja	ひえろぐりふ	𓃠
symbol	ja	ねこ	𓃠
symbol	ja	ひえろぐりふ	𓃡
symbol	ja	いぬ	𓃡
symbol	ja	ひえろぐりふ	𓃬
symbol	ja	らいおん	𓃬
symbol	ja	ひえろぐりふ	𓃭
symbol	ja	らいおん	𓃭
symbol	ja	ひえろぐりふ	𓃰
symbol	ja	ぞう	𓃰
symbol	ja	ひえろぐりふ	𓃱
symbol	ja	きりん	𓃱
symbol	ja	ひえろぐりふ	𓃹
symbol	ja	うさぎ	𓃹
symbol	ja	のうさぎ	𓃹
symbol	ja	ひえろぐりふ	𓅓
symbol	ja	ふくろう	𓅓
symbol	ja	ひえろぐりふ	𓆉
symbol	ja	かめ	𓆉
symbol	ja	ひえろぐりふ	𓆏
symbol	ja	かえる	𓆏
symbol	ja	ひえろぐりふ	𓆛
symbol	ja	さかな	𓆛
symbol	ja	てぃらぴあ	𓆛
symbol	ja	ひえろぐりふ	𓆜
symbol	ja	さかな	𓆜
symbol	ja	ばーべる	𓆜
symbol	ja	ひえろぐりふ	𓆝
symbol	ja	さかな	𓆝
symbol	ja	ぼら	𓆝
symbol	ja	ひえろぐりふ	𓆞
symbol	ja	さかな	𓆞
symbol	ja	えれふぁんとのーずふぃっしゅ	𓆞
symbol	ja	ひえろぐりふ	𓆟
symbol	ja	さかな	𓆟
symbol	ja	ひえろぐりふ	𓆡
symbol	ja	さかな	𓆡
symbol	ja	ふぐ	𓆡
symbol	ja	まゆはま	濵
symbol	ja	はしごだか	髙
symbol	ja	たつさき	﨑
symbol	ja	つちよし	𠮷
symbol	ja	あいぬ	ㇰ
symbol	ja	あいぬ	ㇱ
symbol	ja	あいぬ	ㇲ
symbol	ja	あいぬ	ㇳ
symbol	ja	あいぬ	ㇴ
symbol	ja	あいぬ	ㇵ
symbol	ja	あいぬ	ㇶ
symbol	ja	あいぬ	ㇷ
symbol	ja	あいぬ	ㇸ
symbol	ja	あいぬ	ㇹ
symbol	ja	あいぬ	ㇺ
symbol	ja	あいぬ	ㇻ
symbol	ja	あいぬ	ㇼ
symbol	ja	あいぬ	ㇽ
symbol	ja	あいぬ	ㇾ
symbol	ja	あいぬ	ㇿ
symbol	ja	あいぬ	ㇷ゚
symbol	ja	あいぬ	セ゚
symbol	ja	あいぬ	ツ゚
symbol	ja	あいぬ	ト゚
symbol	ja	へんたいがな	𛀀
symbol	ja	へんたいがな	𛀁
symbol	ja	へんたいがな	𛀂
symbol	ja	へんたいがな	𛀃
symbol	ja	へんたいがな	𛀄
symbol	ja	へんたいがな	𛀅
symbol	ja	へんたいがな	𛀆
symbol	ja	へんたいがな	𛀇
symbol	ja	へんたいがな	𛀈
symbol	ja	へんたいがな	𛀉
symbol	ja	へんたいがな	𛀊
symbol	ja	へんたいがな	𛀋
symbol	ja	へんたいがな	𛀌
symbol	ja	へんたいがな	𛀍
symbol	ja	へんたいがな	𛀎
symbol	ja	へんたいがな	𛀏
symbol	ja	へんたいがな	𛀐
symbol	ja	へんたいがな	𛀑
symbol	ja	へんたいがな	𛀒
symbol	ja	へんたいがな	𛀓
symbol	ja	へんたいがな	𛀔
symbol	ja	へんたいがな	𛀕
symbol	ja	へんたいがな	𛀖
symbol	ja	へんたいがな	𛀗
symbol	ja	へんたいがな	𛀘
symbol	ja	へんたいがな	𛀙
symbol	ja	へんたいがな	𛀚
symbol	ja	へんたいがな	𛀛
symbol	ja	へんたいがな	𛀜
symbol	ja	へんたいがな	𛀝
symbol	ja	へんたいがな	𛀞
symbol	ja	へんたいがな	𛀟
symbol	ja	へんたいがな	𛀠
symbol	ja	へんたいがな	𛀡
symbol	ja	へんたいがな	𛀢
symbol	ja	へんたいがな	𛀣
symbol	ja	へんたいがな	𛀤
symbol	ja	へんたいがな	𛀥
symbol	ja	へんたいがな	𛀦
symbol	ja	へんたいがな	𛀧
symbol	ja	へんたいがな	𛀨
symbol	ja	へんたいがな	𛀩
symbol	ja	へんたいがな	𛀪
symbol	ja	へんたいがな	𛀫
symbol	ja	へんたいがな	𛀬
symbol	ja	へんたいがな	𛀭
symbol	ja	へんたいがな	𛀮
symbol	ja	へんたいがな	𛀯
symbol	ja	へんたいがな	𛀰
symbol	ja	へんたいがな	𛀱
symbol	ja	へんたいがな	𛀲
symbol	ja	へんたいがな	𛀳
symbol	ja	へんたいがな	𛀴
symbol	ja	へんたいがな	𛀵
symbol	ja	へんたいがな	𛀶
symbol	ja	へんたいがな	𛀷
symbol	ja	へんたいがな	𛀸
symbol	ja	へんたいがな	𛀹
symbol	ja	へんたいがな	𛀺
symbol	ja	へんたいがな	𛀻
symbol	ja	へんたいがな	𛀼
symbol	ja	へんたいがな	𛀽
symbol	ja	へんたいがな	𛀾
symbol	ja	へんたいがな	𛀿
symbol	ja	へんたいがな	𛁀
symbol	ja	へんたいがな	𛁁
symbol	ja	へんたいがな	𛁂
symbol	ja	へんたいがな	𛁃
symbol	ja	へんたいがな	𛁄
symbol	ja	へんたいがな	𛁅
symbol	ja	へんたいがな	𛁆
symbol	ja	へんたいがな	𛁇
symbol	ja	へんたいがな	𛁈
symbol	ja	へんたいがな	𛁉
symbol	ja	へんたいがな	𛁊
symbol	ja	へんたいがな	𛁋
symbol	ja	へんたいがな	𛁌
symbol	ja	へんたいがな	𛁍
symbol	ja	へんたいがな	𛁎
symbol	ja	へんたいがな	𛁏
symbol	ja	へんたいがな	𛁐
symbol	ja	へんたいがな	𛁑
symbol	ja	へんたいがな	𛁒
symbol	ja	へんたいがな	𛁓
symbol	ja	へんたいがな	𛁔
symbol	ja	へんたいがな	𛁕
symbol	ja	へんたいがな	𛁖
symbol	ja	へんたいがな	𛁗
symbol	ja	へんたいがな	𛁘
symbol	ja	へんたいがな	𛁙
symbol	ja	へんたいがな	𛁚
symbol	ja	へんたいがな	𛁛
symbol	ja	へんたいがな	𛁜
symbol	ja	へんたいがな	𛁝
symbol	ja	へんたいがな	𛁞
symbol	ja	へんたいがな	𛁟
symbol	ja	へんたいがな	𛁠
symbol	ja	へんたいがな	𛁡
symbol	ja	へんたいがな	𛁢
symbol	ja	へんたいがな	𛁣
symbol	ja	へんたいがな	𛁤
symbol	ja	へんたいがな	𛁥
symbol	ja	へんたいがな	𛁦
symbol	ja	へんたいがな	𛁧
symbol	ja	へんたいがな	𛁨
symbol	ja	へんたいがな	𛁩
symbol	ja	へんたいがな	𛁪
symbol	ja	へんたいがな	𛁫
symbol	ja	へんたいがな	𛁬
symbol	ja	へんたいがな	𛁭
symbol	ja	へんたいがな	𛁮
symbol	ja	へんたいがな	𛁯
symbol	ja	へんたいがな	𛁰
symbol	ja	へんたいがな	𛁱
symbol	ja	へんたいがな	𛁲
symbol	ja	へんたいがな	𛁳
symbol	ja	へんたいがな	𛁴
symbol	ja	へんたいがな	𛁵
symbol	ja	へんたいがな	𛁶
symbol	ja	へんたいがな	𛁷
symbol	ja	へんたいがな	𛁸
symbol	ja	へんたいがな	𛁹
symbol	ja	へんたいがな	𛁺
symbol	ja	へんたいがな	𛁻
symbol	ja	へんたいがな	𛁼
symbol	ja	へんたいがな	𛁽
symbol	ja	へんたいがな	𛁾
symbol	ja	へんたいがな	𛁿
symbol	ja	へんたいがな	𛂀
symbol	ja	へんたいがな	𛂁
symbol	ja	へんたいがな	𛂂
symbol	ja	へんたいがな	𛂃
symbol	ja	へんたいがな	𛂄
symbol	ja	へんたいがな	𛂅
symbol	ja	へんたいがな	𛂆
symbol	ja	へんたいがな	𛂇
symbol	ja	へんたいがな	𛂈
symbol	ja	へんたいがな	𛂉
symbol	ja	へんたいがな	𛂊
symbol	ja	へんたいがな	𛂋
symbol	ja	へんたいがな	𛂌
symbol	ja	へんたいがな	𛂍
symbol	ja	へんたいがな	𛂎
symbol	ja	へんたいがな	𛂏
symbol	ja	へんたいがな	𛂐
symbol	ja	へんたいがな	𛂑
symbol	ja	へんたいがな	𛂒
symbol	ja	へんたいがな	𛂓
symbol	ja	へんたいがな	𛂔
symbol	ja	へんたいがな	𛂕
symbol	ja	へんたいがな	𛂖
symbol	ja	へんたいがな	𛂗
symbol	ja	へんたいがな	𛂘
symbol	ja	へんたいがな	𛂙
symbol	ja	へんたいがな	𛂚
symbol	ja	へんたいがな	𛂛
symbol	ja	へんたいがな	𛂜
symbol	ja	へんたいがな	𛂝
symbol	ja	へんたいがな	𛂞
symbol	ja	へんたいがな	𛂟
symbol	ja	へんたいがな	𛂠
symbol	ja	へんたいがな	𛂡
symbol	ja	へんたいがな	𛂢
symbol	ja	へんたいがな	𛂣
symbol	ja	へんたいがな	𛂤
symbol	ja	へんたいがな	𛂥
symbol	ja	へんたいがな	𛂦
symbol	ja	へんたいがな	𛂧
symbol	ja	へんたいがな	𛂨
symbol	ja	へんたいがな	𛂩
symbol	ja	へんたいがな	𛂪
symbol	ja	へんたいがな	𛂫
symbol	ja	へんたいがな	𛂬
symbol	ja	へんたいがな	𛂭
symbol	ja	へんたいがな	𛂮
symbol	ja	へんたいがな	𛂯
symbol	ja	へんたいがな	𛂰
symbol	ja	へんたいがな	𛂱
symbol	ja	へんたいがな	𛂲
symbol	ja	へんたいがな	𛂳
symbol	ja	へんたいがな	𛂴
symbol	ja	へんたいがな	𛂵
symbol	ja	へんたいがな	𛂶
symbol	ja	へんたいがな	𛂷
symbol	ja	へんたいがな	𛂸
symbol	ja	へんたいがな	𛂹
symbol	ja	へんたいがな	𛂺
symbol	ja	へんたいがな	𛂻
symbol	ja	へんたいがな	𛂼
symbol	ja	へんたいがな	𛂽
symbol	ja	へんたいがな	𛂾
symbol	ja	へんたいがな	𛂿
symbol	ja	へんたいがな	𛃀
symbol	ja	へんたいがな	𛃁
symbol	ja	へんたいがな	𛃂
symbol	ja	へんたいがな	𛃃
symbol	ja	へんたいがな	𛃄
symbol	ja	へんたいがな	𛃅
symbol	ja	へんたいがな	𛃆
symbol	ja	へんたいがな	𛃇
symbol	ja	へんたいがな	𛃈
symbol	ja	へんたいがな	𛃉
symbol	ja	へんたいがな	𛃊
symbol	ja	へんたいがな	𛃋
symbol	ja	へんたいがな	𛃌
symbol	ja	へんたいがな	𛃍
symbol	ja	へんたいがな	𛃎
symbol	ja	へんたいがな	𛃏
symbol	ja	へんたいがな	𛃐
symbol	ja	へんたいがな	𛃑
symbol	ja	へんたいがな	𛃒
symbol	ja	へんたいがな	𛃓
symbol	ja	へんたいがな	𛃔
symbol	ja	へんたいがな	𛃕
symbol	ja	へんたいがな	𛃖
symbol	ja	へんたいがな	𛃗
symbol	ja	へんたいがな	𛃘
symbol	ja	へんたいがな	𛃙
symbol	ja	へんたいがな	𛃚
symbol	ja	へんたいがな	𛃛
symbol	ja	へんたいがな	𛃜
symbol	ja	へんたいがな	𛃝
symbol	ja	へんたいがな	𛃞
symbol	ja	へんたいがな	𛃟
symbol	ja	へんたいがな	𛃠
symbol	ja	へんたいがな	𛃡
symbol	ja	へんたいがな	𛃢
symbol	ja	へんたいがな	𛃣
symbol	ja	へんたいがな	𛃤
symbol	ja	へんたいがな	𛃥
symbol	ja	へんたいがな	𛃦
symbol	ja	へんたいがな	𛃧
symbol	ja	へんたいがな	𛃨
symbol	ja	へんたいがな	𛃩
symbol	ja	へんたいがな	𛃪
symbol	ja	へんたいがな	𛃫
symbol	ja	へんたいがな	𛃬
symbol	ja	へんたいがな	𛃭
symbol	ja	へんたいがな	𛃮
symbol	ja	へんたいがな	𛃯
symbol	ja	へんたいがな	𛃰
symbol	ja	へんたいがな	𛃱
symbol	ja	へんたいがな	𛃲
symbol	ja	へんたいがな	𛃳
symbol	ja	へんたいがな	𛃴
symbol	ja	へんたいがな	𛃵
symbol	ja	へんたいがな	𛃶
symbol	ja	へんたいがな	𛃷
symbol	ja	へんたいがな	𛃸
symbol	ja	へんたいがな	𛃹
symbol	ja	へんたいがな	𛃺
symbol	ja	へんたいがな	𛃻
symbol	ja	へんたいがな	𛃼
symbol	ja	へんたいがな	𛃽
symbol	ja	へんたいがな	𛃾
symbol	ja	へんたいがな	𛃿
symbol	ja	へんたいがな	𛄀
symbol	ja	へんたいがな	𛄁
symbol	ja	へんたいがな	𛄂
symbol	ja	へんたいがな	𛄃
symbol	ja	へんたいがな	𛄄
symbol	ja	へんたいがな	𛄅
symbol	ja	へんたいがな	𛄆
symbol	ja	へんたいがな	𛄇
symbol	ja	へんたいがな	𛄈
symbol	ja	へんたいがな	𛄉
symbol	ja	へんたいがな	𛄊
symbol	ja	へんたいがな	𛄋
symbol	ja	へんたいがな	𛄌
symbol	ja	へんたいがな	𛄍
symbol	ja	へんたいがな	𛄎
symbol	ja	へんたいがな	𛄏
symbol	ja	へんたいがな	𛄐
symbol	ja	へんたいがな	𛄑
symbol	ja	へんたいがな	𛄒
symbol	ja	へんたいがな	𛄓
symbol	ja	へんたいがな	𛄔
symbol	ja	へんたいがな	𛄕
symbol	ja	へんたいがな	𛄖
symbol	ja	へんたいがな	𛄗
symbol	ja	へんたいがな	𛄘
symbol	ja	へんたいがな	𛄙
symbol	ja	へんたいがな	𛄚
symbol	ja	へんたいがな	𛄛
symbol	ja	へんたいがな	𛄜
symbol	ja	へんたいがな	𛄝
symbol	ja	へんたいがな	𛄞
symbol	ja	へんたいがな	𛄟
symbol	ja	へんたいがな	𛄠
symbol	ja	へんたいがな	𛄡
symbol	ja	へんたいがな	𛄢
symbol	ja	あ	あ゙
symbol	ja	あ"	あ゙
symbol	ja	だくてん	あ゙
symbol	ja	あ	ぁ゙
symbol	ja	あ"	ぁ゙
symbol	ja	ぁ	ぁ゙
symbol	ja	ぁ"	ぁ゙
symbol	ja	だくてん	ぁ゙
symbol	ja	い	い゙
symbol	ja	い"	い゙
symbol	ja	だくてん	い゙
symbol	ja	い	ぃ゙
symbol	ja	い"	ぃ゙
symbol	ja	ぃ	ぃ゙
symbol	ja	ぃ"	ぃ゙
symbol	ja	だくてん	ぃ゙
symbol	ja	う	ぅ゙
symbol	ja	う"	ぅ゙
symbol	ja	ゔ	ぅ゙
symbol	ja	ぅ	ぅ゙
symbol	ja	ぅ"	ぅ゙
symbol	ja	だくてん	ぅ゙
symbol	ja	え	え゙
symbol	ja	え"	え゙
symbol	ja	だくてん	え゙
symbol	ja	え	ぇ゙
symbol	ja	え"	ぇ゙
symbol	ja	ぇ	ぇ゙
symbol	ja	ぇ"	ぇ゙
symbol	ja	だくてん	ぇ゙
symbol	ja	お	お゙
symbol	ja	お"	お゙
symbol	ja	だくてん	お゙
symbol	ja	お	ぉ゙
symbol	ja	お"	ぉ゙
symbol	ja	ぉ	ぉ゙
symbol	ja	ぉ"	ぉ゙
symbol	ja	だくてん	ぉ゙
symbol	ja	づ	っ゙
symbol	ja	っ	っ゙
symbol	ja	っ"	っ゙
symbol	ja	だくてん	っ゙
symbol	ja	な	な゙
symbol	ja	な"	な゙
symbol	ja	だくてん	な゙
symbol	ja	に	に゙
symbol	ja	に"	に゙
symbol	ja	だくてん	に゙
symbol	ja	ぬ	ぬ゙
symbol	ja	ぬ"	ぬ゙
symbol	ja	だくてん	ぬ゙
symbol	ja	ね	ね゙
symbol	ja	ね"	ね゙
symbol	ja	だくてん	ね゙
symbol	ja	の	の゙
symbol	ja	の"	の゙
symbol	ja	だくてん	の゙
symbol	ja	ま	ま゙
symbol	ja	ま"	ま゙
symbol	ja	だくてん	ま゙
symbol	ja	み	み゙
symbol	ja	み"	み゙
symbol	ja	だくてん	み゙
symbol	ja	む	む゙
symbol	ja	む"	む゙
symbol	ja	だくてん	む゙
symbol	ja	め	め゙
symbol	ja	め"	め゙
symbol	ja	だくてん	め゙
symbol	ja	も	も゙
symbol	ja	も"	も゙
symbol	ja	だくてん	も゙
symbol	ja	や	や゙
symbol	ja	や"	や゙
symbol	ja	だくてん	や゙
symbol	ja	や	ゃ゙
symbol	ja	や"	ゃ゙
symbol	ja	ゃ	ゃ゙
symbol	ja	ゃ"	ゃ゙
symbol	ja	だくてん	ゃ゙
symbol	ja	ゆ	ゆ゙
symbol	ja	ゆ"	ゆ゙
symbol	ja	だくてん	ゆ゙
symbol	ja	ゆ	ゅ゙
symbol	ja	ゆ"	ゅ゙
symbol	ja	ゅ	ゅ゙
symbol	ja	ゅ"	ゅ゙
symbol	ja	だくてん	ゅ゙
symbol	ja	よ	よ゙
symbol	ja	よ"	よ゙
symbol	ja	だくてん	よ゙
symbol	ja	よ	ょ゙
symbol	ja	よ"	ょ゙
symbol	ja	ょ	ょ゙
symbol	ja	ょ"	ょ゙
symbol	ja	だくてん	ょ゙
symbol	ja	ら	ら゙
symbol	ja	ら"	ら゙
symbol	ja	だくてん	ら゙
symbol	ja	り	り゙
symbol	ja	り"	り゙
symbol	ja	だくてん	り゙
symbol	ja	る	る゙
symbol	ja	る"	る゙
symbol	ja	だくてん	る゙
symbol	ja	れ	れ゙
symbol	ja	れ"	れ゙
symbol	ja	だくてん	れ゙
symbol	ja	ろ	ろ゙
symbol	ja	ろ"	ろ゙
symbol	ja	だくてん	ろ゙
symbol	ja	わ	わ゙
symbol	ja	わ"	わ゙
symbol	ja	ゔぁ	わ゙
symbol	ja	だくてん	わ゙
symbol	ja	ゐ	ゐ゙
symbol	ja	ゐ"	ゐ゙
symbol	ja	うぃ	ゐ゙
symbol	ja	ゔぃ	ゐ゙
symbol	ja	い	ゐ゙
symbol	ja	い"	ゐ゙
symbol	ja	だくてん	ゐ゙
symbol	ja	ゑ	ゑ゙
symbol	ja	ゑ"	ゑ゙
symbol	ja	うぇ	ゑ゙
symbol	ja	ゔぇ	ゑ゙
symbol	ja	え	ゑ゙
symbol	ja	え"	ゑ゙
symbol	ja	だくてん	ゑ゙
symbol	ja	を	を゙
symbol	ja	を"	を゙
symbol	ja	ゔぉ	を゙
symbol	ja	だくてん	を゙
symbol	ja	ん	ん゙
symbol	ja	ん"	ん゙
symbol	ja	だくてん	ん゙
symbol	ja	あ	ア゙
symbol	ja	あ"	ア゙
symbol	ja	だくてん	ア゙
symbol	ja	あ	ァ゙
symbol	ja	あ"	ァ゙
symbol	ja	ぁ	ァ゙
symbol	ja	ぁ"	ァ゙
symbol	ja	だくてん	ァ゙
symbol	ja	い	イ゙
symbol	ja	い"	イ゙
symbol	ja	だくてん	イ゙
symbol	ja	い	ィ゙
symbol	ja	い"	ィ゙
symbol	ja	ぃ	ィ゙
symbol	ja	ぃ"	ィ゙
symbol	ja	だくてん	ィ゙
symbol	ja	う	ゥ゙
symbol	ja	う"	ゥ゙
symbol	ja	ぅ	ゥ゙
symbol	ja	ぅ"	ゥ゙
symbol	ja	だくてん	ゥ゙
symbol	ja	え	エ゙
symbol	ja	え"	エ゙
symbol	ja	だくてん	エ゙
symbol	ja	え	ェ゙
symbol	ja	え"	ェ゙
symbol	ja	ぇ	ェ゙
symbol	ja	ぇ"	ェ゙
symbol	ja	だくてん	ェ゙
symbol	ja	お	オ゙
symbol	ja	お"	オ゙
symbol	ja	だくてん	オ゙
symbol	ja	お	ォ゙
symbol	ja	お"	ォ゙
symbol	ja	ぉ	ォ゙
symbol	ja	ぉ"	ォ゙
symbol	ja	だくてん	ォ゙
symbol	ja	づ	ッ゙
symbol	ja	っ	ッ゙
symbol	ja	っ"	ッ゙
symbol	ja	だくてん	ッ゙
symbol	ja	な	ナ゙
symbol	ja	な"	ナ゙
symbol	ja	だくてん	ナ゙
symbol	ja	に	ニ゙
symbol	ja	に"	ニ゙
symbol	ja	だくてん	ニ゙
symbol	ja	ぬ	ヌ゙
symbol	ja	ぬ"	ヌ゙
symbol	ja	だくてん	ヌ゙
symbol	ja	ね	ネ゙
symbol	ja	ね"	ネ゙
symbol	ja	だくてん	ネ゙
symbol	ja	の	ノ゙
symbol	ja	の"	ノ゙
symbol	ja	だくてん	ノ゙
symbol	ja	ま	マ゙
symbol	ja	ま"	マ゙
symbol	ja	だくてん	マ゙
symbol	ja	み	ミ゙
symbol	ja	み"	ミ゙
symbol	ja	だくてん	ミ゙
symbol	ja	む	ム゙
symbol	ja	む"	ム゙
symbol	ja	だくてん	ム゙
symbol	ja	め	メ゙
symbol	ja	め"	メ゙
symbol	ja	だくてん	メ゙
symbol	ja	も	モ゙
symbol	ja	も"	モ゙
symbol	ja	だくてん	モ゙
symbol	ja	や	ヤ゙
symbol	ja	や"	ヤ゙
symbol	ja	だくてん	ヤ゙
symbol	ja	や	ャ゙
symbol	ja	や"	ャ゙
symbol	ja	ゃ	ャ゙
symbol	ja	ゃ"	ャ゙
symbol	ja	だくてん	ャ゙
symbol	ja	ゆ	ユ゙
symbol	ja	ゆ"	ユ゙
symbol	ja	だくてん	ユ゙
symbol	ja	ゆ	ュ゙
symbol	ja	ゆ"	ュ゙
symbol	ja	ゅ	ュ゙
symbol	ja	ゅ"	ュ゙
symbol	ja	だくてん	ュ゙
symbol	ja	よ	ヨ゙
symbol	ja	よ"	ヨ゙
symbol	ja	だくてん	ヨ゙
symbol	ja	よ	ョ゙
symbol	ja	よ"	ョ゙
symbol	ja	ょ	ョ゙
symbol	ja	ょ"	ョ゙
symbol	ja	だくてん	ョ゙
symbol	ja	ら	ラ゙
symbol	ja	ら"	ラ゙
symbol	ja	だくてん	ラ゙
symbol	ja	り	リ゙
symbol	ja	り"	リ゙
symbol	ja	だくてん	リ゙
symbol	ja	る	ル゙
symbol	ja	る"	ル゙
symbol	ja	だくてん	ル゙
symbol	ja	れ	レ゙
symbol	ja	れ"	レ゙
symbol	ja	だくてん	レ゙
symbol	ja	ろ	ロ゙
symbol	ja	ろ"	ロ゙
symbol	ja	だくてん	ロ゙
symbol	ja	わ	ヷ
symbol	ja	わ"	ヷ
symbol	ja	ゔぁ	ヷ
symbol	ja	だくてん	ヷ
symbol	ja	ゐ	ヸ
symbol	ja	ゐ"	ヸ
symbol	ja	うぃ	ヸ
symbol	ja	ゔぃ	ヸ
symbol	ja	い	ヸ
symbol	ja	い"	ヸ
symbol	ja	だくてん	ヸ
symbol	ja	ゑ	ヹ
symbol	ja	ゑ"	ヹ
symbol	ja	うぇ	ヹ
symbol	ja	ゔぇ	ヹ
symbol	ja	え	ヹ
symbol	ja	え"	ヹ
symbol	ja	だくてん	ヹ
symbol	ja	を	ヺ
symbol	ja	を"	ヺ
symbol	ja	ゔぉ	ヺ
symbol	ja	だくてん	ヺ
symbol	ja	ん	ン゙
symbol	ja	ん"	ン゙
symbol	ja	だくてん	ン゙
symbol	ja	びだくおん	か゚
symbol	ja	びだくおん	き゚
symbol	ja	びだくおん	く゚
symbol	ja	びだくおん	け゚
symbol	ja	びだくおん	こ゚
symbol	ja	びだくおん	カ゚
symbol	ja	びだくおん	キ゚
symbol	ja	びだくおん	ク゚
symbol	ja	びだくおん	ケ゚
symbol	ja	びだくおん	コ゚
emoticon	ja	にこにこ	＼(^o^)／
emoticon	ja	にこっ	＼(^o^)／
emoticon	ja	にこ	＼(^o^)／
emoticon	ja	ばんざい	＼(^o^)／
emoticon	ja	おわた	＼(^o^)／
emoticon	ja	おーい	＼(^o^)／
emoticon	ja	はーい	＼(^o^)／
emoticon	ja	にこにこ	(^o^)
emoticon	ja	にこっ	(^o^)
emoticon	ja	にこ	(^o^)
emoticon	ja	わーい	(^o^)
emoticon	ja	にこにこ	(^^)
emoticon	ja	にこっ	(^^)
emoticon	ja	にこ	(^^)
emoticon	ja	にこにこ	(*^^*)
emoticon	ja	にこっ	(*^^*)
emoticon	ja	にこ	(*^^*)
emoticon	ja	にこっ	^_^
emoticon	ja	にこ	^_^
emoticon	ja	よこおき	:D
emoticon	ja	にこにこ	:D
emoticon	ja	にこっ	:D
emoticon	ja	にこ	:D
emoticon	ja	わーい	:D
emoticon	ja	にこ	・ω・
emoticon	ja	にこにこ	^^;
emoticon	ja	あせ	^^;
emoticon	ja	ぎくっ	^^;
emoticon	ja	ぽりぽり	^^;
emoticon	ja	きらきら	☆彡
emoticon	ja	ほし	☆彡
emoticon	ja	ながれぼし	☆彡
emoticon	ja	しくしく	(T_T)
emoticon	ja	なみだ	(T_T)
emoticon	ja	なく	(T_T)
emoticon	ja	えーん	(T_T)
emoticon	ja	てれ	(*´ω｀*)
emoticon	ja	しょぼーん	(´・ω・｀)
emoticon	ja	しょんぼり	(´・ω・｀)
emoticon	ja	がっかり	(´・ω・｀)
emoticon	ja	にこにこ	(^O^)
emoticon	ja	にこっ	(^O^)
emoticon	ja	にこ	(^O^)
emoticon	ja	わーい	(^O^)
emoticon	ja	しくしく	(;_;)
emoticon	ja	なみだ	(;_;)
emoticon	ja	なく	(;_;)
emoticon	ja	えーん	(;_;)
emoticon	ja	うるうる	(;_;)
emoticon	ja	にこにこ	(^_^)
emoticon	ja	にこっ	(^_^)
emoticon	ja	にこ	(^_^)
emoticon	ja	ぺこり	m(_ _)m
emoticon	ja	ごめん	m(_ _)m
emoticon	ja	ごめんなさい	m(_ _)m
emoticon	ja	おじぎ	m(_ _)m
emoticon	ja	ありがとう	m(_ _)m
emoticon	ja	にこにこ	(・∀・)
emoticon	ja	にこっ	(・∀・)
emoticon	ja	にこ	(・∀・)
emoticon	ja	びくっ	(*_*)
emoticon	ja	びっくり	(*_*)
emoticon	ja	めがてん	(*_*)
emoticon	ja	しょぼーん	(´・ω・`)
emoticon	ja	がっくり	(´・ω・`)
emoticon	ja	がくーり	(´・ω・`)
emoticon	ja	しょんぼり	(´・ω・`)
emoticon	ja	にこにこ	(*^_^*)
emoticon	ja	にこっ	(*^_^*)
emoticon	ja	にこ	(*^_^*)
emoticon	ja	わーい	(*^_^*)
emoticon	ja	よこおき	:)
emoticon	ja	すまいる	:)
emoticon	ja	またね	:)
emoticon	ja	てれ	(*´∀｀*)
emoticon	ja	またーり	(*´∀｀*)
emoticon	ja	うっとり	(*´∀｀*)
emoticon	ja	にこにこ	(^_^;)
emoticon	ja	あせ	(^_^;)
emoticon	ja	ぎくっ	(^_^;)
emoticon	ja	ぽりぽり	(^_^;)
emoticon	ja	ぺこり	m(__)m
emoticon	ja	ごめん	m(__)m
emoticon	ja	ごめんなさい	m(__)m
emoticon	ja	おじぎ	m(__)m
emoticon	ja	ぺこり	(._.)
emoticon	ja	どれどれ	(._.)
emoticon	ja	ごめんなさい	(._.)
emoticon	ja	ごめん	(._.)
emoticon	ja	なみだ	(´；ω；｀)
emoticon	ja	なく	(´；ω；｀)
emoticon	ja	じとっ	(-_-)
emoticon	ja	じと	(-_-)
emoticon	ja	じとー	(-_-)
emoticon	ja	むっ	(-_-)
emoticon	ja	てれ	(*´∀｀)
emoticon	ja	にこにこ	(^O^)／
emoticon	ja	おーい	(^O^)／
emoticon	ja	はーい	(^O^)／
emoticon	ja	にこにこ	(^○^)
emoticon	ja	にこっ	(^○^)
emoticon	ja	にこ	(^○^)
emoticon	ja	わーい	(^○^)
emoticon	ja	あひゃ	(ﾟ∀ﾟ)
emoticon	ja	びっくり	(ﾟ∀ﾟ)
emoticon	ja	めがてん	(ﾟ∀ﾟ)
emoticon	ja	ちゅっ	(´ε｀ )
emoticon	ja	きらきら	☆ミ
emoticon	ja	ほし	☆ミ
emoticon	ja	ながれぼし	☆ミ
emoticon	ja	にこにこ	(^^)/
emoticon	ja	おーい	(^^)/
emoticon	ja	はーい	(^^)/
emoticon	ja	ではでは	(^^)/
emoticon	ja	にこにこ	(^q^)
emoticon	ja	にこっ	(^q^)
emoticon	ja	にこ	(^q^)
emoticon	ja	よだれ	(^q^)
emoticon	ja	がっくり	＿|￣|○
emoticon	ja	がくーり	＿|￣|○
emoticon	ja	にこにこ	(⌒▽⌒)
emoticon	ja	にこっ	(⌒▽⌒)
emoticon	ja	にこ	(⌒▽⌒)
emoticon	ja	にゃー	(⌒▽⌒)
emoticon	ja	にこにこ	(^.^)
emoticon	ja	にこっ	(^.^)
emoticon	ja	にこ	(^.^)
emoticon	ja	よこおき	;)
emoticon	ja	うぃんく	;)
emoticon	ja	ういんく	;)
emoticon	ja	にこにこ	;)
emoticon	ja	にこっ	;)
emoticon	ja	にこ	;)
emoticon	ja	ぎくっ	(-_-;)
emoticon	ja	あせ	(-_-;)
emoticon	ja	じろ	(-_-;)
emoticon	ja	じとっ	(-_-;)
emoticon	ja	じと	(-_-;)
emoticon	ja	じとー	(-_-;)
emoticon	ja	にゅっ	（＾ν＾）
emoticon	ja	にこにこ	（＾ν＾）
emoticon	ja	にこっ	（＾ν＾）
emoticon	ja	にこ	（＾ν＾）
emoticon	ja	しくしく	(ToT)
emoticon	ja	なみだ	(ToT)
emoticon	ja	なく	(ToT)
emoticon	ja	えーん	(ToT)
emoticon	ja	にこにこ	(#^.^#)
emoticon	ja	にこっ	(#^.^#)
emoticon	ja	にこ	(#^.^#)
emoticon	ja	にこっ	(#^^#)
emoticon	ja	にこ	(#^^#)
emoticon	ja	にこにこ	(#^^#)
emoticon	ja	にこにこ	(^_-)
emoticon	ja	ういんく	(^_-)
emoticon	ja	うぃんく	(^_-)
emoticon	ja	むしめがね	(p_-)
emoticon	ja	じとっ	(-.-)
emoticon	ja	じと	(-.-)
emoticon	ja	じとー	(-.-)
emoticon	ja	むっ	(-.-)
emoticon	ja	じとっ	(-.-;)
emoticon	ja	じと	(-.-;)
emoticon	ja	じとー	(-.-;)
emoticon	ja	ぎくっ	(-.-;)
emoticon	ja	むか	(--)
emoticon	ja	どれどれ	(..)
emoticon	ja	めもめも	φ(..)
emoticon	ja	しくしく	(TT)
emoticon	ja	なみだ	(TT)
emoticon	ja	なく	(TT)
emoticon	ja	えーん	(TT)
emoticon	ja	しくしく	(TдT)
emoticon	ja	なみだ	(TдT)
emoticon	ja	なく	(TдT)
emoticon	ja	えーん	(TдT)
emoticon	ja	しくしく	(TOT)
emoticon	ja	なみだ	(TOT)
emoticon	ja	なく	(TOT)
emoticon	ja	えーん	(TOT)
emoticon	ja	しくしく	(;O;)
emoticon	ja	なみだ	(;O;)
emoticon	ja	なく	(;O;)
emoticon	ja	えーん	(;O;)
emoticon	ja	びくっ	(・・;)
emoticon	ja	びっくり	(・・;)
emoticon	ja	めがてん	(・・;)
emoticon	ja	あせ	(・・;)
emoticon	ja	ぎくっ	(・_・;)
emoticon	ja	あせ	(・_・;)
emoticon	ja	めがてん	(・_・;)
emoticon	ja	えー	(・_・;)
emoticon	ja	びくっ	(・_・)
emoticon	ja	びっくり	(・_・)
emoticon	ja	めがてん	(・_・)
emoticon	ja	えー	(・_・)
emoticon	ja	びくっ	(・o・)
emoticon	ja	びっくり	(・o・)
emoticon	ja	めがてん	(・o・)
emoticon	ja	ぽかーん	(・o・)
emoticon	ja	めがてん	(・・)
emoticon	ja	びっくり	(・・)
emoticon	ja	びくっ	(・・)
emoticon	ja	しーん	(・・)
emoticon	ja	めがてん	(・・?
emoticon	ja	なぜ	(・・?
emoticon	ja	なぞ	(・・?
emoticon	ja	はてな	(・・?
emoticon	ja	めがてん	(・・;
emoticon	ja	なぜ	(・・;
emoticon	ja	なぞ	(・・;
emoticon	ja	はてな	(・・;
emoticon	ja	あせ	(・・;
emoticon	ja	ぎくっ	(・・;
emoticon	ja	あせ	(・。・;
emoticon	ja	めがてん	(・。・;
emoticon	ja	びくっ	(・。・;
emoticon	ja	めがてん	(・。・)
emoticon	ja	びっくり	(・。・)
emoticon	ja	びくっ	(・。・)
emoticon	ja	むか	(・へ・)
emoticon	ja	ぎくっ	(；・∀・)
emoticon	ja	あせ	(；・∀・)
emoticon	ja	あせ	(；´∀｀)
emoticon	ja	あせ	(；´Д｀)
emoticon	ja	はぁはぁ	(；´Д｀)
emoticon	ja	てれ	(*´Д｀)
emoticon	ja	あーん	(*´Д｀)
emoticon	ja	てれ	(*´艸｀*)
emoticon	ja	ぽっ	(*´艸｀*)
emoticon	ja	きゃっ	(*´艸｀*)
emoticon	ja	だらー	(*´﹃｀*)
emoticon	ja	てれ	(*´ｪ`*)
emoticon	ja	ぽっ	(*´ｪ`*)
emoticon	ja	てれ	(*´ω`*)
emoticon	ja	ぐったり	(ヽ´ω`)
emoticon	ja	げっそり	(ヽ´ω`)
emoticon	ja	てれ	(●´ω｀●)
emoticon	ja	にこ	(●´ω｀●)
emoticon	ja	にこにこ	(●´ω｀●)
emoticon	ja	ぽっ	(●´ω｀●)
emoticon	ja	にこ	(●´ϖ`●)
emoticon	ja	にこにこ	(●´ϖ`●)
emoticon	ja	にこっ	(●´ϖ`●)
emoticon	ja	ぺろ	(*´ڡ`●)
emoticon	ja	ぺろ	(๑´ڡ`๑)
emoticon	ja	ぺろっ	(๑´ڡ`๑)
emoticon	ja	おいしい	(๑´ڡ`๑)
emoticon	ja	うわーん	٩(๑´0`๑)۶
emoticon	ja	ばんざい	٩(๑´3｀๑)۶
emoticon	ja	むか	٩(๑òωó๑)۶
emoticon	ja	むかっ	٩(๑òωó๑)۶
emoticon	ja	むきー	٩(๑òωó๑)۶
emoticon	ja	ぷんぷん	٩(๑òωó๑)۶
emoticon	ja	むか	٩(๑`^´๑)۶
emoticon	ja	むかっ	٩(๑`^´๑)۶
emoticon	ja	むきー	٩(๑`^´๑)۶
emoticon	ja	ぷんぷん	٩(๑`^´๑)۶
emoticon	ja	くちびる	(๑˙❥˙๑)
emoticon	ja	わーい	(^o^;)
emoticon	ja	にこ	(^o^;)
emoticon	ja	にこにこ	(^o^;)
emoticon	ja	にこっ	(^o^;)
emoticon	ja	あせ	(^o^;)
emoticon	ja	ぎくっ	(^o^;)
emoticon	ja	ぎくっ	(^o^;
emoticon	ja	あせ	(^o^;
emoticon	ja	にこにこ	(^.^;
emoticon	ja	あせ	(^.^;
emoticon	ja	ぎくっ	(^.^;
emoticon	ja	ぽりぽり	(^.^;
emoticon	ja	にこにこ	(^^ゞ
emoticon	ja	あせ	(^^ゞ
emoticon	ja	ぎくっ	(^^ゞ
emoticon	ja	ぽりぽり	(^^ゞ
emoticon	ja	にこにこ	(^^♪
emoticon	ja	にこっ	(^^♪
emoticon	ja	にこ	(^^♪
emoticon	ja	にこにこ	(^。^)
emoticon	ja	にこっ	(^。^)
emoticon	ja	にこ	(^。^)
emoticon	ja	わーい	(^。^)
emoticon	ja	じゅるっ	(^Q^)
emoticon	ja	にこっ	(^Q^)
emoticon	ja	とんとん	(^m^)
emoticon	ja	にこにこ	(^・^)
emoticon	ja	にこっ	(^・^)
emoticon	ja	にこ	(^・^)
emoticon	ja	あひゃ	(^ρ^)
emoticon	ja	にこにこ	(^o^)v
emoticon	ja	にこっ	(^o^)v
emoticon	ja	にこ	(^o^)v
emoticon	ja	ぶい	(^o^)v
emoticon	ja	ぴーす	(^o^)v
emoticon	ja	にこにこ	(^_^)v
emoticon	ja	にこっ	(^_^)v
emoticon	ja	にこ	(^_^)v
emoticon	ja	ぶい	(^_^)v
emoticon	ja	ぴーす	(^_^)v
emoticon	ja	ぶい	(^O^)v
emoticon	ja	ぴーす	(^O^)v
emoticon	ja	にこにこ	(^^)v
emoticon	ja	にこっ	(^^)v
emoticon	ja	にこ	(^^)v
emoticon	ja	ぶい	(^^)v
emoticon	ja	ぴーす	(^^)v
emoticon	ja	にこにこ	(*^^)v
emoticon	ja	にこっ	(*^^)v
emoticon	ja	にこ	(*^^)v
emoticon	ja	ぶい	(*^^)v
emoticon	ja	ぴーす	(*^^)v
emoticon	ja	にこにこ	(*^。^*)
emoticon	ja	にこっ	(*^。^*)
emoticon	ja	にこ	(*^。^*)
emoticon	ja	てれ	(*^▽^*)
emoticon	ja	にこにこ	（*^_^*）
emoticon	ja	にこっ	（*^_^*）
emoticon	ja	にこ	（*^_^*）
emoticon	ja	あせ	（；^ω^）
emoticon	ja	あせ	（；＾ω＾）
emoticon	ja	にこにこ	（＾ｖ＾）
emoticon	ja	にこっ	（＾ｖ＾）
emoticon	ja	にこ	（＾ｖ＾）
emoticon	ja	わーい	（＾ｖ＾）
emoticon	ja	にこにこ	（＾◇＾）
emoticon	ja	にこっ	（＾◇＾）
emoticon	ja	にこ	（＾◇＾）
emoticon	ja	わーい	（＾◇＾）
emoticon	ja	にこにこ	（＾ｕ＾）
emoticon	ja	にこっ	（＾ｕ＾）
emoticon	ja	にこ	（＾ｕ＾）
emoticon	ja	にゅっ	（ ＾ν＾）
emoticon	ja	にこにこ	（ ＾ν＾）
emoticon	ja	にこっ	（ ＾ν＾）
emoticon	ja	にこ	（ ＾ν＾）
emoticon	ja	にこにこ	（●＾o＾●）
emoticon	ja	にこっ	（●＾o＾●）
emoticon	ja	にこ	（●＾o＾●）
emoticon	ja	わーい	（●＾o＾●）
emoticon	ja	ぷんぷん	（●｀ε´●）
emoticon	ja	いかり	（●｀ε´●）
emoticon	ja	むか	（●｀ε´●）
emoticon	ja	むか	(｀´）
emoticon	ja	むかー	(｀´）
emoticon	ja	うーん	(゜゜)
emoticon	ja	えっと	(゜゜)
emoticon	ja	えーと	(゜゜)
emoticon	ja	おーい	(゜o゜)
emoticon	ja	うーん	(゜-゜)
emoticon	ja	えっと	(゜-゜)
emoticon	ja	えーと	(゜-゜)
emoticon	ja	うーん	(゜_゜)
emoticon	ja	えっと	(゜_゜)
emoticon	ja	えーと	(゜_゜)
emoticon	ja	うーん	(゜.゜)
emoticon	ja	えっと	(゜.゜)
emoticon	ja	えーと	(゜.゜)
emoticon	ja	うーん	(゜レ゜)
emoticon	ja	ぎくっ	(゜o゜;
emoticon	ja	びっくり	(゜o゜;
emoticon	ja	めがてん	(゜o゜;
emoticon	ja	あせ	(゜o゜;
emoticon	ja	えっと	(゜o゜;
emoticon	ja	えーと	(゜o゜;
emoticon	ja	ほへー	(~o~)
emoticon	ja	ほへー	(~_~)
emoticon	ja	あせ	(~_~;)
emoticon	ja	ほへー	(~_~;)
emoticon	ja	ほへー	(~O~;)
emoticon	ja	あせ	(~O~;)
emoticon	ja	ほへー	(~O~)
emoticon	ja	むか	(~_~メ)
emoticon	ja	むかー	(~_~メ)
emoticon	ja	むか	(-_-メ)
emoticon	ja	びくっ	(＠_＠;)
emoticon	ja	びっくり	(＠_＠;)
emoticon	ja	めがてん	(＠_＠;)
emoticon	ja	あせ	(＠_＠;)
emoticon	ja	びくっ	(@_@)
emoticon	ja	びっくり	(@_@)
emoticon	ja	めがてん	(@_@)
emoticon	ja	めがてん	(@@)
emoticon	ja	びっくり	(@@)
emoticon	ja	びくっ	(@@)
emoticon	ja	びくっ	(@_@。
emoticon	ja	びっくり	(@_@。
emoticon	ja	めがてん	(@_@。
emoticon	ja	びくっ	(*_*;
emoticon	ja	びっくり	(*_*;
emoticon	ja	めがてん	(*_*;
emoticon	ja	あせ	(*_*;
emoticon	ja	しくしく	(;_;
emoticon	ja	なみだ	(;_;
emoticon	ja	うるうる	(;_;
emoticon	ja	しくしく	(/_;)
emoticon	ja	なみだ	(/_;)
emoticon	ja	なく	(/_;)
emoticon	ja	えーん	(/_;)
emoticon	ja	しくしく	(:_;)
emoticon	ja	なみだ	(:_;)
emoticon	ja	なく	(:_;)
emoticon	ja	えーん	(:_;)
emoticon	ja	うるうる	(:_;)
emoticon	ja	ぎくっ	(ーー;)
emoticon	ja	あせ	(ーー;)
emoticon	ja	じろ	(ーー;)
emoticon	ja	じとっ	(ーー;)
emoticon	ja	じと	(ーー;)
emoticon	ja	じとー	(ーー;)
emoticon	ja	じろ	(ー_ー;)
emoticon	ja	じとっ	(ー_ー;)
emoticon	ja	じと	(ー_ー;)
emoticon	ja	じとー	(ー_ー;)
emoticon	ja	あせ	(ー_ー;)
emoticon	ja	じとっ	(ー_ー)
emoticon	ja	じとー	(ー_ー)
emoticon	ja	びくっ	(+_+)
emoticon	ja	びっくり	(+_+)
emoticon	ja	まぶしい	(+_+)
emoticon	ja	うーん	(+_+)
emoticon	ja	うーん	(+o+)
emoticon	ja	うーん	((+_+))
emoticon	ja	うーん	(｡･_･｡)
emoticon	ja	てれ	(｡･･｡)
emoticon	ja	うーん	(｡ŏ﹏ŏ)
emoticon	ja	てれ	(｡>﹏<｡)
emoticon	ja	はずかしい	(｡>﹏<｡)
emoticon	ja	うれしい	(>ω<)
emoticon	ja	ねこ	(ΦωΦ)
emoticon	ja	どうぶつ	(ΦωΦ)
emoticon	ja	てれ	(〃ω〃)
emoticon	ja	てれ	(〃∇〃)
emoticon	ja	ぺこり	(_ _)
emoticon	ja	ごめん	(_ _)
emoticon	ja	ごめんなさい	(_ _)
emoticon	ja	おじぎ	(_ _)
emoticon	ja	ぺこり	(_ _;)
emoticon	ja	おじぎ	(_ _;)
emoticon	ja	あせ	(_ _;)
emoticon	ja	ごめん	(_ _;)
emoticon	ja	ごめんなさい	(_ _;)
emoticon	ja	ぺこり	m(_ _;)m
emoticon	ja	おじぎ	m(_ _;)m
emoticon	ja	あせ	m(_ _;)m
emoticon	ja	ごめん	m(_ _;)m
emoticon	ja	ごめんなさい	m(_ _;)m
emoticon	ja	ぺこり	_(_^_)_
emoticon	ja	ごめん	_(_^_)_
emoticon	ja	ごめんなさい	_(_^_)_
emoticon	ja	おじぎ	_(_^_)_
emoticon	ja	ぺこり	_(._.)_
emoticon	ja	ごめん	_(._.)_
emoticon	ja	ごめんなさい	_(._.)_
emoticon	ja	おじぎ	_(._.)_
emoticon	ja	ばた	_(┐「ε:)_
emoticon	ja	たかざわじゅんすけ	_(┐「ε:)_
emoticon	ja	たかざわじゅんすけ	_(:3」∠)_
emoticon	ja	なみだ	(¯―¯٥)
emoticon	ja	なく	(¯―¯٥)
emoticon	ja	にこ	(*ﾟ∀ﾟ)
emoticon	ja	にこにこ	(*ﾟ∀ﾟ)
emoticon	ja	にこっ	(*ﾟ∀ﾟ)
emoticon	ja	つー	(*ﾟ∀ﾟ)
emoticon	ja	ぽかーん	( ﾟдﾟ)
emoticon	ja	みんな	( ﾟдﾟ )
emoticon	ja	みるな	( ﾟдﾟ )
emoticon	ja	ふりむき	( ﾟдﾟ )彡
emoticon	ja	びっくり	(´ﾟдﾟ｀)
emoticon	ja	びっくり	(ﾟдﾟ)！
emoticon	ja	わお	ヮ(ﾟдﾟ)ォ!
emoticon	ja	はっ	( ﾟдﾟ)ﾊｯ!
emoticon	ja	びっくり	( ﾟдﾟ)ﾊｯ!
emoticon	ja	じょるじゅ	( ﾟ∀ﾟ)o彡°
emoticon	ja	あひゃ	(ﾟ∀ﾟ)ｱﾋｬ
emoticon	ja	あひゃ	ﾍ(ﾟ∀ﾟﾍ)ｱﾋｬ
emoticon	ja	きゃー	Σ(ﾟ∀ﾟﾉ)ﾉｷｬｰ
emoticon	ja	びっくり	Σ(ﾟ∀ﾟﾉ)ﾉｷｬｰ
emoticon	ja	てれ	(*ﾉｪﾉ)ｷｬｰ
emoticon	ja	きゃー	(*ﾉｪﾉ)ｷｬｰ
emoticon	ja	あちゃー	(ﾉ∀`)ｱﾁｬｰ
emoticon	ja	しくしく	(ﾉД`)ｼｸｼｸ
emoticon	ja	なみだ	(ﾉД`)ｼｸｼｸ
emoticon	ja	なく	(ﾉД`)ｼｸｼｸ
emoticon	ja	えーん	(ﾉД`)ｼｸｼｸ
emoticon	ja	はぁ	(´Д｀)ﾊｧ…
emoticon	ja	はぁはぁ	(;´Д｀)ﾊｧﾊｧ
emoticon	ja	あせ	(;´Д｀)ﾊｧﾊｧ
emoticon	ja	はぁはぁ	(*´Д`)ﾊｧﾊｧ
emoticon	ja	はぁ	(ﾟДﾟ)ﾊｧ?
emoticon	ja	うまー	(ﾟдﾟ)ｳﾏｰ
emoticon	ja	ちらっ	|дﾟ)ﾁﾗｯ
emoticon	ja	ちっ	(・д・)ﾁｯ
emoticon	ja	ちらっ	(/ω・＼)ﾁﾗｯ
emoticon	ja	きらり	(-ω☆)ｷﾗﾘ
emoticon	ja	きらっ	(-д☆)ｷﾗｯ
emoticon	ja	ねてる	(-_-)zzz
emoticon	ja	いねむり	(-_-)zzz
emoticon	ja	ふてね	(-_-)zzz
emoticon	ja	ねる	(-_-)zzz
emoticon	ja	にこにこ	(^_-)-☆
emoticon	ja	ういんく	(^_-)-☆
emoticon	ja	うぃんく	(^_-)-☆
emoticon	ja	ばいばい	(^_^)/~
emoticon	ja	さようなら	(^_^)/~
emoticon	ja	さよなら	(^_^)/~
emoticon	ja	にこにこ	(^_^)/
emoticon	ja	にこっ	(^_^)/
emoticon	ja	にこ	(^_^)/
emoticon	ja	おーい	(^_^)/
emoticon	ja	はーい	(^_^)/
emoticon	ja	にこにこ	(^o^)／
emoticon	ja	おーい	(^o^)／
emoticon	ja	はーい	(^o^)／
emoticon	ja	にこにこ	(^o^)丿
emoticon	ja	にこっ	(^o^)丿
emoticon	ja	にこ	(^o^)丿
emoticon	ja	はーい	(^o^)丿
emoticon	ja	てをあげて	(^o^)丿
emoticon	ja	にこにこ	ヽ(^o^)丿
emoticon	ja	ばんざい	ヽ(^o^)丿
emoticon	ja	おわた	／(^o^)＼
emoticon	ja	にこにこ	!(^o^)!
emoticon	ja	にこっ	!(^o^)!
emoticon	ja	にこ	!(^o^)!
emoticon	ja	ぴんぽーん	!(^o^)!
emoticon	ja	にこにこ	ヽ(^。^)ノ
emoticon	ja	にこっ	ヽ(^。^)ノ
emoticon	ja	にこ	ヽ(^。^)ノ
emoticon	ja	ばんざい	ヽ(^。^)ノ
emoticon	ja	またーり	ヽ(´ー｀)ノ
emoticon	ja	ばんざーい	ヽ(´ー｀)ノ
emoticon	ja	ばんざい	ヽ(´ｴ`)ﾉ
emoticon	ja	わーい	ヽ(=´▽`=)ﾉ
emoticon	ja	ばんざい	ヽ(=´▽`=)ﾉ
emoticon	ja	にこ	(=^･^=)
emoticon	ja	にこにこ	(=^･^=)
emoticon	ja	にこっ	(=^･^=)
emoticon	ja	どうぶつ	(=^・^=)
emoticon	ja	ねこ	(=^・^=)
emoticon	ja	どうぶつ	(=^・・^=)
emoticon	ja	ねこ	(=^・・^=)
emoticon	ja	にこにこ	(^_^.)
emoticon	ja	にこっ	(^_^.)
emoticon	ja	にこ	(^_^.)
emoticon	ja	わーい	(^O^;)
emoticon	ja	にこっ	(^O^;)
emoticon	ja	にこ	(^O^;)
emoticon	ja	にこにこ	(^O^;)
emoticon	ja	あせ	(^O^;)
emoticon	ja	てつやあけ	(=_=;)
emoticon	ja	ねむい	(=_=;)
emoticon	ja	てつやあけ	(=_=)
emoticon	ja	てつや	(=_=)
emoticon	ja	ねむい	(=_=)
emoticon	ja	しくしく	(;_:)
emoticon	ja	なみだ	(;_:)
emoticon	ja	なく	(;_:)
emoticon	ja	えーん	(;_:)
emoticon	ja	なぜ	(?_?)
emoticon	ja	なぞ	(?_?)
emoticon	ja	はてな	(?_?)
emoticon	ja	てれ	(*μ_μ)
emoticon	ja	じろ	(；一_一)
emoticon	ja	じとっ	(；一_一)
emoticon	ja	じと	(；一_一)
emoticon	ja	じとー	(；一_一)
emoticon	ja	あせ	(；一_一)
emoticon	ja	じろ	( 一一)
emoticon	ja	じとー	( 一一)
emoticon	ja	じと	( 一一)
emoticon	ja	じとっ	( 一一)
emoticon	ja	もなー	( ´∀｀)
emoticon	ja	にこ	( ´∀｀)
emoticon	ja	にこにこ	( ´∀｀)
emoticon	ja	にこっ	( ´∀｀)
emoticon	ja	てれ	(ﾉ´∀｀*)
emoticon	ja	にこ	(о´∀`о)
emoticon	ja	どきっ	Σ(´∀｀；)
emoticon	ja	あせ	Σ(´∀｀；)
emoticon	ja	どきっ	Σ(・∀・；)
emoticon	ja	あせ	Σ(・∀・；)
emoticon	ja	めがてん	(・.・;)
emoticon	ja	あせ	(・.・;)
emoticon	ja	びっくり	(・.・;)
emoticon	ja	びくっ	(・.・;)
emoticon	ja	てつやあけ	(=o=;)
emoticon	ja	あせ	(=o=;)
emoticon	ja	ねむい	(=o=;)
emoticon	ja	しくしく	(　；∀；)
emoticon	ja	なく	(　；∀；)
emoticon	ja	なみだ	(　；∀；)
emoticon	ja	えーん	(　；∀；)
emoticon	ja	なみだ	( ；∀；)
emoticon	ja	しくしく	( ；∀；)
emoticon	ja	なく	( ；∀；)
emoticon	ja	えーん	( ；∀；)
emoticon	ja	もららー	（ ・∀・）
emoticon	ja	にこにこ	（ ﾟ∀ﾟ ）
emoticon	ja	にこ	（ ﾟ∀ﾟ ）
emoticon	ja	にこっ	（ ﾟ∀ﾟ ）
emoticon	ja	いかり	(# ﾟДﾟ)
emoticon	ja	むか	(# ﾟДﾟ)
emoticon	ja	ぎこ	(,,ﾟДﾟ)
emoticon	ja	うおっ	Σ(ﾟДﾟ)
emoticon	ja	びっくり	Σ(ﾟДﾟ)
emoticon	ja	ぎくっ	Σ(ﾟДﾟ)
emoticon	ja	しくしく	(´Д⊂ヽ
emoticon	ja	なみだ	(´Д⊂ヽ
emoticon	ja	えーん	(´Д⊂ヽ
emoticon	ja	むか	(ーー゛)
emoticon	ja	むか	(－－〆)
emoticon	ja	むかー	(－－〆)
emoticon	ja	うれしい	(≧▽≦)
emoticon	ja	にこ	(≧∀≦)
emoticon	ja	いえい	(≧∇≦)/
emoticon	ja	うれしい	(≧∇≦)b
emoticon	ja	いい	(≧∇≦)b
emoticon	ja	いいね	(≧∇≦)b
emoticon	ja	にこ	（≧∇≦）
emoticon	ja	いかり	（#^ω^）
emoticon	ja	むか	（#^ω^）
emoticon	ja	ぴきぴき	（#^ω^）
emoticon	ja	ぷぎー	((´^ω^))
emoticon	ja	ぺろ	ლ(´ڡ`ლ)
emoticon	ja	おいしい	ლ(´ڡ`ლ)
emoticon	ja	くちぶえ	♪～(´ε｀ )
emoticon	ja	はーと	٩(♡ε♡ )۶
emoticon	ja	はぁ	٩(′д‵)۶
emoticon	ja	うわーん	٩(′д‵)۶
emoticon	ja	びしっ	∠( ﾟдﾟ)／
emoticon	ja	ぽかーん	(✽ ﾟдﾟ ✽)
emoticon	ja	びっくり	(✽ ﾟдﾟ ✽)
emoticon	ja	ねこ	((≡ﾟ♀ﾟ≡))
emoticon	ja	おれ	σ(ﾟ∀ﾟ )ｵﾚ
emoticon	ja	うぇ	ヽ(ﾟ∀｡)ﾉｳｪ
emoticon	ja	むか	ヽ(｀Д´#)ﾉ
emoticon	ja	むかっ	ヽ(｀Д´#)ﾉ
emoticon	ja	うわーん	ヽ(｀Д´#)ﾉ
emoticon	ja	わーい	ヽ(｀▽´)/
emoticon	ja	ばんざい	ヽ(｀▽´)/
emoticon	ja	かもーん	ψ(｀∇´)ψ
emoticon	ja	けいれい	(｀･ω･´)ゞ
emoticon	ja	しゃきーん	(｀･ω･´)ゞ
emoticon	ja	びしっ	(｀･ω･´)ゞ
emoticon	ja	けいれい	<(｀･ω･´)
emoticon	ja	けいれい	く(｀･ω･´)
emoticon	ja	けいれい	∠(｀・ω・´)
emoticon	ja	ぶわっ	(｀；ω；´)
emoticon	ja	なく	(｀；ω；´)
emoticon	ja	なみだ	(｀；ω；´)
emoticon	ja	てれ	(ㆁωㆁ*)
emoticon	ja	てれ	(ｕ_ｕ*)
emoticon	ja	ぽっ	(ｕ_ｕ*)
emoticon	ja	にこにこ	(^0_0^)
emoticon	ja	めがね	(^0_0^)
emoticon	ja	にこ	(^0_0^)
emoticon	ja	にこっ	(^0_0^)
emoticon	ja	にこにこ	^_^;
emoticon	ja	あせ	^_^;
emoticon	ja	ぎくっ	^_^;
emoticon	ja	ぽりぽり	^_^;
emoticon	ja	にこにこ	^m^
emoticon	ja	にこ	^m^
emoticon	ja	にこっ	^m^
emoticon	ja	よこおき	:|
emoticon	ja	しんけん	:|
emoticon	ja	よこおき	:(
emoticon	ja	おこる	:(
emoticon	ja	かなしい	:(
emoticon	ja	やだね～	:(
emoticon	ja	よこおき	:-(
emoticon	ja	おこる	:-(
emoticon	ja	かなしい	:-(
emoticon	ja	やだね～	:-(
emoticon	ja	よこおき	:-)
emoticon	ja	すまいる	:-)
emoticon	ja	こんにちは	:-)
emoticon	ja	なんちゃって	:-)
emoticon	ja	よこおき	:-P
emoticon	ja	したぺろり	:-P
emoticon	ja	よこおき	:-O
emoticon	ja	さけび	:-O
emoticon	ja	ぼうぜん	:-O
emoticon	ja	よこおき	:-|
emoticon	ja	どうしましょう・・	:-|
emoticon	ja	よこおき	;-(
emoticon	ja	なく	;-(
emoticon	ja	なみだ	;-(
emoticon	ja	しくしく	;-(
emoticon	ja	ごぼごぼ	○o。
emoticon	ja	ごぼごぼ	○o。.
emoticon	ja	ぶくぶく	○o。.
emoticon	ja	あわ	○o。.
emoticon	ja	どうぶつ	Ｃ:。ミ
emoticon	ja	たこ	Ｃ:。ミ
emoticon	ja	よこおき	|:3ミ
emoticon	ja	ばかぼんのぱぱ	|:3ミ
emoticon	ja	さっ	|彡ｻｯ
emoticon	ja	どうぶつ	くコ:彡
emoticon	ja	いか	くコ:彡
emoticon	ja	ばくだん	●～*
emoticon	ja	にこ	・ｖ・
emoticon	ja	ぶー	・３・
emoticon	ja	ぶー	−３−
emoticon	ja	よこおき	<3
emoticon	ja	はーと	<3
emoticon	ja	よこおき	：8]
emoticon	ja	ごりら	：8]
emoticon	ja	どうぶつ	：8]
emoticon	ja	ごぼごぼ	.。o○
emoticon	ja	ぶくぶく	.。o○
emoticon	ja	あわ	.。o○
emoticon	ja	どうぶつ	ʕ•ٹ•ʔ
emoticon	ja	どうぶつ	ʕ•ӫ̫͡•ʔ
emoticon	ja	どうぶつ	ʕº̫͡ºʔ
emoticon	ja	どうぶつ	Uo･ｪ･oU
emoticon	ja	いぬ	Uo･ｪ･oU
emoticon	ja	どうぶつ	U^ｪ^U
emoticon	ja	いぬ	U^ｪ^U
emoticon	ja	ぶー	•́ε•̀٥
emoticon	ja	はーと	(•ө•)♡
emoticon	ja	わーい	＼(-o-)／
emoticon	ja	にこにこ	＼(-o-)／
emoticon	ja	ばんざい	＼(-o-)／
emoticon	ja	にこにこ	＼(~o~)／
emoticon	ja	ばんざい	＼(~o~)／
emoticon	ja	びっくり	＼(◎o◎)／！
emoticon	ja	おわた	＼(^o^)／ｵﾜﾀ
emoticon	ja	ばいばい	(^^)/~~~
emoticon	ja	さようなら	(^^)/~~~
emoticon	ja	さよなら	(^^)/~~~
emoticon	ja	ばいばい	(^.^)/~~~
emoticon	ja	さようなら	(^.^)/~~~
emoticon	ja	さよなら	(^.^)/~~~
emoticon	ja	ばいばい	(@^^)/~~~
emoticon	ja	さようなら	(@^^)/~~~
emoticon	ja	さよなら	(@^^)/~~~
emoticon	ja	ばいばい	(ToT)/~~~
emoticon	ja	さようなら	(ToT)/~~~
emoticon	ja	さよなら	(ToT)/~~~
emoticon	ja	ばいばい	(T_T)/~~~
emoticon	ja	さようなら	(T_T)/~~~
emoticon	ja	さよなら	(T_T)/~~~
emoticon	ja	ばいばい	(;_;)/~~~
emoticon	ja	さようなら	(;_;)/~~~
emoticon	ja	さよなら	(;_;)/~~~
emoticon	ja	なみだ	(;_;)/~~~
emoticon	ja	なく	(;_;)/~~~
emoticon	ja	えーん	(;_;)/~~~
emoticon	ja	ばいばい	($・・)/~~~
emoticon	ja	さようなら	($・・)/~~~
emoticon	ja	さよなら	($・・)/~~~
emoticon	ja	たばこ	( ´ー｀)y-~~
emoticon	ja	いっぷく	( ´ー｀)y-~~
emoticon	ja	ためいき	( ´Д｀)=3
emoticon	ja	はぁ	( ´Д｀)=3
emoticon	ja	なみだ	( TДT)
emoticon	ja	なく	( TДT)
emoticon	ja	えーん	( TДT)
emoticon	ja	いかり	(#･∀･)
emoticon	ja	きー	(#･∀･)
emoticon	ja	ばんざい	(/･ω･)/
emoticon	ja	まゆ	(　･ิω･ิ)
emoticon	ja	きり	(　･ิω･ิ)
emoticon	ja	きりっ	(　･ิω･ิ)
emoticon	ja	まゆ	(･ิω･ิ)
emoticon	ja	まゆ	( ･ิω･ิ)
emoticon	ja	きり	( ･ิω･ิ)
emoticon	ja	きりっ	( ･ิω･ิ)
emoticon	ja	まゆ	( ･ิϖ･ิ)
emoticon	ja	うーん	( ･ั﹏･ั)
emoticon	ja	うーん	(･ัω･ั)
emoticon	ja	まゆ	( ･`ω･´)
emoticon	ja	しゃきーん	( ･`ω･´)
emoticon	ja	あせ	(； ･`ω･´)
emoticon	ja	あせ	(； ･`д･´)
emoticon	ja	まゆ	(； ･`д･´)
emoticon	ja	まゆ	( ･`д･´)
emoticon	ja	しゃきーん	( ･`д･´)
emoticon	ja	どや	( ･´ｰ･｀)どや
emoticon	ja	どやがお	( ･´ｰ･｀)どや
emoticon	ja	えへへ	(*´σｰ｀)ｴﾍﾍ
emoticon	ja	てれ	(*ﾉω・*)ﾃﾍ
emoticon	ja	ぽっ	(*ﾉω・*)ﾃﾍ
emoticon	ja	てへ	(*ﾉω・*)ﾃﾍ
emoticon	ja	てれ	(*'ω'*)
emoticon	ja	にこ	(*‘ω‘ *)
emoticon	ja	にこにこ	(*‘ω‘ *)
emoticon	ja	てれ	(´vωv`*)
emoticon	ja	あせ	(´-﹏-`；)
emoticon	ja	くまー	（´(ｪ)｀）
emoticon	ja	くま	（´(ｪ)｀）
emoticon	ja	どうぶつ	（´(ｪ)｀）
emoticon	ja	くまー	（・(ｪ)・）
emoticon	ja	くま	（・(ｪ)・）
emoticon	ja	どうぶつ	（・(ｪ)・）
emoticon	ja	もえ	（*´▽｀*）
emoticon	ja	もきゅ	(*´ω｀*)ﾓｷｭ
emoticon	ja	てれ	(*´ｪ｀*)ﾎﾟｯ
emoticon	ja	ぽっ	(*´ｪ｀*)ﾎﾟｯ
emoticon	ja	うふふ	(´∀｀*)ｳﾌﾌ
emoticon	ja	うーん	(´ε｀；)ｳｰﾝ…
emoticon	ja	あせ	(´ε｀；)ｳｰﾝ…
emoticon	ja	うっ	(´；ω；｀)ｳｯ…
emoticon	ja	なみだ	(´；ω；｀)ｳｯ…
emoticon	ja	なく	(´；ω；｀)ｳｯ…
emoticon	ja	しくしく	(´；ω；｀)ｳｯ…
emoticon	ja	ぶわっ	(´；ω；｀)ﾌﾞﾜｯ
emoticon	ja	なみだ	(´；ω；｀)ﾌﾞﾜｯ
emoticon	ja	なく	(´；ω；｀)ﾌﾞﾜｯ
emoticon	ja	しくしく	(´；ω；｀)ﾌﾞﾜｯ
emoticon	ja	ぷっ	( ´,_ゝ｀)ﾌﾟｯ
emoticon	ja	にこっ	(⌒,_ゝ⌒)
emoticon	ja	ぷっ	(⌒,_ゝ⌒)
emoticon	ja	てれ	(*>_<*)ﾉ
emoticon	ja	どうぶつ	(*￣(ｴ)￣*)
emoticon	ja	くま	(*￣(ｴ)￣*)
emoticon	ja	にやり	(￣ー￣)ﾆﾔﾘ
emoticon	ja	ぐっ	(￣ー￣)ｂｸﾞｯ!
emoticon	ja	ぐっ	( ´∀｀)bｸﾞｯ!
emoticon	ja	いい	( ・∀・)ｲｲ!!
emoticon	ja	いい	(・∀・)ｲｲ!!
emoticon	ja	いいね	(・∀・)ｲｲﾈ!!
emoticon	ja	かわいい	ｶﾜ(・∀・)ｲｲ!!
emoticon	ja	にやにや	（・∀・）ﾆﾔﾆﾔ
emoticon	ja	たのむ	(人∀・)ﾀﾉﾑ
emoticon	ja	えーん	(つд⊂)ｴｰﾝ
emoticon	ja	はぅ	(´д⊂)‥ﾊｩ
emoticon	ja	ぐすん	(´Д⊂ｸﾞｽﾝ
emoticon	ja	なく	(´Д⊂ｸﾞｽﾝ
emoticon	ja	あせ	(ㆀ˘･з･˘)
emoticon	ja	にこ	(o・ω・o)
emoticon	ja	にこにこ	(o・ω・o)
emoticon	ja	てれ	(//∇//)
emoticon	ja	てれ	❤(ӦｖӦ｡)
emoticon	ja	はーと	❤(ӦｖӦ｡)
emoticon	ja	ねむい	ﾈﾑｲ(´･ωゞ)
emoticon	ja	めも	_φ(･_･
emoticon	ja	きりっ	•̀.̫•́✧
emoticon	ja	どうぶつ	ʕ•̀ω•́ʔ✧
emoticon	ja	きりっ	(๑•̀ㅁ•́๑)✧
emoticon	ja	あせ	( •̀ㅁ•́;)
emoticon	ja	よし	(๑•̀ㅂ•́)و✧
emoticon	ja	ぐっ	(๑•̀ㅂ•́)و✧
emoticon	ja	もえ	(*°∀°)=3
emoticon	ja	じとっ	(ー_ー)!!
emoticon	ja	じと	(ー_ー)!!
emoticon	ja	びっくり	(ー_ー)!!
emoticon	ja	おっ	（ ＾ω＾）おっ
emoticon	ja	すやあ	( ˘ω˘)ｽﾔｧ
emoticon	ja	すやぁ	( ˘ω˘)ｽﾔｧ
emoticon	ja	くそねみ	( ˘ω˘)ｸｿﾈﾐ
emoticon	ja	にこにこ	( ^ω^ )ﾆｺﾆｺ
emoticon	ja	にこにこ	( ^)o(^ )
emoticon	ja	わーい	( ^)o(^ )
emoticon	ja	おちゃ	( ^^) _U~~
emoticon	ja	おちゃ	( ^^) _旦~~
emoticon	ja	たばこ	( ﾟДﾟ)y─┛~~
emoticon	ja	いっぷく	( ﾟДﾟ)y─┛~~
emoticon	ja	ぽかーん	( ﾟдﾟ)ﾎﾟｶｰﾝ
emoticon	ja	くわっ	( ﾟдﾟ )ｸﾜｯ!!
emoticon	ja	そう	( ﾟдﾟ )彡そう！
emoticon	ja	ふりむき	( ﾟдﾟ )彡そう！
emoticon	ja	かもーん	щ(ﾟдﾟщ)ｶﾓｰﾝ
emoticon	ja	ごくり	(ﾟＡﾟ;)ｺﾞｸﾘ
emoticon	ja	あせ	(ﾟＡﾟ;)ｺﾞｸﾘ
emoticon	ja	きたこれ	(ﾟ∀ﾟ)ｷﾀｺﾚ!!
emoticon	ja	むっはー	(;ﾟ∀ﾟ)=3ﾑｯﾊｰ
emoticon	ja	むはー	(;ﾟ∀ﾟ)=3ﾑｯﾊｰ
emoticon	ja	はぁはぁ	(;ﾟ∀ﾟ)=3ﾊｧﾊｧ
emoticon	ja	あせ	(;ﾟ∀ﾟ)=3ﾊｧﾊｧ
emoticon	ja	ぱっ	ヽ(ﾟ∀ﾟ)ﾉ ﾊﾟｯ☆
emoticon	ja	ぷんぷん	ヽ(`Д´)ﾉﾌﾟﾝﾌﾟﾝ
emoticon	ja	こら	ヽ(`Д´)ﾉﾌﾟﾝﾌﾟﾝ
emoticon	ja	いかり	ヽ(`Д´)ﾉﾌﾟﾝﾌﾟﾝ
emoticon	ja	むきー	ヽ(｀Д´#)ﾉ ﾑｷｰ!!
emoticon	ja	うおお	Σヽ(｀д´；)ﾉ うおおおお！
emoticon	ja	うおおおお	Σヽ(｀д´；)ﾉ うおおおお！
emoticon	ja	やぁ	|ω・｀)ﾉ ﾔｧ
emoticon	ja	やれやれ	┐(´д｀)┌ﾔﾚﾔﾚ
emoticon	ja	とほほ	(;´д｀)ﾄﾎﾎ…
emoticon	ja	あせ	(;´д｀)ﾄﾎﾎ…
emoticon	ja	わーい	(∩´∀｀)∩ﾜｰｲ
emoticon	ja	ふぅ	( ´ー｀)ﾌｩｰ．．．
emoticon	ja	もぐもぐ	(´～｀)ﾓｸﾞﾓｸﾞ
emoticon	ja	ごしごし	(つд⊂)ｺﾞｼｺﾞｼ
emoticon	ja	おやすみ	(つ∀-)ｵﾔｽﾐｰ
emoticon	ja	ねる	(つ∀-)ｵﾔｽﾐｰ
emoticon	ja	いっぷく	(-。-)y-゜゜゜
emoticon	ja	たばこ	(-。-)y-゜゜゜
emoticon	ja	いっぷく	(^。^)y-.。o○
emoticon	ja	たばこ	(^。^)y-.。o○
emoticon	ja	うーん	（´-`）.｡oO
emoticon	ja	ぴゃー	（｀ェ´）ﾋﾟｬｰ
emoticon	ja	きゃぴ	☆（ゝω・）vｷｬﾋﾟ
emoticon	ja	ぺろぺろ	（＾ω＾）ﾍﾟﾛﾍﾟﾛ
emoticon	ja	ふふふ	(ΦωΦ)ﾌﾌﾌ…
emoticon	ja	ずこー	ヽ(･ω･)/ｽﾞｺｰ
emoticon	ja	がおー	(｢・ω・)｢ｶﾞｵｰ
emoticon	ja	しゃきーん	(｀・ω・´)ｼｬｷｰﾝ
emoticon	ja	しょぼーん	(´・ω・｀)ｼｮﾎﾞｰﾝ
emoticon	ja	しょぼーん	(´・ω:;.:...
emoticon	ja	あげ	(´∀｀∩)↑age↑
emoticon	ja	ぴーす	v(´∀｀*v)ﾋﾟｰｽ
emoticon	ja	ぶい	v(´∀｀*v)ﾋﾟｰｽ
emoticon	ja	ほっ	ε-(´∀｀*)ﾎｯ
emoticon	ja	しくしく	｡ﾟ(ﾟ´Д｀ﾟ)ﾟ｡
emoticon	ja	なく	｡ﾟ(ﾟ´Д｀ﾟ)ﾟ｡
emoticon	ja	えーん	｡ﾟ(ﾟ´Д｀ﾟ)ﾟ｡
emoticon	ja	なみだ	｡ﾟ(ﾟ´Д｀ﾟ)ﾟ｡
emoticon	ja	ぴー	ﾟ(ﾟ´ω`ﾟ)ﾟ｡ﾋﾟｰ
emoticon	ja	あついー	ι(´Д｀υ)ｱﾂｨｰ
emoticon	ja	めも	φ(..)メモメモ
emoticon	ja	めもめも	φ(..)メモメモ
emoticon	ja	ちーん	Ω＼ζ°)ﾁｰﾝ
emoticon	ja	すくめる	¯\_(ツ)_/¯
emoticon	ja	ぶりっじ	┌(_Д_┌ )┐
emoticon	ja	はーい	( ´ ▽ ` )ﾉ
emoticon	ja	ぽーん	(  Д ) ﾟ ﾟ
emoticon	ja	しょぼーん	(´ . .̫ . `)
emoticon	ja	しょぼーん	(๑´•.̫ • `๑)
emoticon	ja	ちゃぶだい	(╯°□°）╯︵ ┻━┻
emoticon	ja	ちゃぶだい	(ノ｀Д´)ノ彡┻━┻
emoticon	ja	ちゃぶだいがえし	(ノ｀Д´)ノ彡┻━┻
emoticon	ja	よろしく	( ｀・∀・´)ﾉﾖﾛｼｸ
emoticon	ja	むりむり	(ヾﾉ･∀･`)ﾑﾘﾑﾘ
emoticon	ja	ないない	(ヾﾉ･∀･`)ﾅｲﾅｲ
emoticon	ja	なみだ	｡･ﾟ･(ﾉД`)･ﾟ･｡
emoticon	ja	しくしく	｡･ﾟ･(ﾉД`)･ﾟ･｡
emoticon	ja	えーん	｡･ﾟ･(ﾉД`)･ﾟ･｡
emoticon	ja	なみだ	｡･ﾟ･(ﾉ∀`)･ﾟ･｡
emoticon	ja	なく	｡･ﾟ･(ﾉ∀`)･ﾟ･｡
emoticon	ja	えーん	｡･ﾟ･(ﾉ∀`)･ﾟ･｡
emoticon	ja	だっしゅ	ε≡≡ﾍ( ´Д`)ﾉ
emoticon	ja	きりっ	( ｰ`дｰ´)ｷﾘｯ
emoticon	ja	まゆ	( ｰ`дｰ´)ｷﾘｯ
emoticon	ja	きゃっ	ヾ(*´∀｀*)ﾉｷｬｯｷｬ
emoticon	ja	きゃっきゃ	ヾ(*´∀｀*)ﾉｷｬｯｷｬ
emoticon	ja	うれしい	ヾ(｡>﹏<｡)ﾉﾞ✧*。
emoticon	ja	はーと	(*˘︶˘*).｡.:*♡
emoticon	ja	うっとり	(人´∀｀)．☆．。．:*･ﾟ
emoticon	ja	わくわく	((o(´∀｀)o))ﾜｸﾜｸ
emoticon	ja	げっつ	(σ・∀・)σｹﾞｯﾂ!!
emoticon	ja	ぐはっ	( ﾟ∀ﾟ)･∵. ｸﾞﾊｯ!!
emoticon	ja	よしよし	( T_T)＼(^-^ )
emoticon	ja	がーん	＿|￣|○ il||li
emoticon	ja	いぬ	⊂ﾟＵ┬───┬~
emoticon	ja	どうぶつ	⊂ﾟＵ┬───┬~
emoticon	ja	みにちゅあだっくす	⊂ﾟＵ┬───┬~
emoticon	ja	ぷぎゃー	m9(^Д^)ﾌﾟｷﾞｬｰ
emoticon	ja	ねー	(*´･ω･)(･ω･｀*)ﾈｰ
emoticon	ja	やだやだ	c(`Д´と⌒ｃ)つ彡 ﾔﾀﾞﾔﾀﾞ
emoticon	ja	ぴしー	(-_-)/~~~ピシー!ピシー!
emoticon	ja	あひゃ	(゜∀。)ﾜﾋｬﾋｬﾋｬﾋｬﾋｬﾋｬ
emoticon	ja	わひゃ	(゜∀。)ﾜﾋｬﾋｬﾋｬﾋｬﾋｬﾋｬ
emoticon	ja	ぱーん	( ‘д‘⊂彡☆))Д´) ﾊﾟｰﾝ
emoticon	ja	ええ	工ｴｴｪｪ(´д｀)ｪｪｴｴ工
emoticon	ja	えぇ	工ｴｴｪｪ(´д｀)ｪｪｴｴ工
emoticon	ja	きたー	ｷﾀ━━━━(ﾟ∀ﾟ)━━━━!!
emoticon	ja	ぶーん	(((((((((((っ･ω･)っ ﾌﾞｰﾝ
emoticon	ja	がくぶる	((((；ﾟДﾟ))))ｶﾞｸｶﾞｸﾌﾞﾙﾌﾞﾙ
emoticon	ja	なみだ	(´°̥̥̥̥̥̥̥̥ω°̥̥̥̥̥̥̥̥｀)
emoticon	ja	なく	(´°̥̥̥̥̥̥̥̥ω°̥̥̥̥̥̥̥̥｀)
emoticon	ja	ねる	(。-ω-)zzz. . . (。ﾟωﾟ) ﾊｯ!
emoticon	ja	ぐーぐー	(。-ω-)zzz. . . (。ﾟωﾟ) ﾊｯ!
emoticon	ja	ねる	(:3[▓▓]
emoticon	ja	ふとん	(:3[▓▓]
emoticon	ja	ねる	(¦3[▓▓]
emoticon	ja	ふとん	(¦3[▓▓]
emoticon	ja	ねる	=͟͟͞͞ (¦3[▓▓]
emoticon	ja	ふとん	=͟͟͞͞ (¦3[▓▓]
emoticon	ja	かおもじ	＼(^o^)／
emoticon	ja	かおもじ	(^o^)
emoticon	ja	かおもじ	(^^)
emoticon	ja	かおもじ	(*^^*)
emoticon	ja	かおもじ	^_^
emoticon	ja	かおもじ	:D
emoticon	ja	かおもじ	・ω・
emoticon	ja	かおもじ	^^;
emoticon	ja	かおもじ	☆彡
emoticon	ja	かおもじ	(T_T)
emoticon	ja	かおもじ	(*´ω｀*)
emoticon	ja	かおもじ	(´・ω・｀)
emoticon	ja	かおもじ	(^O^)
emoticon	ja	かおもじ	(;_;)
emoticon	ja	かおもじ	(^_^)
emoticon	ja	かおもじ	m(_ _)m
emoticon	ja	かおもじ	(・∀・)
emoticon	ja	かおもじ	(*_*)
emoticon	ja	かおもじ	(´・ω・`)
emoticon	ja	かおもじ	(*^_^*)
emoticon	ja	かおもじ	:)
emoticon	ja	かおもじ	(*´∀｀*)
emoticon	ja	かおもじ	(^_^;)
emoticon	ja	かおもじ	m(__)m
emoticon	ja	かおもじ	(._.)
emoticon	ja	かおもじ	(´；ω；｀)
emoticon	ja	かおもじ	(-_-)
emoticon	ja	かおもじ	(*´∀｀)
emoticon	ja	かおもじ	(^O^)／
emoticon	ja	かおもじ	(^○^)
emoticon	ja	かおもじ	(ﾟ∀ﾟ)
emoticon	ja	かおもじ	(´ε｀ )
emoticon	ja	かおもじ	☆ミ
emoticon	ja	かおもじ	(^^)/
emoticon	ja	かおもじ	(^q^)
emoticon	ja	かおもじ	＿|￣|○
emoticon	ja	かおもじ	(⌒▽⌒)
emoticon	ja	かおもじ	(^.^)
emoticon	ja	かおもじ	;)
emoticon	ja	かおもじ	(-_-;)
emoticon	ja	かおもじ	（＾ν＾）
emoticon	ja	かおもじ	(ToT)
emoticon	ja	かおもじ	(#^.^#)
emoticon	ja	かおもじ	(#^^#)
emoticon	ja	かおもじ	(^_-)
emoticon	ja	かおもじ	(p_-)
emoticon	ja	かおもじ	(-.-)
emoticon	ja	かおもじ	(-.-;)
emoticon	ja	かおもじ	(--)
emoticon	ja	かおもじ	(..)
emoticon	ja	かおもじ	φ(..)
emoticon	ja	かおもじ	(TT)
emoticon	ja	かおもじ	(TдT)
emoticon	ja	かおもじ	(TOT)
emoticon	ja	かおもじ	(;O;)
emoticon	ja	かおもじ	(・・;)
emoticon	ja	かおもじ	(・_・;)
emoticon	ja	かおもじ	(・_・)
emoticon	ja	かおもじ	(・o・)
emoticon	ja	かおもじ	(・・)
emoticon	ja	かおもじ	(・・?
emoticon	ja	かおもじ	(・・;
emoticon	ja	かおもじ	(・。・;
emoticon	ja	かおもじ	(・。・)
emoticon	ja	かおもじ	(・へ・)
emoticon	ja	かおもじ	(；・∀・)
emoticon	ja	かおもじ	(；´∀｀)
emoticon	ja	かおもじ	(；´Д｀)
emoticon	ja	かおもじ	(*´Д｀)
emoticon	ja	かおもじ	(*´艸｀*)
emoticon	ja	かおもじ	(*´﹃｀*)
emoticon	ja	かおもじ	(*´ｪ`*)
emoticon	ja	かおもじ	(*´ω`*)
emoticon	ja	かおもじ	(ヽ´ω`)
emoticon	ja	かおもじ	(●´ω｀●)
emoticon	ja	かおもじ	(●´ϖ`●)
emoticon	ja	かおもじ	(*´ڡ`●)
emoticon	ja	かおもじ	(๑´ڡ`๑)
emoticon	ja	かおもじ	٩(๑´0`๑)۶
emoticon	ja	かおもじ	٩(๑´3｀๑)۶
emoticon	ja	かおもじ	٩(๑òωó๑)۶
emoticon	ja	かおもじ	٩(๑`^´๑)۶
emoticon	ja	かおもじ	(๑˙❥˙๑)
emoticon	ja	かおもじ	(^o^;)
emoticon	ja	かおもじ	(^o^;
emoticon	ja	かおもじ	(^.^;
emoticon	ja	かおもじ	(^^ゞ
emoticon	ja	かおもじ	(^^♪
emoticon	ja	かおもじ	(^。^)
emoticon	ja	かおもじ	(^Q^)
emoticon	ja	かおもじ	(^m^)
emoticon	ja	かおもじ	(^・^)
emoticon	ja	かおもじ	(^ρ^)
emoticon	ja	かおもじ	(^o^)v
emoticon	ja	かおもじ	(^_^)v
emoticon	ja	かおもじ	(^O^)v
emoticon	ja	かおもじ	(^^)v
emoticon	ja	かおもじ	(*^^)v
emoticon	ja	かおもじ	(*^。^*)
emoticon	ja	かおもじ	(*^▽^*)
emoticon	ja	かおもじ	（*^_^*）
emoticon	ja	かおもじ	（；^ω^）
emoticon	ja	かおもじ	（；＾ω＾）
emoticon	ja	かおもじ	（＾ｖ＾）
emoticon	ja	かおもじ	（＾◇＾）
emoticon	ja	かおもじ	（＾ｕ＾）
emoticon	ja	かおもじ	（ ＾ν＾）
emoticon	ja	かおもじ	（●＾o＾●）
emoticon	ja	かおもじ	（●｀ε´●）
emoticon	ja	かおもじ	(｀´）
emoticon	ja	かおもじ	(゜゜)
emoticon	ja	かおもじ	(゜o゜)
emoticon	ja	かおもじ	(゜-゜)
emoticon	ja	かおもじ	(゜_゜)
emoticon	ja	かおもじ	(゜.゜)
emoticon	ja	かおもじ	(゜レ゜)
emoticon	ja	かおもじ	(゜o゜;
emoticon	ja	かおもじ	(~o~)
emoticon	ja	かおもじ	(~_~)
emoticon	ja	かおもじ	(~_~;)
emoticon	ja	かおもじ	(~O~;)
emoticon	ja	かおもじ	(~O~)
emoticon	ja	かおもじ	(~_~メ)
emoticon	ja	かおもじ	(-_-メ)
emoticon	ja	かおもじ	(＠_＠;)
emoticon	ja	かおもじ	(@_@)
emoticon	ja	かおもじ	(@@)
emoticon	ja	かおもじ	(@_@。
emoticon	ja	かおもじ	(*_*;
emoticon	ja	かおもじ	(;_;
emoticon	ja	かおもじ	(/_;)
emoticon	ja	かおもじ	(:_;)
emoticon	ja	かおもじ	(ーー;)
emoticon	ja	かおもじ	(ー_ー;)
emoticon	ja	かおもじ	(ー_ー)
emoticon	ja	かおもじ	(+_+)
emoticon	ja	かおもじ	(+o+)
emoticon	ja	かおもじ	((+_+))
emoticon	ja	かおもじ	(｡･_･｡)
emoticon	ja	かおもじ	(｡･･｡)
emoticon	ja	かおもじ	(｡ŏ﹏ŏ)
emoticon	ja	かおもじ	(｡>﹏<｡)
emoticon	ja	かおもじ	(>ω<)
emoticon	ja	かおもじ	(ΦωΦ)
emoticon	ja	かおもじ	(〃ω〃)
emoticon	ja	かおもじ	(〃∇〃)
emoticon	ja	かおもじ	(_ _)
emoticon	ja	かおもじ	(_ _;)
emoticon	ja	かおもじ	m(_ _;)m
emoticon	ja	かおもじ	_(_^_)_
emoticon	ja	かおもじ	_(._.)_
emoticon	ja	かおもじ	_(┐「ε:)_
emoticon	ja	かおもじ	_(:3」∠)_
emoticon	ja	かおもじ	(¯―¯٥)
emoticon	ja	かおもじ	(*ﾟ∀ﾟ)
emoticon	ja	かおもじ	( ﾟдﾟ)
emoticon	ja	かおもじ	( ﾟдﾟ )
emoticon	ja	かおもじ	( ﾟдﾟ )彡
emoticon	ja	かおもじ	(´ﾟдﾟ｀)
emoticon	ja	かおもじ	(ﾟдﾟ)！
emoticon	ja	かおもじ	ヮ(ﾟдﾟ)ォ!
emoticon	ja	かおもじ	( ﾟдﾟ)ﾊｯ!
emoticon	ja	かおもじ	( ﾟ∀ﾟ)o彡°
emoticon	ja	かおもじ	(ﾟ∀ﾟ)ｱﾋｬ
emoticon	ja	かおもじ	ﾍ(ﾟ∀ﾟﾍ)ｱﾋｬ
emoticon	ja	かおもじ	Σ(ﾟ∀ﾟﾉ)ﾉｷｬｰ
emoticon	ja	かおもじ	(*ﾉｪﾉ)ｷｬｰ
emoticon	ja	かおもじ	(ﾉ∀`)ｱﾁｬｰ
emoticon	ja	かおもじ	(ﾉД`)ｼｸｼｸ
emoticon	ja	かおもじ	(´Д｀)ﾊｧ…
emoticon	ja	かおもじ	(;´Д｀)ﾊｧﾊｧ
emoticon	ja	かおもじ	(*´Д`)ﾊｧﾊｧ
emoticon	ja	かおもじ	(ﾟДﾟ)ﾊｧ?
emoticon	ja	かおもじ	(ﾟдﾟ)ｳﾏｰ
emoticon	ja	かおもじ	|дﾟ)ﾁﾗｯ
emoticon	ja	かおもじ	(・д・)ﾁｯ
emoticon	ja	かおもじ	(/ω・＼)ﾁﾗｯ
emoticon	ja	かおもじ	(-ω☆)ｷﾗﾘ
emoticon	ja	かおもじ	(-д☆)ｷﾗｯ
emoticon	ja	かおもじ	(-_-)zzz
emoticon	ja	かおもじ	(^_-)-☆
emoticon	ja	かおもじ	(^_^)/~
emoticon	ja	かおもじ	(^_^)/
emoticon	ja	かおもじ	(^o^)／
emoticon	ja	かおもじ	(^o^)丿
emoticon	ja	かおもじ	ヽ(^o^)丿
emoticon	ja	かおもじ	／(^o^)＼
emoticon	ja	かおもじ	!(^o^)!
emoticon	ja	かおもじ	ヽ(^。^)ノ
emoticon	ja	かおもじ	ヽ(´ー｀)ノ
emoticon	ja	かおもじ	ヽ(´ｴ`)ﾉ
emoticon	ja	かおもじ	ヽ(=´▽`=)ﾉ
emoticon	ja	かおもじ	(=^･^=)
emoticon	ja	かおもじ	(=^・^=)
emoticon	ja	かおもじ	(=^・・^=)
emoticon	ja	かおもじ	(^_^.)
emoticon	ja	かおもじ	(^O^;)
emoticon	ja	かおもじ	(=_=;)
emoticon	ja	かおもじ	(=_=)
emoticon	ja	かおもじ	(;_:)
emoticon	ja	かおもじ	(?_?)
emoticon	ja	かおもじ	(*μ_μ)
emoticon	ja	かおもじ	(；一_一)
emoticon	ja	かおもじ	( 一一)
emoticon	ja	かおもじ	( ´∀｀)
emoticon	ja	かおもじ	(ﾉ´∀｀*)
emoticon	ja	かおもじ	(о´∀`о)
emoticon	ja	かおもじ	Σ(´∀｀；)
emoticon	ja	かおもじ	Σ(・∀・；)
emoticon	ja	かおもじ	(・.・;)
emoticon	ja	かおもじ	(=o=;)
emoticon	ja	かおもじ	(　；∀；)
emoticon	ja	かおもじ	( ；∀；)
emoticon	ja	かおもじ	（ ・∀・）
emoticon	ja	かおもじ	（ ﾟ∀ﾟ ）
emoticon	ja	かおもじ	(# ﾟДﾟ)
emoticon	ja	かおもじ	(,,ﾟДﾟ)
emoticon	ja	かおもじ	Σ(ﾟДﾟ)
emoticon	ja	かおもじ	(´Д⊂ヽ
emoticon	ja	かおもじ	(ーー゛)
emoticon	ja	かおもじ	(－－〆)
emoticon	ja	かおもじ	(≧▽≦)
emoticon	ja	かおもじ	(≧∀≦)
emoticon	ja	かおもじ	(≧∇≦)/
emoticon	ja	かおもじ	(≧∇≦)b
emoticon	ja	かおもじ	（≧∇≦）
emoticon	ja	かおもじ	（#^ω^）
emoticon	ja	かおもじ	((´^ω^))
emoticon	ja	かおもじ	ლ(´ڡ`ლ)
emoticon	ja	かおもじ	♪～(´ε｀ )
emoticon	ja	かおもじ	٩(♡ε♡ )۶
emoticon	ja	かおもじ	٩(′д‵)۶
emoticon	ja	かおもじ	∠( ﾟдﾟ)／
emoticon	ja	かおもじ	(✽ ﾟдﾟ ✽)
emoticon	ja	かおもじ	((≡ﾟ♀ﾟ≡))
emoticon	ja	かおもじ	σ(ﾟ∀ﾟ )ｵﾚ
emoticon	ja	かおもじ	ヽ(ﾟ∀｡)ﾉｳｪ
emoticon	ja	かおもじ	ヽ(｀Д´#)ﾉ
emoticon	ja	かおもじ	ヽ(｀▽´)/
emoticon	ja	かおもじ	ψ(｀∇´)ψ
emoticon	ja	かおもじ	(｀･ω･´)ゞ
emoticon	ja	かおもじ	<(｀･ω･´)
emoticon	ja	かおもじ	く(｀･ω･´)
emoticon	ja	かおもじ	∠(｀・ω・´)
emoticon	ja	かおもじ	(｀；ω；´)
emoticon	ja	かおもじ	(ㆁωㆁ*)
emoticon	ja	かおもじ	(ｕ_ｕ*)
emoticon	ja	かおもじ	(^0_0^)
emoticon	ja	かおもじ	^_^;
emoticon	ja	かおもじ	^m^
emoticon	ja	かおもじ	:|
emoticon	ja	かおもじ	:(
emoticon	ja	かおもじ	:-(
emoticon	ja	かおもじ	:-)
emoticon	ja	かおもじ	:-P
emoticon	ja	かおもじ	:-O
emoticon	ja	かおもじ	:-|
emoticon	ja	かおもじ	;-(
emoticon	ja	かおもじ	○o。
emoticon	ja	かおもじ	○o。.
emoticon	ja	かおもじ	Ｃ:。ミ
emoticon	ja	かおもじ	|:3ミ
emoticon	ja	かおもじ	|彡ｻｯ
emoticon	ja	かおもじ	くコ:彡
emoticon	ja	かおもじ	●～*
emoticon	ja	かおもじ	・ｖ・
emoticon	ja	かおもじ	・３・
emoticon	ja	かおもじ	−３−
emoticon	ja	かおもじ	<3
emoticon	ja	かおもじ	：8]
emoticon	ja	かおもじ	.。o○
emoticon	ja	かおもじ	ʕ•ٹ•ʔ
emoticon	ja	かおもじ	ʕ•ӫ̫͡•ʔ
emoticon	ja	かおもじ	ʕº̫͡ºʔ
emoticon	ja	かおもじ	Uo･ｪ･oU
emoticon	ja	かおもじ	U^ｪ^U
emoticon	ja	かおもじ	•́ε•̀٥
emoticon	ja	かおもじ	(•ө•)♡
emoticon	ja	かおもじ	＼(-o-)／
emoticon	ja	かおもじ	＼(~o~)／
emoticon	ja	かおもじ	＼(◎o◎)／！
emoticon	ja	かおもじ	＼(^o^)／ｵﾜﾀ
emoticon	ja	かおもじ	(^^)/~~~
emoticon	ja	かおもじ	(^.^)/~~~
emoticon	ja	かおもじ	(@^^)/~~~
emoticon	ja	かおもじ	(ToT)/~~~
emoticon	ja	かおもじ	(T_T)/~~~
emoticon	ja	かおもじ	(;_;)/~~~
emoticon	ja	かおもじ	($・・)/~~~
emoticon	ja	かおもじ	( ´ー｀)y-~~
emoticon	ja	かおもじ	( ´Д｀)=3
emoticon	ja	かおもじ	( TДT)
emoticon	ja	かおもじ	(#･∀･)
emoticon	ja	かおもじ	(/･ω･)/
emoticon	ja	かおもじ	(　･ิω･ิ)
emoticon	ja	かおもじ	(･ิω･ิ)
emoticon	ja	かおもじ	( ･ิω･ิ)
emoticon	ja	かおもじ	( ･ิϖ･ิ)
emoticon	ja	かおもじ	( ･ั﹏･ั)
emoticon	ja	かおもじ	(･ัω･ั)
emoticon	ja	かおもじ	( ･`ω･´)
emoticon	ja	かおもじ	(； ･`ω･´)
emoticon	ja	かおもじ	(； ･`д･´)
emoticon	ja	かおもじ	( ･`д･´)
emoticon	ja	かおもじ	( ･´ｰ･｀)どや
emoticon	ja	かおもじ	(*´σｰ｀)ｴﾍﾍ
emoticon	ja	かおもじ	(*ﾉω・*)ﾃﾍ
emoticon	ja	かおもじ	(*'ω'*)
emoticon	ja	かおもじ	(*‘ω‘ *)
emoticon	ja	かおもじ	(´vωv`*)
emoticon	ja	かおもじ	(´-﹏-`；)
emoticon	ja	かおもじ	（´(ｪ)｀）
emoticon	ja	かおもじ	（・(ｪ)・）
emoticon	ja	かおもじ	（*´▽｀*）
emoticon	ja	かおもじ	(*´ω｀*)ﾓｷｭ
emoticon	ja	かおもじ	(*´ｪ｀*)ﾎﾟｯ
emoticon	ja	かおもじ	(´∀｀*)ｳﾌﾌ
emoticon	ja	かおもじ	(´ε｀；)ｳｰﾝ…
emoticon	ja	かおもじ	(´；ω；｀)ｳｯ…
emoticon	ja	かおもじ	(´；ω；｀)ﾌﾞﾜｯ
emoticon	ja	かおもじ	( ´,_ゝ｀)ﾌﾟｯ
emoticon	ja	かおもじ	(⌒,_ゝ⌒)
emoticon	ja	かおもじ	(*>_<*)ﾉ
emoticon	ja	かおもじ	(*￣(ｴ)￣*)
emoticon	ja	かおもじ	(￣ー￣)ﾆﾔﾘ
emoticon	ja	かおもじ	(￣ー￣)ｂｸﾞｯ!
emoticon	ja	かおもじ	( ´∀｀)bｸﾞｯ!
emoticon	ja	かおもじ	( ・∀・)ｲｲ!!
emoticon	ja	かおもじ	(・∀・)ｲｲ!!
emoticon	ja	かおもじ	(・∀・)ｲｲﾈ!!
emoticon	ja	かおもじ	ｶﾜ(・∀・)ｲｲ!!
emoticon	ja	かおもじ	（・∀・）ﾆﾔﾆﾔ
emoticon	ja	かおもじ	(人∀・)ﾀﾉﾑ
emoticon	ja	かおもじ	(つд⊂)ｴｰﾝ
emoticon	ja	かおもじ	(´д⊂)‥ﾊｩ
emoticon	ja	かおもじ	(´Д⊂ｸﾞｽﾝ
emoticon	ja	かおもじ	(ㆀ˘･з･˘)
emoticon	ja	かおもじ	(o・ω・o)
emoticon	ja	かおもじ	(//∇//)
emoticon	ja	かおもじ	❤(ӦｖӦ｡)
emoticon	ja	かおもじ	ﾈﾑｲ(´･ωゞ)
emoticon	ja	かおもじ	_φ(･_･
emoticon	ja	かおもじ	•̀.̫•́✧
emoticon	ja	かおもじ	ʕ•̀ω•́ʔ✧
emoticon	ja	かおもじ	(๑•̀ㅁ•́๑)✧
emoticon	ja	かおもじ	( •̀ㅁ•́;)
emoticon	ja	かおもじ	(๑•̀ㅂ•́)و✧
emoticon	ja	かおもじ	(*°∀°)=3
emoticon	ja	かおもじ	(ー_ー)!!
emoticon	ja	かおもじ	（ ＾ω＾）おっ
emoticon	ja	かおもじ	( ˘ω˘)ｽﾔｧ
emoticon	ja	かおもじ	( ˘ω˘)ｸｿﾈﾐ
emoticon	ja	かおもじ	( ^ω^ )ﾆｺﾆｺ
emoticon	ja	かおもじ	( ^)o(^ )
emoticon	ja	かおもじ	( ^^) _U~~
emoticon	ja	かおもじ	( ^^) _旦~~
emoticon	ja	かおもじ	( ﾟДﾟ)y─┛~~
emoticon	ja	かおもじ	( ﾟдﾟ)ﾎﾟｶｰﾝ
emoticon	ja	かおもじ	( ﾟдﾟ )ｸﾜｯ!!
emoticon	ja	かおもじ	( ﾟдﾟ )彡そう！
emoticon	ja	かおもじ	щ(ﾟдﾟщ)ｶﾓｰﾝ
emoticon	ja	かおもじ	(ﾟＡﾟ;)ｺﾞｸﾘ
emoticon	ja	かおもじ	(ﾟ∀ﾟ)ｷﾀｺﾚ!!
emoticon	ja	かおもじ	(;ﾟ∀ﾟ)=3ﾑｯﾊｰ
emoticon	ja	かおもじ	(;ﾟ∀ﾟ)=3ﾊｧﾊｧ
emoticon	ja	かおもじ	ヽ(ﾟ∀ﾟ)ﾉ ﾊﾟｯ☆
emoticon	ja	かおもじ	ヽ(`Д´)ﾉﾌﾟﾝﾌﾟﾝ
emoticon	ja	かおもじ	ヽ(｀Д´#)ﾉ ﾑｷｰ!!
emoticon	ja	かおもじ	Σヽ(｀д´；)ﾉ うおおおお！
emoticon	ja	かおもじ	|ω・｀)ﾉ ﾔｧ
emoticon	ja	かおもじ	┐(´д｀)┌ﾔﾚﾔﾚ
emoticon	ja	かおもじ	(;´д｀)ﾄﾎﾎ…
emoticon	ja	かおもじ	(∩´∀｀)∩ﾜｰｲ
emoticon	ja	かおもじ	( ´ー｀)ﾌｩｰ．．．
emoticon	ja	かおもじ	(´～｀)ﾓｸﾞﾓｸﾞ
emoticon	ja	かおもじ	(つд⊂)ｺﾞｼｺﾞｼ
emoticon	ja	かおもじ	(つ∀-)ｵﾔｽﾐｰ
emoticon	ja	かおもじ	(-。-)y-゜゜゜
emoticon	ja	かおもじ	(^。^)y-.。o○
emoticon	ja	かおもじ	（´-`）.｡oO
emoticon	ja	かおもじ	（｀ェ´）ﾋﾟｬｰ
emoticon	ja	かおもじ	☆（ゝω・）vｷｬﾋﾟ
emoticon	ja	かおもじ	（＾ω＾）ﾍﾟﾛﾍﾟﾛ
emoticon	ja	かおもじ	(ΦωΦ)ﾌﾌﾌ…
emoticon	ja	かおもじ	ヽ(･ω･)/ｽﾞｺｰ
emoticon	ja	かおもじ	(｢・ω・)｢ｶﾞｵｰ
emoticon	ja	かおもじ	(｀・ω・´)ｼｬｷｰﾝ
emoticon	ja	かおもじ	(´・ω・｀)ｼｮﾎﾞｰﾝ
emoticon	ja	かおもじ	(´・ω:;.:...
emoticon	ja	かおもじ	(´∀｀∩)↑age↑
emoticon	ja	かおもじ	v(´∀｀*v)ﾋﾟｰｽ
emoticon	ja	かおもじ	ε-(´∀｀*)ﾎｯ
emoticon	ja	かおもじ	｡ﾟ(ﾟ´Д｀ﾟ)ﾟ｡
emoticon	ja	かおもじ	ﾟ(ﾟ´ω`ﾟ)ﾟ｡ﾋﾟｰ
emoticon	ja	かおもじ	ι(´Д｀υ)ｱﾂｨｰ
emoticon	ja	かおもじ	φ(..)メモメモ
emoticon	ja	かおもじ	Ω＼ζ°)ﾁｰﾝ
emoticon	ja	かおもじ	¯\_(ツ)_/¯
emoticon	ja	かおもじ	┌(_Д_┌ )┐
emoticon	ja	かおもじ	( ´ ▽ ` )ﾉ
emoticon	ja	かおもじ	(  Д ) ﾟ ﾟ
emoticon	ja	かおもじ	(´ . .̫ . `)
emoticon	ja	かおもじ	(๑´•.̫ • `๑)
emoticon	ja	かおもじ	(╯°□°）╯︵ ┻━┻
emoticon	ja	かおもじ	(ノ｀Д´)ノ彡┻━┻
emoticon	ja	かおもじ	( ｀・∀・´)ﾉﾖﾛｼｸ
emoticon	ja	かおもじ	(ヾﾉ･∀･`)ﾑﾘﾑﾘ
emoticon	ja	かおもじ	(ヾﾉ･∀･`)ﾅｲﾅｲ
emoticon	ja	かおもじ	｡･ﾟ･(ﾉД`)･ﾟ･｡
emoticon	ja	かおもじ	｡･ﾟ･(ﾉ∀`)･ﾟ･｡
emoticon	ja	かおもじ	ε≡≡ﾍ( ´Д`)ﾉ
emoticon	ja	かおもじ	( ｰ`дｰ´)ｷﾘｯ
emoticon	ja	かおもじ	ヾ(*´∀｀*)ﾉｷｬｯｷｬ
emoticon	ja	かおもじ	ヾ(｡>﹏<｡)ﾉﾞ✧*。
emoticon	ja	かおもじ	(*˘︶˘*).｡.:*♡
emoticon	ja	かおもじ	(人´∀｀)．☆．。．:*･ﾟ
emoticon	ja	かおもじ	((o(´∀｀)o))ﾜｸﾜｸ
emoticon	ja	かおもじ	(σ・∀・)σｹﾞｯﾂ!!
emoticon	ja	かおもじ	( ﾟ∀ﾟ)･∵. ｸﾞﾊｯ!!
emoticon	ja	かおもじ	( T_T)＼(^-^ )
emoticon	ja	かおもじ	＿|￣|○ il||li
emoticon	ja	かおもじ	⊂ﾟＵ┬───┬~
emoticon	ja	かおもじ	m9(^Д^)ﾌﾟｷﾞｬｰ
emoticon	ja	かおもじ	(*´･ω･)(･ω･｀*)ﾈｰ
emoticon	ja	かおもじ	c(`Д´と⌒ｃ)つ彡 ﾔﾀﾞﾔﾀﾞ
emoticon	ja	かおもじ	(-_-)/~~~ピシー!ピシー!
emoticon	ja	かおもじ	(゜∀。)ﾜﾋｬﾋｬﾋｬﾋｬﾋｬﾋｬ
emoticon	ja	かおもじ	( ‘д‘⊂彡☆))Д´) ﾊﾟｰﾝ
emoticon	ja	かおもじ	工ｴｴｪｪ(´д｀)ｪｪｴｴ工
emoticon	ja	かおもじ	ｷﾀ━━━━(ﾟ∀ﾟ)━━━━!!
emoticon	ja	かおもじ	(((((((((((っ･ω･)っ ﾌﾞｰﾝ
emoticon	ja	かおもじ	((((；ﾟДﾟ))))ｶﾞｸｶﾞｸﾌﾞﾙﾌﾞﾙ
emoticon	ja	かおもじ	(´°̥̥̥̥̥̥̥̥ω°̥̥̥̥̥̥̥̥｀)
emoticon	ja	かおもじ	(。-ω-)zzz. . . (。ﾟωﾟ) ﾊｯ!
emoticon	ja	かおもじ	(:3[▓▓]
emoticon	ja	かおもじ	(¦3[▓▓]
emoticon	ja	かおもじ	=͟͟͞͞ (¦3[▓▓]
kanji	ja	あ	亜吾阿唖蛙亞嗚婀椏猗錏鐚閼啞上日生安会合在朱充当有芦我赤足宛或英空呼明海厚荒浅挙倦称畔浴逢庵麻粟開敢遇登揚愛雅飽綾彰遭網憧蕪編鮎厭讐會厦呀堊扛擧舉淺當痾翕蘆逅遘邂齏韲驤鴉
kanji	ja	ああ	乎於吁咨噫憙猗
kanji	ja	あい	合娃哀相挨逢愛鮎藍饗姶曖哇噫欸殪瞹藹阨靉鞋乃生会医和秋間綾優會埃隘
kanji	ja	あいだ	間
kanji	ja	あいて	対
kanji	ja	あいの	藍
kanji	ja	あえ	允饗和
kanji	ja	あえもの	齏韲
kanji	ja	あお	青碧靑仰蒼煽呷
kanji	ja	あおい	葵
kanji	ja	あおぎり	梧
kanji	ja	あおぐろ	黝
kanji	ja	あか	赤緋垢朱明厚紅赫淦絳
kanji	ja	あかがね	銅
kanji	ja	あかぎれ	皸皹胝
kanji	ja	あかご	嬰
kanji	ja	あかざ	莱藜
kanji	ja	あかし	証験
kanji	ja	あかつき	暁曉
kanji	ja	あかな	茜
kanji	ja	あかね	茜蒐
kanji	ja	あから	赧
kanji	ja	あかり	燈灯
kanji	ja	あかる	耀
kanji	ja	あが	吾何英昂崇
kanji	ja	あがた	県
kanji	ja	あがり	上東明揚
kanji	ja	あき	尭紀秋瑛暁彰聡璃穐曉了日且旦白旭光朱亜亨空幸昌明昭信亮恭晃祥哲朗啓淳章清爽彬喜晶陽義嗣照誠詮楓飽察寧輝審徹諒叡憲燦瞭顕呆晄顯倬惘杲晤曄暸朖烱炳璋龝
kanji	ja	あきぞら	旻
kanji	ja	あきた	慊歉
kanji	ja	あきな	商估賈
kanji	ja	あきの	彰
kanji	ja	あきら	了旭亨侃昂昌映昭亮玲哲朗啓章彪彬瑛晶智陽彰翠聡輝慧審融瞳曜鑑史旦現諒諦斌晟冏旻昶
kanji	ja	あきらか	熙晢昿渙
kanji	ja	あぎと	顎
kanji	ja	あく	悪握渥唖鹸惡幄阨齷厄飽
kanji	ja	あくた	芥
kanji	ja	あくつ	圷
kanji	ja	あくび	欠
kanji	ja	あぐ	倦
kanji	ja	あけ	明緋朱珠暁曙曉洙
kanji	ja	あけぼの	曙
kanji	ja	あげ	揚上挙擧
kanji	ja	あげまき	丱
kanji	ja	あこ	赤
kanji	ja	あこが	憧
kanji	ja	あこめ	衵袙
kanji	ja	あご	顎腮頷顋齶
kanji	ja	あさ	麻朝生旦旭浅漁淺苴
kanji	ja	あさがお	蕣
kanji	ja	あさひ	旭暾
kanji	ja	あさり	蜊
kanji	ja	あざ	字浅麻鮮淺痣
kanji	ja	あざけ	嘲
kanji	ja	あざな	字糾
kanji	ja	あざむ	欺詑詒謾
kanji	ja	あし	疋芦足脚葺葦蘆肢茨厚愛趺
kanji	ja	あしかせ	桎
kanji	ja	あしげ	騅
kanji	ja	あした	旦
kanji	ja	あしなえ	蹇
kanji	ja	あしのうら	跖
kanji	ja	あしぶえ	笳
kanji	ja	あじ	味鯵蝋鰺
kanji	ja	あじか	簣
kanji	ja	あす	朱足飛遊
kanji	ja	あず	阿預
kanji	ja	あずき	荅
kanji	ja	あずけ	預
kanji	ja	あずさ	梓
kanji	ja	あずま	東
kanji	ja	あせ	汗焦
kanji	ja	あぜ	畦畔畛
kanji	ja	あそ	浅麻朝遊敖淺遨
kanji	ja	あそびめ	娼
kanji	ja	あぞう	薊
kanji	ja	あた	仇与中辺応防熱與邊
kanji	ja	あたい	価値價直估
kanji	ja	あたえ	直
kanji	ja	あたか	宛恰
kanji	ja	あたた	温暖煦溫
kanji	ja	あたたか	暄燠
kanji	ja	あたま	頭顱
kanji	ja	あたら	新
kanji	ja	あたる	斉
kanji	ja	あだ	仇讐徒冦婀綽讎
kanji	ja	あち	遏閼
kanji	ja	あっ	圧斡壓且安厚荒悪呆惡
kanji	ja	あっぱれ	遖
kanji	ja	あつ	圧充昌純睦斡徳壓軋遏閼宏厚淳得惇渥温貴敬集暑敦湊蒐鳩豊醇熱輯篤纂鍾亶攅腆豐輳暑溫
kanji	ja	あつか	扱
kanji	ja	あつかい	扱
kanji	ja	あつし	享竺淳惇渥敦篤毅
kanji	ja	あつまり	集
kanji	ja	あつむ	伍
kanji	ja	あつもの	羮
kanji	ja	あつら	誂
kanji	ja	あて	当宛當
kanji	ja	あてら	左
kanji	ja	あで	艶
kanji	ja	あと	後痕跡蹟歩蹤阯步
kanji	ja	あな	穴孔窟坎壙竅竇
kanji	ja	あなが	強
kanji	ja	あなぐら	窖
kanji	ja	あなず	侮
kanji	ja	あなど	侮狎謾侮
kanji	ja	あに	兄豈
kanji	ja	あによめ	嫂
kanji	ja	あね	姉姐
kanji	ja	あの	穴
kanji	ja	あば	暴訐
kanji	ja	あばら	肋
kanji	ja	あひる	鴨鶩
kanji	ja	あび	浴
kanji	ja	あふ	溢
kanji	ja	あぶ	虻危蛇煬
kanji	ja	あぶみ	鐙
kanji	ja	あぶら	油脂膏腴膩
kanji	ja	あぶらあか	膩
kanji	ja	あぶらな	薹
kanji	ja	あぶり	焙
kanji	ja	あま	尼奄冗天甘余雨海剰甜塰蜑餘
kanji	ja	あまが	尼
kanji	ja	あまざけ	醴
kanji	ja	あまだれ	霤
kanji	ja	あまつさ	剰
kanji	ja	あまね	普遍洽
kanji	ja	あまねし	弥普徇浹
kanji	ja	あまの	天
kanji	ja	あまり	余餘
kanji	ja	あまる	余餘
kanji	ja	あみ	畢網編罔罟罠
kanji	ja	あめ	天雨飴穹
kanji	ja	あめの	雨
kanji	ja	あめりか	米
kanji	ja	あも	天厦
kanji	ja	あや	文礼郁恵琢彪理絢斐綾史危妖苑怪奇殆紋寄彩章順漢彰錦綺禮冉竒恠綵黻黼
kanji	ja	あやか	肖
kanji	ja	あやぎぬ	綵
kanji	ja	あやつ	操
kanji	ja	あやま	過誤謝謬愆繆跌
kanji	ja	あゆ	鮎歩愛步
kanji	ja	あら	灼非表荒洗粗疏新粕匪澣澡瑕蘯笨麁
kanji	ja	あらい	洗
kanji	ja	あらかじ	予
kanji	ja	あらが	抗
kanji	ja	あらがね	砿鉱丱礦
kanji	ja	あらし	嵐
kanji	ja	あらそ	争闘爭諍
kanji	ja	あらた	改
kanji	ja	あらたま	璞
kanji	ja	あらと	砺
kanji	ja	あらは	生
kanji	ja	あららぎ	蘭
kanji	ja	あられ	霰
kanji	ja	あらわ	表現著顕著
kanji	ja	あり	作蟻生在有社順
kanji	ja	ありづか	垤
kanji	ja	ある	有或歩儻步
kanji	ja	あるじ	主
kanji	ja	あれ	生荒
kanji	ja	あわ	泡沫粟阿併怜哀淡慌憐勠怱恊恤粱倂
kanji	ja	あわせ	袷
kanji	ja	あわち	莱
kanji	ja	あわび	蚫鰒
kanji	ja	あわら	湶
kanji	ja	あん	安按案庵暗鞍菴諳鮟黯行杏塩闇晏罨莇餡鹽
kanji	ja	あんず	杏
kanji	ja	い	井以伊夷衣亥位囲医李依委易威為畏胃莞倭尉惟異移萎猪偉椅葦意違維慰遺緯謂飴蔚鮪揖爲彙噫圍幃彝彜恚欹洟熨猗痿瞶矣肄苡詒貽逶醫饐鰊鰄入云五比去出生石氷印行合妃壱角忌言告谷良英往岩宜居炊函肥府門娃郁活指施食祖胆美風要院浩射逝凍埋容庵斎蛇唯堰善斑飯斐寝煎稜稲鋳衛磯癒已徠稻衞鑄倚凾壹帷徃怡懿檍渭炒熬痍齋縊譱膽菲藺蝟谿豬韋頤
kanji	ja	いい	謂宜猪飯
kanji	ja	いいつ	咐
kanji	ja	いう	友
kanji	ja	いえ	家宇門室廈
kanji	ja	いえど	雖
kanji	ja	いお	庵廬
kanji	ja	いおの	庵
kanji	ja	いおり	庵廬菴
kanji	ja	いか	生怒厳嗔怎恚慍瞋
kanji	ja	いかずち	雷
kanji	ja	いかだ	筏槎
kanji	ja	いかのぼり	凧
kanji	ja	いかり	碇錨
kanji	ja	いかる	鵤
kanji	ja	いかるが	鵤
kanji	ja	いかん	奈那
kanji	ja	いかんせん	奈
kanji	ja	いかんぞ	奈
kanji	ja	いが	球歪毬啀
kanji	ja	いがた	熔
kanji	ja	いがり	碇
kanji	ja	いき	生粋息域粹杙翊閾伯紀翌翼
kanji	ja	いきお	勢
kanji	ja	いきどお	憤
kanji	ja	いぎりす	英
kanji	ja	いく	生育郁粥幾囿墺毓澳燠礇鬻行至征城侑奧
kanji	ja	いくさ	軍戦戰
kanji	ja	いくさぶね	艟艨
kanji	ja	いけ	池生活
kanji	ja	いけにえ	犠
kanji	ja	いけの	池
kanji	ja	いげた	韓
kanji	ja	いこ	鼓憩憇
kanji	ja	いさ	功石威砂勇勲諌勳諫
kanji	ja	いさお	功勲勣悳
kanji	ja	いさか	諍
kanji	ja	いさぎよ	屑潔
kanji	ja	いさご	沙砂
kanji	ja	いささ	些
kanji	ja	いさむ	勲
kanji	ja	いざ	射躄
kanji	ja	いざな	誘
kanji	ja	いざり	漁
kanji	ja	いし	石
kanji	ja	いしずえ	礎
kanji	ja	いしだたみ	甃
kanji	ja	いしづき	鐓
kanji	ja	いしばし	矼
kanji	ja	いしぶみ	碑碣
kanji	ja	いしやま	岨
kanji	ja	いじ	弄苛虐
kanji	ja	いじく	弄
kanji	ja	いじょう	牛
kanji	ja	いず	出何和泉厳嚴
kanji	ja	いずく	烏悪曷
kanji	ja	いずくんぞ	渠
kanji	ja	いずみ	泉湶
kanji	ja	いずれ	孰
kanji	ja	いせ	竜
kanji	ja	いそ	磯汐急勤礒
kanji	ja	いそが	忙惣
kanji	ja	いた	板分至到格致惨戚悼痛詣傷潮廸怛悵炒臻
kanji	ja	いたず	労
kanji	ja	いたずら	徒
kanji	ja	いただ	頂戴
kanji	ja	いただき	頂顛戴
kanji	ja	いたち	鼬
kanji	ja	いため	撓
kanji	ja	いたる	暢
kanji	ja	いたわ	労
kanji	ja	いだ	抱懐
kanji	ja	いち	一市壱溢弌佚壹軼鎰鴪鷸逸
kanji	ja	いちご	苺莓
kanji	ja	いちじく	九
kanji	ja	いちじる	著著
kanji	ja	いちの	櫟檪
kanji	ja	いちのく	九
kanji	ja	いっ	一壱逸飯溢揖壹
kanji	ja	いつ	一乙五逸溢稜弌佚噎軼鎰鴪鷸逸允伍壱斎慈壹曷齋
kanji	ja	いつき	樹斎齋
kanji	ja	いつく	愛慈厳嚴
kanji	ja	いつくし	厳
kanji	ja	いつつ	五
kanji	ja	いつわ	偽詐僞佯譎
kanji	ja	いづ	出泉厳嚴
kanji	ja	いで	出
kanji	ja	いと	糸絃絲愛線厭綸褸
kanji	ja	いとぐち	緒
kanji	ja	いとけな	稚
kanji	ja	いとし	愛
kanji	ja	いとな	営營
kanji	ja	いとま	暇遑
kanji	ja	いど	戸挑
kanji	ja	いな	否員引苗辞稲稻
kanji	ja	いなご	螽
kanji	ja	いなだ	鰍
kanji	ja	いなな	嘶
kanji	ja	いにしえ	古往徃
kanji	ja	いぬ	犬狗戌
kanji	ja	いぬい	乾
kanji	ja	いね	禾稲稻
kanji	ja	いの	猪井伊亥祈祷飯悲稲稻祈
kanji	ja	いのしし	猪猯豬
kanji	ja	いのち	命
kanji	ja	いはや	窟
kanji	ja	いばら	楚荊茨
kanji	ja	いばり	尿溺
kanji	ja	いびき	鼾
kanji	ja	いびつ	歪
kanji	ja	いぶ	熏
kanji	ja	いぶし	燻
kanji	ja	いほり	庵
kanji	ja	いぼ	疣肬
kanji	ja	いま	今未
kanji	ja	いまし	戒勅警飭
kanji	ja	いまわ	忌
kanji	ja	いまん	敏
kanji	ja	いむ	忌
kanji	ja	いも	芋妹薯藷蕷
kanji	ja	いもうと	妹
kanji	ja	いや	弥嫌厭否卑賎瘉卑
kanji	ja	いやしく	苟
kanji	ja	いよ	彌
kanji	ja	いよいよ	弥愈逾
kanji	ja	いよう	陽
kanji	ja	いら	平苛郎
kanji	ja	いらか	甍
kanji	ja	いり	煎入西飯圦杁
kanji	ja	いりえ	湾
kanji	ja	いる	一入日
kanji	ja	いるか	鯆
kanji	ja	いれ	入
kanji	ja	いれずみ	黥
kanji	ja	いろ	色
kanji	ja	いろど	彩
kanji	ja	いろどり	采釆
kanji	ja	いろり	炉鑪鈩
kanji	ja	いわ	岩磐巌況祝矧巖况嵒祝
kanji	ja	いわい	祝
kanji	ja	いわお	磐巌巖
kanji	ja	いわし	鰯鰮鰛
kanji	ja	いわた	瀬
kanji	ja	いわや	窟
kanji	ja	いん	引印因咽姻胤音員院淫陰寅飲蔭隠韻堙婬恁飮殞氤茵蚓贇酳隕隱霪韵允伊囲均鷹什圍慇殷湮鸚
kanji	ja	いんち	吋
kanji	ja	いんの	因
kanji	ja	う	右卯宇羽有迂佑雨於胡宥祐烏翁優鵜鴎于傴吁囿塢嫗桙燠瓮甌禹肬蓊謗鶲齲羽又牛区太尤友央生打布芋汚伐劫秀兎売防苑欧殴享受承府武海恩飢倦討浮娩埋悪産笛得郵雲植椎遊雄雅愚蒔銀熊綿稼餓撃熟請憂頭織濫饗菟韮膿凰賣鬱夘售孳惓抃拊搨擣擽盂紆茹賈餒饑擊產
kanji	ja	うい	初茴外回黄
kanji	ja	うえ	上飢植殖樹
kanji	ja	うえじに	殍
kanji	ja	うお	魚
kanji	ja	うか	泛
kanji	ja	うかが	伺窺諜覗俔覘遉
kanji	ja	うかがい	伺
kanji	ja	うが	穿
kanji	ja	うき	浮
kanji	ja	うきくさ	蘋
kanji	ja	うきの	浮
kanji	ja	うきぶくろ	鰾
kanji	ja	うぐい	鯏
kanji	ja	うぐいす	鴬鶯
kanji	ja	うけ	受請
kanji	ja	うけたまわ	承
kanji	ja	うげ	向
kanji	ja	うご	動揺蕩蘯蹌
kanji	ja	うさぎ	兎菟卯兔
kanji	ja	うさぎあみ	罘
kanji	ja	うさぎう	兎
kanji	ja	うさむ	茂
kanji	ja	うし	牛丑後
kanji	ja	うしお	汐潮
kanji	ja	うしとら	艮
kanji	ja	うしな	失喪
kanji	ja	うしゃおし	孝
kanji	ja	うしろ	後
kanji	ja	うじ	氏蛆牛寺池路
kanji	ja	うじゅう	従從
kanji	ja	うす	臼碓涼薄漓磑
kanji	ja	うすぎぬ	紗
kanji	ja	うすぐ	腰
kanji	ja	うすじ	筋
kanji	ja	うず	渦水埋填
kanji	ja	うずくま	踞蹲
kanji	ja	うずたか	堆
kanji	ja	うずまき	巴
kanji	ja	うずら	鶉
kanji	ja	うせい	浩
kanji	ja	うそ	嘘鷽噓
kanji	ja	うそぶ	嘯
kanji	ja	うた	歌打吟唄唱転詠詩賦謡謠咏謌
kanji	ja	うたい	謡謠
kanji	ja	うたいめ	妓
kanji	ja	うたが	疑
kanji	ja	うたげ	宴讌
kanji	ja	うち	内裡欝蔚熨內中打家討尉渕
kanji	ja	うちかけ	袿褂裲
kanji	ja	うちき	袿褂
kanji	ja	うちぎ	袿
kanji	ja	うちばり	梁
kanji	ja	うっ	打討鬱
kanji	ja	うった	訟訴愬
kanji	ja	うつ	欝蔚鬱熨内写打抄空映尉移虚転遷謄摸冩寫徙
kanji	ja	うつく	昌娃美佼倩妍姚
kanji	ja	うつくし	旺美
kanji	ja	うつつ	現
kanji	ja	うつばり	梁
kanji	ja	うつぼ	靭笂靱
kanji	ja	うつろ	腔
kanji	ja	うつわ	器器噐
kanji	ja	うてな	台柎萼蕚
kanji	ja	うで	腕
kanji	ja	うでっぷ	腕
kanji	ja	うでわ	釧
kanji	ja	うと	疏疎踈
kanji	ja	うな	項鰻唸髫魘
kanji	ja	うなが	促
kanji	ja	うなぎ	鰻
kanji	ja	うなじ	項
kanji	ja	うなず	頷
kanji	ja	うなり	唸
kanji	ja	うね	畝畦畔釆畆畴
kanji	ja	うの	卯府鵜
kanji	ja	うば	姥奪
kanji	ja	うふ	大
kanji	ja	うぶ	産產生幼
kanji	ja	うべな	肯
kanji	ja	うま	午馬甘巧旨美甜
kanji	ja	うまい	生
kanji	ja	うまかい	圉
kanji	ja	うまは	生
kanji	ja	うまや	厩駅廠厰廐
kanji	ja	うまる	生る
kanji	ja	うみ	海膿海臣溟瀛
kanji	ja	うみょう	明
kanji	ja	うむ	武
kanji	ja	うめ	梅楳梅埋
kanji	ja	うめい	命
kanji	ja	うめん	麺
kanji	ja	うや	谷
kanji	ja	うやうや	恭
kanji	ja	うやま	敬
kanji	ja	うら	浦裡裏卜占末怨恨憾麗怏惆悵慍慊
kanji	ja	うらかた	卦
kanji	ja	うらし	嬉
kanji	ja	うらな	卜占
kanji	ja	うらない	卜占
kanji	ja	うらみ	怨
kanji	ja	うらや	羨
kanji	ja	うり	瓜売賣
kanji	ja	うりゅ	瓜
kanji	ja	うりよね	糶
kanji	ja	うる	生売砂漆潤蔚
kanji	ja	うるい	閏
kanji	ja	うるう	閏閠
kanji	ja	うるお	沢渥湿潤濡沾洽霑
kanji	ja	うるし	漆
kanji	ja	うるち	粫粳
kanji	ja	うるわ	彬麗斌
kanji	ja	うれ	邑戚愁嬉憂騒恤悒
kanji	ja	うれえる	桓
kanji	ja	うれし	嬉
kanji	ja	うろ	虚
kanji	ja	うろこ	鱗
kanji	ja	うわ	上浮
kanji	ja	うわぐすり	釉
kanji	ja	うわさ	噂
kanji	ja	うわばみ	蠎蟒
kanji	ja	うん	云運雲慍暈紜繧薀褞韵饂鶤均芸員温銀韻吽耘蘊溫
kanji	ja	うー	烏武
kanji	ja	え	永会江英画娃廻重柄悦恵瑛絵話餌慧叡衛荏洩頴蛙歪惠會囘哇噫徊攜椏淮繪茴踝迴錏鐚阨戸右央兄生由衣回吉亜囲図谷依押枝茂畏映栄計星美風挨笑得詠喜隈植飯愛雅携誉榎窪影潰壊懐獲唖穎畦罫亞榮衞壞柯穢鐫
kanji	ja	えい	永曳泳英映栄営瑛詠影鋭叡衛嬰洩盈穎頴榮衞咏營塋曵楹殪潁瀛珱纓蠑裔贏郢霙銳央医延喜景慧暎睿翳
kanji	ja	えいし	喜
kanji	ja	えう	曜
kanji	ja	ええ	詠鋭榮
kanji	ja	えが	画描
kanji	ja	えき	亦役易疫益液訳駅奕懌蜴蝪驛鯣益伯射浴掖繹腋
kanji	ja	えくぼ	靨
kanji	ja	えぐ	刔抉
kanji	ja	えさ	餌
kanji	ja	えだ	枝条條
kanji	ja	えだち	徭
kanji	ja	えち	噎抉粤蛻軋咽悦越説閲
kanji	ja	えっ	越謁閲
kanji	ja	えつ	悦越謁閲噎戉抉粤蛻鉞謁悅閱咽逸説
kanji	ja	えにし	縁
kanji	ja	えの	榎絵繪
kanji	ja	えのき	榎
kanji	ja	えばら	茨
kanji	ja	えび	蝦蛭蛯老胡鰕
kanji	ja	えびす	夷戎胡蛮戉羌貊
kanji	ja	えびら	箙
kanji	ja	えみ	蝦笑
kanji	ja	えみし	夷
kanji	ja	えやみ	瘟癘
kanji	ja	えら	択偉豪撰選掏揀柬腮顋
kanji	ja	えり	衿襟撰
kanji	ja	えん	円奄延沿炎苑怨院宴堰援媛淵園煙猿遠鉛塩演鳶縁燕薗艶厭掩焔鴛圓偃冤圜娟嫣寃悁掾檐櫞淹渊湲烟焉爰篶簷綰艷莚蜒蜿讌轅鋺閼閻閹魘鹽黯黶緣宛咽垣員俺渉湾羨賢嚥婉捐椽衍涎臙袁豌焰
kanji	ja	えんじゅ	槐
kanji	ja	えんの	役
kanji	ja	お	乃小夫央乎汚牡尾於勇烏朗悪雄緒穂苧惡唹塢淤靉緖乙下士大王圧弘史生包仰百老応呉臣折男忍邑阿押居治青卒府怖武房和哀音皇追負保勃面郎浦恩起鬼降桜扇帯島黄魚終推惜措淡捺畢麻隆越奥御堕渡落愛遠雅置億穏織帶奧穗櫻卆嗚擠殞穩耆訖趁隱飫郞黃
kanji	ja	おい	笈甥纓及生老於追負姪
kanji	ja	おいし	生
kanji	ja	おいの	狼
kanji	ja	おう	王凹央応邑往押旺欧殴皇翁紘桜逢黄奥幌横鴨襖姶鴬鴎晄凰奧應櫻嘔嚶墺嫗徃徨怏悒惶抂歐殃毆汪泱泓浤湟澳燠珱瓮甌秧篁簧罌蓊蝗謳遑鍠閘隍霙鰉鴦鶲黌黃橫大区太圧玉仰近宏尾芳相晃扇庵淡鷹媼懊枉袍鏖鞅鶯鸚鷗
kanji	ja	おうぎ	扇
kanji	ja	おうご	朸
kanji	ja	おうし	特
kanji	ja	おうじ	皇
kanji	ja	おうち	樗楝
kanji	ja	おうな	嫗
kanji	ja	おお	大巾王太巨生仰多近庇邑奄欧果祁松青皇浩被唯衆帽蓋蒙碩蔽覆掩奧倬歐盍盖葢鉅
kanji	ja	おおかみ	狼
kanji	ja	おおがい	頁
kanji	ja	おおがめ	鰲鼇
kanji	ja	おおきみ	王
kanji	ja	おおぎ	扇
kanji	ja	おおご	朸
kanji	ja	おおごと	瑟
kanji	ja	おおざと	邑
kanji	ja	おおし	繽
kanji	ja	おおじ	逵
kanji	ja	おおじか	麈
kanji	ja	おおぞら	宙
kanji	ja	おおだて	櫓
kanji	ja	おおち	樗楝
kanji	ja	おおづつ	熕
kanji	ja	おおづな	紘
kanji	ja	おおとり	鳳鴻鵬
kanji	ja	おおむ	梗概
kanji	ja	おおやけ	公
kanji	ja	おおよそ	凡
kanji	ja	おおん	御
kanji	ja	おか	丘岳允犯阿岡阜侵冒峻陸傍嶽畧冐邱隴
kanji	ja	おが	拝拜
kanji	ja	おがみ	拝拜
kanji	ja	おき	生沖居興起修奥順置奧澳燠
kanji	ja	おきて	掟
kanji	ja	おきな	翁
kanji	ja	おぎ	荻脇蒹
kanji	ja	おぎな	補
kanji	ja	おぎゅ	荻
kanji	ja	おく	沃屋奥億憶臆奧檍抑後送帰遅置贈皈貽遲餽饋贈
kanji	ja	おくて	稚
kanji	ja	おくび	噫
kanji	ja	おくみ	袵
kanji	ja	おくり	贈
kanji	ja	おくりな	謚
kanji	ja	おけ	桶岡置
kanji	ja	おけら	朮
kanji	ja	おこ	怒興煽
kanji	ja	おこし	輿
kanji	ja	おこた	怠嬾
kanji	ja	おこっ	興
kanji	ja	おこな	行
kanji	ja	おこり	瘧
kanji	ja	おご	僣敖
kanji	ja	おごそ	荘厳嚴
kanji	ja	おごる	汰
kanji	ja	おさ	孟紀酋収圧伯抑乱押治長按修納統雄摂綜蔵厭收乂佰熨畧筬艾釐
kanji	ja	おさえ	鎮
kanji	ja	おさか	刑
kanji	ja	おさな	幼孺
kanji	ja	おさない	稚
kanji	ja	おさむ	乃攻修理靖一紀順
kanji	ja	おし	唖鴛忍押訓教慳敎
kanji	ja	おしきうお	魴
kanji	ja	おしどり	鴛
kanji	ja	おしゃ	長
kanji	ja	おしょ	忍
kanji	ja	おじ	牡
kanji	ja	おじか	麌
kanji	ja	おじる	怯
kanji	ja	おす	牡雄押
kanji	ja	おそ	忙怖畏恐教遅襲兇兢怕恟悚惶惴慴懾獺瞿遲敎
kanji	ja	おそれ	虞恐
kanji	ja	おそれる	怯
kanji	ja	おだ	穏煽穩
kanji	ja	おち	乙戉榲粤膃鉞越落謁
kanji	ja	おちい	陥陷
kanji	ja	おちる	零
kanji	ja	おっ	乙追越億
kanji	ja	おっく	億
kanji	ja	おっしゃ	仰
kanji	ja	おっと	夫
kanji	ja	おつ	乙榲膃越
kanji	ja	おでる	稚
kanji	ja	おと	乙音劣男弟
kanji	ja	おとうと	弟
kanji	ja	おとぎ	弟
kanji	ja	おとこ	男郎漢
kanji	ja	おとこだて	侠
kanji	ja	おとこよもぎ	蔚
kanji	ja	おとし	落
kanji	ja	おとしい	陥陷
kanji	ja	おとず	訪
kanji	ja	おとめ	女
kanji	ja	おとり	囮
kanji	ja	おとろ	衰
kanji	ja	おど	威脅踊嚇躍踴
kanji	ja	おどし	縅
kanji	ja	おどり	踊躍
kanji	ja	おどろ	驚咢駭
kanji	ja	おな	女同翁紳
kanji	ja	おながざる	禺
kanji	ja	おなもみ	葹
kanji	ja	おに	鬼遠
kanji	ja	おにやらい	儺
kanji	ja	おの	斧斤自尾
kanji	ja	おのおの	各
kanji	ja	おのの	栗戦
kanji	ja	おのれ	己
kanji	ja	おば	姑姨
kanji	ja	おひつじ	羝
kanji	ja	おび	帯帶紳怯
kanji	ja	おびただ	夥
kanji	ja	おびだま	珮
kanji	ja	おびと	首
kanji	ja	おびや	劫脅刧
kanji	ja	おぼ	没覚溺沒湎覺
kanji	ja	おぼえ	覚覺
kanji	ja	おぼろ	朧
kanji	ja	おみ	臣
kanji	ja	おも	主面沢思重惟想懐侖
kanji	ja	おもい	思
kanji	ja	おもかげ	俤
kanji	ja	おもが	羇
kanji	ja	おもがい	覊
kanji	ja	おもて	表面
kanji	ja	おもね	阿
kanji	ja	おもねる	侫
kanji	ja	おもむ	赴趣趨
kanji	ja	おもむき	趣況况
kanji	ja	おもむろ	徐
kanji	ja	おもり	錘
kanji	ja	おもんぱか	慮
kanji	ja	おもんぱく	慮
kanji	ja	おや	親生押
kanji	ja	おやじ	爺
kanji	ja	おゆ	生老
kanji	ja	およ	及凡迄泳曁泅
kanji	ja	およぎ	泳
kanji	ja	および	及
kanji	ja	おり	匂折織澱芳里
kanji	ja	おる	処織
kanji	ja	おれ	俺折
kanji	ja	おれえるさま	忙
kanji	ja	おろ	卸愚魯呆
kanji	ja	おろか	痴
kanji	ja	おろが	拝
kanji	ja	おろし	卸颪
kanji	ja	おろち	蠎蟒
kanji	ja	おわ	坐終竣
kanji	ja	おわり	終
kanji	ja	おん	円苑怨音恩庵陰堰温御媛猿蔭薗穏厭鴛偃寃慍榲飮淹爰瘟穩菴薀蜿褞諳贇轅鋺鰮鰛溫牡宛垣鬼飲援雄暗園遠隠諺闇奧隱
kanji	ja	おんな	女
kanji	ja	か	下也化火日加可禾瓜仮何伽花里価佳果河苛茄彼和科架珂迦香耶夏家荷華蚊個菓貨袈渦過斯嫁暇禍嘩靴跨話榎嘉寡歌箇樺稼蝦課駕霞蘭卦蛤珈價个假咼啝囮堝夥夸廈彁找柯渮瑕笳舸萪蝸蝌裹訶謌譁譌谺賈跏踝遐顆禍一十川刈欠支壬且巨乎甲処代白圭交牡我克赤伯画庚郁枯狩神風変桂兼借書徒掛勘偽鹿掃鳥描梨猟賀葛換勝酢曾替貸買雅誇飼摂駆駈薫賭薙鍛鍋馨懸鰯鶴噛栢苅繋咋掻翔嗅乂凅呵咥嗄噬囓崋戈挂搗變槁歟痂窩缺罅胯舁艾虧訛軻鍜驅齟薰飼
kanji	ja	かあ	母
kanji	ja	かい	介亥会回灰快戒改芥貝画怪拐廻悔恢海界皆柏害桧晦械絵開階凱粥堺買解塊詮話魁概潰壊懐鎧蟹頴咳卦鮭楷諧壞懷乖价會傀囘剴咼垓夬乢屶嵬廨徊恠憇挂揩枴椢淮瑰畍盖瞶繪茴葢薤薈蠏褂觧詼豈迴邂醢隗鞋駭鱠悔海甘佳劾届垣桂掛街萱喫慨蓋該飼賄養骸憩轄鍵競穎珪罫掻櫂偕哇喙楫槐橈獪疥鬻膾蛔誨誡搔
kanji	ja	かいが	鎌
kanji	ja	かいこ	蚕蠶
kanji	ja	かいと	泰
kanji	ja	かいな	肱腕
kanji	ja	かいばおけ	櫪
kanji	ja	かいよね	糴
kanji	ja	かいり	浬
kanji	ja	かえ	換反却返帰替還卻歸皈
kanji	ja	かえで	楓槭
kanji	ja	かえり	省帰顧歸
kanji	ja	かえる	蛙蟇
kanji	ja	かお	顔顏香薫馨薰
kanji	ja	かおり	馨薫芬
kanji	ja	かおる	芳郁彪薫
kanji	ja	かか	各拘抱係掲隠関繋嚊嬶關揭
kanji	ja	かかあ	嚊嬶
kanji	ja	かかと	踵
kanji	ja	かかり	係掛
kanji	ja	かが	利各屈香蚊鏡傴僂縢跼
kanji	ja	かがみ	鏡鑑鑒
kanji	ja	かがみたい	魴
kanji	ja	かがみだい	魴
kanji	ja	かがや	旺輝曜耀赫曄
kanji	ja	かがり	篝
kanji	ja	かき	垣柿堵蛎書塀墻牆硴蠣
kanji	ja	かきの	垣柿
kanji	ja	かきもの	帖
kanji	ja	かぎ	勾鍵鈎限釣劃鉤鎰鑰
kanji	ja	かく	各角画拡革客格核殻郭脚覚較隔塙閣確獲嚇穫劃廓撹赫掴卻咯埆壑斈寉幗愨擴桷梏椁殼狢瓠畫癨矍膈膕茖蠖覈覺謔貉钁霍骼鷽却岳秘碓隠潜蔵鶴嶽挌攪擱攫槨濳隱馘
kanji	ja	かくし	隠隱
kanji	ja	かくま	匿
kanji	ja	かくれ	隠隱
kanji	ja	かぐわ	郁馨
kanji	ja	かけ	賭欠武掛懸缺
kanji	ja	かけい	筧
kanji	ja	かけはし	梯桟
kanji	ja	かけば	齔
kanji	ja	かけひ	筧
kanji	ja	かける	走
kanji	ja	かげ	陰蔭影掛景崗
kanji	ja	かこ	囲託圏蓋喞圍栫
kanji	ja	かこう	盖
kanji	ja	かこつ	詫託寓
kanji	ja	かご	駕輿篭籠筺轎
kanji	ja	かさ	笠傘蓋嵩重套累畳襲暈疉瘡盖葢
kanji	ja	かさか	笠
kanji	ja	かささぎ	鵲
kanji	ja	かさなる	疂
kanji	ja	かさね	重累
kanji	ja	かさねる	鄭疂
kanji	ja	かざ	風桑飾賁餝
kanji	ja	かざし	釵
kanji	ja	かざり	飾錺
kanji	ja	かし	樫橿呪柏械貸傾槝
kanji	ja	かしこ	才畏賢俐
kanji	ja	かしま	姦
kanji	ja	かしら	孟頁魁頭仟顱
kanji	ja	かしわ	柏膳栢槲
kanji	ja	かじ	梶舵柁噛櫂囓楫橈
kanji	ja	かじか	鰍悴鮖
kanji	ja	かす	糟粕和春幽烏掠微霞
kanji	ja	かすがい	鎹
kanji	ja	かすみ	霞
kanji	ja	かすみの	霞
kanji	ja	かすめとる	抄
kanji	ja	かすり	綛纃緕
kanji	ja	かず	一毎壱寿宗和胤紀計員数憲數千凡万五収主邦利知昭葛量義收萬壽籌
kanji	ja	かずのこ	鯑
kanji	ja	かずみ	昭
kanji	ja	かずら	葛鬘
kanji	ja	かせ	校械笠稼枷綛
kanji	ja	かせぎ	稼
kanji	ja	かぜ	風
kanji	ja	かぞ	数數
kanji	ja	かた	片方形肩型剛容象潟賢議一才交固県堅硬犀酢尊淵傾塙語像竪鎌難舘牢縣劼鞏騙難
kanji	ja	かたき	敵仇
kanji	ja	かたく	頑
kanji	ja	かたしろ	祢禰
kanji	ja	かたじけな	忝
kanji	ja	かたち	形象状貌頌皃軆
kanji	ja	かたつむり	蝸
kanji	ja	かたど	象模
kanji	ja	かたどる	貌
kanji	ja	かたな	刀釖
kanji	ja	かたぬ	袒
kanji	ja	かたば	酢
kanji	ja	かたぶき	傾
kanji	ja	かたぶく	傾
kanji	ja	かたまり	塊団
kanji	ja	かたみ	匪互筺
kanji	ja	かたむ	傾昃
kanji	ja	かため	瞎
kanji	ja	かたよ	偏頗
kanji	ja	かたわ	傍
kanji	ja	かち	聒蛞豁濶括徒喝渇割葛勝筈渴
kanji	ja	かちどき	凱
kanji	ja	かっ	括喝勝滑褐刈甲各合角河画恰活格核渇脚割葛隔閣喀恪畫羯闊渴
kanji	ja	かっぷ	冠
kanji	ja	かつ	且功括活喝渇健捷曽割葛筈雄滑褐轄劼戛戞曷猾瞎磆聒蛞蠍豁濶鞨頡黠渴喝褐一巧克担鹿勝曾嘗刮尅戡擔甞蝎闊
kanji	ja	かつお	鰹
kanji	ja	かつみ	黄
kanji	ja	かつら	桂葛蘰
kanji	ja	かつり	和将
kanji	ja	かづ	一和憲
kanji	ja	かて	糧粮糅
kanji	ja	かと	門
kanji	ja	かど	圭角門稜才廉
kanji	ja	かな	叶乎金門哀哉奏称悲楽鉄銀適敵恊縢鐵
kanji	ja	かなえ	鼎
kanji	ja	かなえざ	叶
kanji	ja	かなまり	鋺
kanji	ja	かなめ	紀要
kanji	ja	かなら	必
kanji	ja	かに	蟹蠏
kanji	ja	かね	金矩懐錦鐘鉦鍾予包周兼鉄銀謙鎌釛鐵
kanji	ja	かねが	鐘
kanji	ja	かねぐら	帑
kanji	ja	かねざし	矩
kanji	ja	かの	叶彼鹿賀寒
kanji	ja	かのう	叶
kanji	ja	かのえ	庚
kanji	ja	かのこ	麑
kanji	ja	かのと	辛
kanji	ja	かはる	陽
kanji	ja	かば	椛蒲樺庇
kanji	ja	かばね	姓
kanji	ja	かばん	鞄
kanji	ja	かび	黴
kanji	ja	かぶ	株蕪冠被
kanji	ja	かぶと	兜甲
kanji	ja	かぶら	蕪鏑
kanji	ja	かぶらや	鏑
kanji	ja	かべ	壁
kanji	ja	かほる	薫
kanji	ja	かま	釜蒲窯鎌缶畑構竃冓竈窰釡鑵
kanji	ja	かます	叺
kanji	ja	かまど	竃
kanji	ja	かまびす	喧嘩噌嗷聒諠譁讙
kanji	ja	かまん	釜
kanji	ja	かみ	上神紙髪髮神守侍皇督頭帋
kanji	ja	かみかざ	珈幗
kanji	ja	かみしも	裃
kanji	ja	かみなり	雷
kanji	ja	かむ	神
kanji	ja	かむら	嘉
kanji	ja	かむろ	禿
kanji	ja	かめ	亀龜瓶瓷甌罌甁
kanji	ja	かも	鴨甘神酎蒲樺醸醗釀鳧鳬
kanji	ja	かもしか	羚
kanji	ja	かもじ	髢
kanji	ja	かもの	鴨
kanji	ja	かもめ	鴎
kanji	ja	かや	茅草萱茨柏栢榧茆
kanji	ja	かゆ	粥癢鬻餬
kanji	ja	かよ	通雅
kanji	ja	かよい	通
kanji	ja	かよわ	孅
kanji	ja	から	空唐殻韓殼辛苛柄烏税絡漢樺涸縢
kanji	ja	からか	揶誂
kanji	ja	からかさ	傘
kanji	ja	からくり	枢関
kanji	ja	からし	芥辛
kanji	ja	からす	烏
kanji	ja	からたち	枳
kanji	ja	からだ	体腔躯體軆
kanji	ja	からなし	奈
kanji	ja	からむし	苧紵
kanji	ja	からめ	搦
kanji	ja	からもも	杏
kanji	ja	からんし	苧
kanji	ja	かり	仮雁苅假刈香狩美借猟滑甸畋鳫
kanji	ja	かりがね	雁鳫
kanji	ja	かりずまい	寓
kanji	ja	かる	苅刈剤軽緬輕
kanji	ja	かれ	彼枯渠儂
kanji	ja	かれい	鰔鰈
kanji	ja	かろ	辛唐軽輕
kanji	ja	かわ	川皮河革代逓渇乾楊晞渝熈躱渴
kanji	ja	かわぐつ	鞨
kanji	ja	かわごろも	裘
kanji	ja	かわず	蛙
kanji	ja	かわせみ	翠翆
kanji	ja	かわや	厠廁溷
kanji	ja	かわら	瓦甎甓磧磚
kanji	ja	かわらげ	駱
kanji	ja	かわるが	逓
kanji	ja	かを	夫
kanji	ja	かん	干刊甘甲汗缶完肝侃官函冠巻柑看竿莞陥乾勘患貫菅寒喚堪換敢棺款間閑湛勧寛幹感漢慣管関歓監緩憾還館環簡観韓艦鑑姦桓澗潅翰諌舘鹸卷陷丱凾刋勸啣圜坎坩奐嫺嫻寰悍慳懽戡扞拑捍揀旱杆柬橄樌欟歛歡淦渙湲澣瀚燗瞰稈篏繝罐罕羹羮莟蒄蚶觀讙豢轗邯酣銜鐶鑒鑵關頷顴駻驩骭鬟鰔鰥鸛鼾龕寬漢館丸幻広含串河限神康紺萱減蒲鎌苅翫廣咸喊奸宦嵌撼桿檻歉浣涵灌煥疳癇皖箝緘艱諫鉗鹹神
kanji	ja	かんが	考稽鑑鑒
kanji	ja	かんがみ	監
kanji	ja	かんざし	簪釵
kanji	ja	かんぞう	萱
kanji	ja	かんど	梶
kanji	ja	かんなぎ	覡
kanji	ja	かんぬき	関閂
kanji	ja	かんの	甲
kanji	ja	かんば	樺芳
kanji	ja	かんむり	弁冠冕
kanji	ja	が	牙瓦疋伽我画芽俄臥峨賀雅餓駕蛾呀哦囮娥峩畫莪譌鵝下子日仮合何果河苛珂狩家荷華蚊菓掛偽鹿閑禍鈴嘉歌箇鍬蟹罫假衙鵞
kanji	ja	がい	外亥貝劾害崖涯凱街慨蓋該概骸鎧咳碍苅呆乂剴啀垓崕嵬皚盖睚磑艾葢豈隗駭鮠慨槪刈会谷海界垣階買飼丐會孩愾漑礙
kanji	ja	がえ	肯枝替
kanji	ja	がえる	蛙
kanji	ja	がお	顔
kanji	ja	がおか	丘
kanji	ja	がかり	係掛
kanji	ja	がき	垣柿城書描
kanji	ja	がぎ	垣
kanji	ja	がく	学岳楽額顎鍔鰐樂壑學斈寉嶽愕狢瘧萼蕚貉鄂醵鶚鷽齶角逆覚鶴咢覺諤
kanji	ja	がくし	隠隱
kanji	ja	がけ	崖掛垳崕
kanji	ja	がさ	傘笠嵩
kanji	ja	がし	貸樫
kanji	ja	がしら	頭
kanji	ja	がしわ	柏
kanji	ja	がす	粕
kanji	ja	がすみ	霞
kanji	ja	がすり	絣
kanji	ja	がせ	瀬瀨
kanji	ja	がた	片方形肩型県堅髪潟縣
kanji	ja	がたき	敵
kanji	ja	がたけ	岳嶽
kanji	ja	がたな	刀
kanji	ja	がたみ	筐
kanji	ja	がたり	語
kanji	ja	がだき	滝瀧
kanji	ja	がち	月曷鞨活褐
kanji	ja	がっ	合月学勝楽顎樂學
kanji	ja	がつ	月刈勝
kanji	ja	がつお	鰹
kanji	ja	がに	蟹
kanji	ja	がね	金兼鉄鐘鐵
kanji	ja	がの	我鹿
kanji	ja	がのう	我
kanji	ja	がはな	鼻
kanji	ja	がま	釜蒲窯鎌竃竈
kanji	ja	がまち	框
kanji	ja	がみ	紙上尻耳神髪頭髮
kanji	ja	がみね	峰峯
kanji	ja	がめ	亀瓶甕甁
kanji	ja	がも	鴨蒲
kanji	ja	がや	谷萱
kanji	ja	がゆ	粥
kanji	ja	がら	柄殻殼十辛潟
kanji	ja	がらき	楽樂
kanji	ja	がらし	嵐
kanji	ja	がらす	烏
kanji	ja	がり	刈狩借苅
kanji	ja	がる	軽輕
kanji	ja	がわ	川側皮河革
kanji	ja	がわら	瓦
kanji	ja	がん	丸元完含岸玩岩眼強寒換雁頑源韓顔願巌桓翰癌翫贋巖偐啣嵒愿懽扞捍旱澣瀚狠碪芫莟邯酣銜頷顏駻鳫鼾龕汗河官原貫漢緩厳鑑嚴嵌鴈
kanji	ja	き	己木生企伎危机気岐希忌汽玖奇祈季祁其林紀軌祇既帰記起飢鬼桔黄基寄規亀崎葵喜幾揮期棋稀貴智棄旗箕器嬉毅畿輝槻窺機磯徽騎妓碕氣毀綺熙麒亟冀几剞匱咥唏喟噐圻竒弃悸愧憙掎揆晞曁曦朞枳棊榿欷歸沂熈燬燹皈瞶祺禧稘簣籏羇耆虧覊覬譏豈跂餽饋饑龜祈黃器旣刃公水切可甲示北衣吉次虫肌伐妃亜技決材来利杵効枝明茂峡哉城矩消訊姫埼斬欺極善堕着碁置嘉聞戯敷舗樹犠聴鎮蛎亞來峽暉藝聽僖决刄刋卉夬屓斫杞槎麾淇煕熹畸癸羈聆蠣詭諱跪逵鐫鑚馗騏驥
kanji	ja	きい	紀基給
kanji	ja	きき	聞
kanji	ja	ききい	可
kanji	ja	ききめ	効
kanji	ja	きく	掬菊鞠麹椈鞫畜蓄
kanji	ja	きくいむし	蠹蠧
kanji	ja	きくす	掬
kanji	ja	きこ	樵
kanji	ja	きこり	樵蕘
kanji	ja	きさ	象兆私蚶
kanji	ja	きさき	后妃
kanji	ja	きささげ	楸
kanji	ja	きざ	兆刻萌萠剞雕
kanji	ja	きざし	萌
kanji	ja	きざはし	陛階
kanji	ja	きし	岸崖汀垠墺軋
kanji	ja	きしの	岸
kanji	ja	きじ	樸雉
kanji	ja	きす	鱚
kanji	ja	きず	傷創築瑕疵
kanji	ja	きずな	紲緤縻
kanji	ja	きそ	競竸
kanji	ja	きた	北来阿鍛來釟
kanji	ja	きたな	汚
kanji	ja	きち	吉詰橘
kanji	ja	きっ	喫橘拮切生吉桔亀菊吃
kanji	ja	きつ	吉迄喫詰橘吃佶訖頡乞生屹
kanji	ja	きつね	狐
kanji	ja	きな	黄黃
kanji	ja	きぬ	絹衣繭
kanji	ja	きぬた	砧碪
kanji	ja	きね	杵
kanji	ja	きの	紀木城
kanji	ja	きのえ	甲
kanji	ja	きのこ	茸蕈
kanji	ja	きのと	乙
kanji	ja	きはだ	檗蘗
kanji	ja	きば	牙
kanji	ja	きび	黍苛厳嚴峭禝
kanji	ja	きびす	踵
kanji	ja	きほ	穂穗
kanji	ja	きみ	公仁君卿王紀皇
kanji	ja	きも	肝胆
kanji	ja	きゃ	伽茄迦可花華脚
kanji	ja	きゃが	可
kanji	ja	きゃく	却客格脚戟隙激赫掴卻咯幗矍膈膕茖謔郤醵钁闃骼鬩鴃鵙革喫撃嚇
kanji	ja	きゃっ	却客脚
kanji	ja	きゃん	侠
kanji	ja	きゅ	久究喜
kanji	ja	きゅう	九久及弓丘旧臼休吸朽求汲灸究玖泣急級糾柾宮笈亀救球給鳩厩窮仇韮穹嗅岌廐廏恷摎樛歙烋疚皀繆翕舊苙蚯裘貅逑邱鬮臭僑柩糺躬
kanji	ja	きゅうら	厳嚴
kanji	ja	きょ	去巨居拒拠挙虚許距鋸嘘渠墟據擧舉歔踞遽醵虛圭車据景裾倨
kanji	ja	きょう	凶叶共匡叫交向杏亨狂劫享京供協況岬恰峡挟狭県亮恐恭胸脅校強教郷経梗卿喬敬軽境蕎橋興矯鏡馨競響饗驚袷撹橿侠僑兇彊怯荊佼鮫峽狹曉驍亰兢竸冏况刧剄呷哽夐姜嬌峺徼恟恊慊抂挾摎洶澆烱烋畊皀皎礦磬磽秬窖竅筺筴篋經繦羌羮薑蛩蛬襁誑轎逕鏗鞏餃鵁俠響敎鄕兄巧甲坑孝更押径庚郊香耕脇頃覚暁景絞較傾酵慶警頚砿韮頬僵匈嚮夾梟疆矜莢跫鋏陜竟驕
kanji	ja	きょく	旭曲局極亟勗洫蕀跼玉棘
kanji	ja	きょっ	旭曲極
kanji	ja	きよ	圭洗淳聖廉精澄匡青香浄恭斎清雪貴誠輝潔瀞淨洌瀏皎淸
kanji	ja	きよし	圭忠淳晴靖潔清渙
kanji	ja	きよん	慶
kanji	ja	きら	水明現嫌燦
kanji	ja	きらめ	燦
kanji	ja	きり	切桐錐霧斬
kanji	ja	きりぎりす	蛬
kanji	ja	きりみ	臠
kanji	ja	きりゅ	桐霧
kanji	ja	きる	吉
kanji	ja	きれ	巾裂
kanji	ja	きろぐらむ	瓩
kanji	ja	きろめーとる	粁
kanji	ja	きろりっとる	竏
kanji	ja	きわ	際究谷極窮倪
kanji	ja	きわだ	檗蘗
kanji	ja	きわめ	極
kanji	ja	きん	巾斤今均芹近欣金衿亀菌勤欽琴筋軽僅禁禽緊錦謹檎襟亰噤忻憖掀擒槿窘箘覲鈞釿麕黔勤謹公京訓経堅菫瑾衾釁饉
kanji	ja	ぎ	刀木伎技宜祁祇城偽葵欺義疑毅儀戯誼擬犠議蛾妓蟻碕鰭僞戲匱竒嶬嶷巍揆曦棊沂犧祺簣籏耆萓跂餽饋示衣危机気吉岐汽来奇祈杵枝其紀宣起黄規埼喜棋貴極着裂碁置旗器樹親騎葱來氣几祗羲艤逵魏黃
kanji	ja	ぎく	鞠菊
kanji	ja	ぎし	岸
kanji	ja	ぎた	北
kanji	ja	ぎち	佶
kanji	ja	ぎっ	牛切
kanji	ja	ぎつね	狐
kanji	ja	ぎぬ	衣被絹
kanji	ja	ぎみ	君
kanji	ja	ぎめ	極
kanji	ja	ぎも	肝
kanji	ja	ぎゃ	伽茄脚
kanji	ja	ぎゃく	虐逆屐瘧覈覡謔鷁劇額
kanji	ja	ぎゃっ	逆
kanji	ja	ぎゅ	牛
kanji	ja	ぎゅう	牛岌久生
kanji	ja	ぎょ	魚御漁語禦圄圉齬馭
kanji	ja	ぎょう	叶仰行杏形尭肴喬暁業蕎橋凝噛侠僑堯曉驍傚竸勍匣嶢徼恊檠澆烱煢狎禺轎迥餃黥刑迎京協茎効幸峡挟狭型桁倖校教蛍硬衡鯨競頚僥洽翹蟯
kanji	ja	ぎょく	玉嶷曲獄
kanji	ja	ぎら	明
kanji	ja	ぎり	桐切限霧
kanji	ja	ぎれ	切布
kanji	ja	ぎろ	宏
kanji	ja	ぎわ	極際
kanji	ja	ぎん	吟銀圻垠崟憖沂狠釿巾金懃齦
kanji	ja	く	九弓口工凶区公勾旧句古休灸玖苦股虎胸矩袴跨鳩厩駆駈鈎倶狗躯姑菰鈷垢叩韮釦穹估佝冓冦凅劬區吁媾嶇廐廏怐恷恟扣挧搆摎枸柧桍椌洶煦疚痼瞿瞽窶箍箜罟胯苟乕蚣蚯蛄蛬衢觚詬貅賈遘邱鞏驅鬮鴣皷齲久孔仁六右丘功朽共汲究呉攻来育奇供具空呼固拘杭国悔逆孤故枯紅臭食家核鬼宮恐恭庫貢酌亀救球授組雲喰雇裂鼓溝腫飽構腐暮戯駒購繰顧咋篭來國籠吼啗嗇竒懴懼柞蒻袱餔悔軀
kanji	ja	くい	杭喰咋灰食杙
kanji	ja	くう	弓凶空腔兇倥鞏孔共劫供宮控
kanji	ja	くが	救陸
kanji	ja	くき	茎莖洞柊岫
kanji	ja	くぎ	釘
kanji	ja	くく	括
kanji	ja	くぐ	潜濳
kanji	ja	くぐい	鵠
kanji	ja	くぐり	潜潛
kanji	ja	くぐりど	閤
kanji	ja	くげ	鵠
kanji	ja	くさ	草日臭種腐苡臭
kanji	ja	くさか	草
kanji	ja	くさぎ	耨
kanji	ja	くさび	轄
kanji	ja	くさぶき	茨
kanji	ja	くさみ	嚔嚏
kanji	ja	くさむら	叢
kanji	ja	くさめ	嚔嚏
kanji	ja	くさり	鎖鏈
kanji	ja	くし	串釧櫛箆奇筆
kanji	ja	くしけず	櫛
kanji	ja	くしげ	匳奩
kanji	ja	くしざ	串
kanji	ja	くしゃみ	嚔嚏
kanji	ja	くしろ	釧
kanji	ja	くじ	挫櫛抉籤籖鬮
kanji	ja	くじら	鯨
kanji	ja	くす	楠樟葛薬藥熏
kanji	ja	くすぐ	擽
kanji	ja	くすし	医
kanji	ja	くすの	楠
kanji	ja	くすのき	梢楠
kanji	ja	くすり	薬藥
kanji	ja	くず	屑葛楠崩堕樟
kanji	ja	くずれ	崩
kanji	ja	くせ	癖曲
kanji	ja	くそ	糞
kanji	ja	くだ	管下砕降碎摧
kanji	ja	くだり	行
kanji	ja	くだん	件
kanji	ja	くち	口啄朽屈
kanji	ja	くちさき	吻
kanji	ja	くちなし	梔
kanji	ja	くちなわ	蛇
kanji	ja	くちひげ	髭
kanji	ja	くちびる	唇脣
kanji	ja	くちわき	吻
kanji	ja	くっ	屈掘倶
kanji	ja	くつ	屈沓忽掘窟靴倔崛朽堀鞋
kanji	ja	くつがえ	覆
kanji	ja	くつした	襪
kanji	ja	くつの	沓
kanji	ja	くつろ	寛
kanji	ja	くつわ	轡啣銜
kanji	ja	くて	湫
kanji	ja	くどくど	諄
kanji	ja	くに	邑国郁訓晋薫國一州邦洲城柴郷都圀薰
kanji	ja	くにつかみ	祇
kanji	ja	くぬ	功椚
kanji	ja	くぬぎ	橡桾椢椚椡櫪欅
kanji	ja	くの	九此
kanji	ja	くば	配
kanji	ja	くび	首頚項頸
kanji	ja	くびき	剄
kanji	ja	くびす	跟踵
kanji	ja	くぼ	凹窪
kanji	ja	くま	阿隈熊曲汲奧嵎暈澳
kanji	ja	くまの	熊
kanji	ja	くみ	伍組与汲訓酌腫
kanji	ja	くみあい	社
kanji	ja	くむら	久
kanji	ja	くめ	粂
kanji	ja	くも	雲蜘曇
kanji	ja	くや	悔悔
kanji	ja	くゆ	熏
kanji	ja	くら	倉椋鞍蔵藏比車沌昏昧庫座冥晦暗較夢蒙闇咋餐儚竸啗峅廩杳暝溟眛瞹矇罔黯
kanji	ja	くらい	位蔑
kanji	ja	くらし	蔵
kanji	ja	くらの	蔵藏
kanji	ja	くらん	蔵
kanji	ja	くり	栗作来繰來刳
kanji	ja	くりや	厨庖廚
kanji	ja	くりゅ	栗
kanji	ja	くる	包狂来苦胡栗來猖
kanji	ja	くるう	狂
kanji	ja	くるお	狂
kanji	ja	くるぶし	踝
kanji	ja	くるま	車俥輅
kanji	ja	くるみ	生楜
kanji	ja	くるり	転
kanji	ja	くるわ	郭廓郛
kanji	ja	くれ	昏莫呉暮榑
kanji	ja	くれない	紅
kanji	ja	くろ	黒黑玄畔患緇黔
kanji	ja	くろう	蔵
kanji	ja	くろがね	鉄銕鐡
kanji	ja	くろきび	秬
kanji	ja	くろごめ	糲
kanji	ja	くろだけ	篶
kanji	ja	くろま	車
kanji	ja	くわ	桑鍬鋤加詳精錆咥啣耨
kanji	ja	くわだ	企
kanji	ja	くわの	桑
kanji	ja	くん	君訓勲薫勳桾熏燻皸皹羣裙醺麕薰江軍郡群葷
kanji	ja	くんね	薫薰
kanji	ja	くー	姑
kanji	ja	ぐ	牛弘臼求吾具胡球梧寓遇隅愚虞仇倶狗狐惧劬唔寤嵎忤晤滬牾珸瓠瞿禺窶篌藕蛩蜈衢裘逅逑扈餬麌齬久戸木旧共后玖呉居供苦後侯厚洪紅虹郡娯悟候貢骨偶湖雇喉群誤窮醐鴻壷颶
kanji	ja	ぐい	杭越
kanji	ja	ぐう	功宮偶寓遇隅嵎禺藕蛩窮
kanji	ja	ぐき	茎莖
kanji	ja	ぐけ	絎
kanji	ja	ぐさ	枝臭草種
kanji	ja	ぐし	串櫛
kanji	ja	ぐしく	城
kanji	ja	ぐす	楠
kanji	ja	ぐすく	城
kanji	ja	ぐすり	薬藥
kanji	ja	ぐせ	癖
kanji	ja	ぐち	口
kanji	ja	ぐつ	靴忽葛
kanji	ja	ぐつわ	轡
kanji	ja	ぐに	国國
kanji	ja	ぐま	隈熊
kanji	ja	ぐみ	組汲
kanji	ja	ぐも	雲
kanji	ja	ぐもり	曇
kanji	ja	ぐら	掠倉鞍蔵藏
kanji	ja	ぐらい	位
kanji	ja	ぐらし	暮
kanji	ja	ぐらむ	瓦
kanji	ja	ぐり	栗群
kanji	ja	ぐるま	車
kanji	ja	ぐれ	博暮榑
kanji	ja	ぐろ	畔黒黑
kanji	ja	ぐわ	桑
kanji	ja	ぐん	軍郡群羣裙麕
kanji	ja	け	化毛加瓜会気圭芥茄迦恢契家桧袈啓渓開稀堺跨榎嘉魁駕咳卦繋罫笥珈氣价傀咼唏夬夸廨恠挂揩晞曁枅枴椢欷瑰畍皈笳笄胯蝸袿褂觧詼譏谺豈賈跏醯饑髻鱠介右生付仮灰危虫花快戒希汽価佳怪祁届附架悔界皆計華既帰恵消異晦掛掲葵階街幾揮喫検嫁解塊靴継誇賄寡稼輝戯慶稽機磯徽鶏蹴懸鮭檢鷄假懈癸銷
kanji	ja	けい	兄刑圭形系佳京径茎係型契計恵桂啓掲渓経蛍卿敬景軽傾携継詣慶慧稽憩鏡警鶏馨競珪畦繋罫荊頚鮭惠憬鷄亰偈竸冏剄勍夐奚徑恚憇挂攜枅檠溪烱煢盻磬禊笄經繼莖螢袿蹊輕迥逕醯頸髻黥揭家頃境肇鯨驚勁奎兮哇炯瑩瓊痙硅絅綮脛謦谿閨繫
kanji	ja	けが	汚涜溷褻黷
kanji	ja	けき	戟隙激屐覡郤闃鬩鴃鵙喫劇撃
kanji	ja	けさ	畩
kanji	ja	けし	岸消
kanji	ja	けしか	嗾
kanji	ja	けじめ	数
kanji	ja	けす	簀
kanji	ja	けず	削剤創刋刪
kanji	ja	けた	桁
kanji	ja	けだ	蓋盖葢
kanji	ja	けだもの	獣
kanji	ja	けち	血訣决刔劼孑戛戞抉挈瞎訐譎頡髻鴃欠決契桔結潔
kanji	ja	けっ	欠血決結傑缺穴潔蹶
kanji	ja	けつ	欠穴血決頁桔訣結傑潔蕨偈决刔厥囓孑抉挈杰桀獗碣竭缺蠍襭覈訐譎頡髻契渇掘掲楔歇纈闕
kanji	ja	けな	穴健
kanji	ja	けにえ	贄
kanji	ja	けぬき	鑷
kanji	ja	けば	毳
kanji	ja	けみ	閲
kanji	ja	けむ	煙烟
kanji	ja	けむり	煙烟
kanji	ja	けもの	獣獸
kanji	ja	けやき	槻
kanji	ja	けら	螻
kanji	ja	けり	鳧鳬
kanji	ja	けわ	陀峨峻険巌險巖峩峭嵒嶇嶢隗
kanji	ja	けん	犬件見券肩建研県倹倦兼剣拳軒乾健捲牽険絃舷菅絢萱間喧圏堅検硯嫌献絹遣権憲賢謙鍵顕験繭懸鰹姦澗諌鹸圈儉劍縣險檢顯驗丱俔劒劵呟夐妍娟幵惓愆慊慳拑掀揀搴暄柬椦權歉涓狷獻甄痃筧篏綣繝羂腱臉蒹諠謇讙蹇鉉鑒顴鰔鰥鵑黔硏鹼欠玄串弦巻宣現減勧慣関監鎌簡鑑卷劔剱嶮眷虔譴釼騫
kanji	ja	げ	下毛外疋嘩解詣樺霞咳碍苅繋乂倪偈兮剴呀啀囈圻奚崕嵬廈廨找沂瑕盻睚睨禊艾薤蠏觧譁貎遐邂隗霓鞋駭鮠鯢麑化牙刈元瓦母気向花系芸児芽拐祈祁悔係削柳夏家華械崖涯袈間卿殖暇雅蝦毅畿戯慶骸蟹蹴鮭笥氣戲藝崗礙餉
kanji	ja	げい	芸迎詣鯨藝倪囈睨磑貎霓鯢麑黥児慶稽鶏猊
kanji	ja	げき	戟隙劇撃激屐覡郤闃鬩鴃鵙鷁擊逆檄
kanji	ja	げた	桁
kanji	ja	げち	頁偈囓杰桀蘖猾碣磆竭襭覈霓黠穴吉渇掲滑傑轄
kanji	ja	げっ	月撃激齧擊
kanji	ja	げつ	月囓孑蘖霓頡鴃
kanji	ja	げを	雄
kanji	ja	げん	元幻玄見言弦県限彦莞倦拳原乾捲現絃舷這雁硯減源諺厳巌嚴巖俔偐啣圜妍嫺嫻寰嵒惓愿拑湲狠痃芫豢鉉銜鐶顏顴骭鬟鳫黔件岩研陥倹軒患眼間閑喧頑嫌監還賢環顔験願懸艦癌贋驗眩衒訝阮硏
kanji	ja	こ	己子小火戸去乎古仔冴拠呼固股虎昆孤弧故枯胡起個庫粉袴湖雇誇跨鼓瑚糊鋸醐護顧嘘妓姑狐菰鈷壷琥錮个亟估冱凅夸據舉朞柧桍楜歔沍滬滸瓠痼瞽禧箍罟葫乕蛄觚賈踞扈餬鴣皷戶久巾乞口巳互匂木巨弘甲込史正代宇此州孝児車来河居苦幸国肥放紀香美彦家記挙桑高蚕姫娘恋黄基虚許康混据越喜期欺焦超雄裾箇漕戯請凝樹濃懲垢漉篭來兒國籠呱哥怙戀抉沽罩胯腴蝴蠱蠶詁踰辜逾虛黃懲
kanji	ja	こい	恋鯉戀肥醇濃
kanji	ja	こいねが	冀
kanji	ja	こう	口工公勾孔匂功巧広弘甲匡交光向后好江考行亙亘杏汲亨坑孝宏抗攻更劫岡空効幸庚拘昂杭肯肴恰後侯厚巷恒洪皇紅荒郊香候倖晃校浩紘耕航貢降高黄教康控梗皐喉慌港硬絞腔項斯溝鉱幌構綱膏酵閤稿興衡鋼縞講購鴻壕藁轟饗袷鈎撹橿噛彊怯狗佼垢糠肱砿濠鮫叩蛤釦昊恆晄廣亢伉佝倥傚冓冦况刧匣吭呷哈哽哮啌堽壙姜媾嫦峇峺徨怐惶扣扛搆摎效杲晧昿杠枸椌槁槓槹歙洽浤湟溘烋熕犒狎畊皀皋皎盍盖矼礦磽稾窖筺筴箜篁篌簧絋絳絖繦纐缸羌羔羮翕肛胱膠苟葢蒿薑蚣蝗襁詬誑誥軣逅遑遘鍠鏗鑛閘閧闔隍靠頏餃鰉鱇鵁鴿黌黃姤上日句号尻正吸仰合而迎告押河泣享況茎岬革急級峡狭拷首神虹祐格脅桁剛耗脇兜郷絃覚給蓋較誠豪横衝穂鴨顔響梱洸凰皓滉煌穗僵咬哄嚆寇崗恍慷拱攪攷敲曠汞淆狡猴甦睾耿肓胛薨蛟覯訌神
kanji	ja	こうがい	莱笄
kanji	ja	こうじ	麹糀麴
kanji	ja	こうせ	正
kanji	ja	こうぞ	楮
kanji	ja	こうの	鴻
kanji	ja	こうのとり	鸛
kanji	ja	こうぶり	冠
kanji	ja	こうべ	頭首
kanji	ja	こうむ	被蒙
kanji	ja	こうもり	蝙
kanji	ja	こうり	梱
kanji	ja	こえ	声肥聲越咾
kanji	ja	こお	弘浩公孝冴幸香郡耕凍冱冰凅
kanji	ja	こおり	氷郡凍群織冰
kanji	ja	こおろぎ	蛩
kanji	ja	こがらし	凩
kanji	ja	こぎ	漕
kanji	ja	こく	克告谷或刻国黒惑穀酷鵠國亟勗尅愨梏槲洫蕀轂釛黑穀吿石旭曲殻剋哭斛
kanji	ja	こくび	袵
kanji	ja	こけ	苔鱗
kanji	ja	こけら	苔鱗
kanji	ja	こげ	芝焦
kanji	ja	ここ	此云斯爰茲
kanji	ja	ここに	粤
kanji	ja	ここの	九
kanji	ja	ここらざ	志
kanji	ja	こころ	心試嘗
kanji	ja	こころざ	志
kanji	ja	こころざし	志
kanji	ja	こころよ	快
kanji	ja	こご	凍凝跼
kanji	ja	こし	腰輿吉越漉濾沪
kanji	ja	こしかけ	榻
kanji	ja	こしが	越
kanji	ja	こしき	甑轂
kanji	ja	こしら	拵
kanji	ja	こす	宇越擦
kanji	ja	こず	梢
kanji	ja	こずえ	梶梢槙杪
kanji	ja	こそ	社
kanji	ja	こぞ	挙
kanji	ja	こた	応対堪答應荅
kanji	ja	こだま	谺魎
kanji	ja	こだわ	拘
kanji	ja	こち	迄忽骨惚蕨厥榾獗蠍訖訐鶻乞堀滑窟吃鯒
kanji	ja	こっ	骨乞木克刻国黒滑酷國黑
kanji	ja	こつ	忽骨惚滑兀榾笏鶻乞堀越窟
kanji	ja	こて	犢鏝鐺
kanji	ja	こと	允功言事紀殊異琴珠亊縡
kanji	ja	ことごと	悉尽畢
kanji	ja	ことごとく	侭
kanji	ja	ことづ	託
kanji	ja	ことに	特
kanji	ja	ことば	詞
kanji	ja	ことぶ	寿
kanji	ja	ことぶき	寿壽
kanji	ja	ことほ	寿
kanji	ja	ことわ	断斷
kanji	ja	ことわざ	諺
kanji	ja	ことわり	理
kanji	ja	こども	竪
kanji	ja	こな	粉熟
kanji	ja	こなもち	麭
kanji	ja	この	斯木好此近這憙
kanji	ja	このしろ	鮗
kanji	ja	このみ	慾
kanji	ja	こはぜ	鞐
kanji	ja	こはだ	樸
kanji	ja	こば	拒
kanji	ja	こばこ	筺
kanji	ja	こばち	碗
kanji	ja	こひつじ	羔
kanji	ja	こび	媚
kanji	ja	こぶ	瘤
kanji	ja	こぶし	拳
kanji	ja	こぼ	溢零
kanji	ja	こま	駒狛困細綿齣
kanji	ja	こまん	駒
kanji	ja	こみ	込君
kanji	ja	こみち	径逕
kanji	ja	こむ	劒
kanji	ja	こめ	米
kanji	ja	こめぐら	禀
kanji	ja	こも	菰薦篭
kanji	ja	こもの	厮廝
kanji	ja	こもり	篭籠
kanji	ja	こよみ	暦曆
kanji	ja	こら	堪怺
kanji	ja	こり	梱織
kanji	ja	これ	之惟斯祁是唯維寔
kanji	ja	ころ	比頃夷死挙殺転湖劉轉擧轆殺
kanji	ja	ころぎ	蛬
kanji	ja	ころも	衣頃衲
kanji	ja	こわ	声怖恐強壊壞聲
kanji	ja	こわし	毅
kanji	ja	こん	今困欣金昏昆衿恨根婚混痕紺萱欽喧港魂錦墾懇坤梱艮渾劵坎壼忻悃戡掀暄棔槿淦溷滾狠琿箘綣菎袞諠諢讙跟蹇轗釿鯀鯤鰔鶤麕龕巾斤欠近券建剣軒亀堪筋圏勧感禁献権憲謹襟藍崑很棍權焜獻褌釁
kanji	ja	ご	牛五互午乎古伍呉吾冴胡後娯悟魚梧御瑚碁語誤糊醐檎護渠禦狐冱唔圄圉寤忤晤棊沍滬牾珸秬篌葫蜈扈醵餬麌齬吳娛子小戸右巨込后忌児河居拒固其弧砂庫剛蚕郷越期棋距湖虞漁豪興擬塵壷篭兒籠茣鄕
kanji	ja	ごい	鯉恋戀
kanji	ja	ごう	号合劫昂拷笈剛強郷項業豪壕轟噛彊濠昊傲刧匣吭哈嗷嫦岌抂敖晧洽熬盍盖缸苙葢藕號螯軣遨閧闔頏鰲鼇鄕及巧仰后江行狂迎抗河杭巷恒神桁浩航降峯偶硬蓋興囂毫盒
kanji	ja	ごうり	群
kanji	ja	ごえ	声肥越聲
kanji	ja	ごおり	氷郡
kanji	ja	ごく	極獄鵠嶷槲跼釛玉石局国國圀嶽
kanji	ja	ごけ	苔
kanji	ja	ごころ	心
kanji	ja	ごし	越腰漉
kanji	ja	ごせ	生越
kanji	ja	ごち	月倔兀崛碣竭鶻屈掘堀
kanji	ja	ごっ	極
kanji	ja	ごつ	兀
kanji	ja	ごと	如毎言事琴每
kanji	ja	ごの	河
kanji	ja	ごま	駒
kanji	ja	ごみ	芥塵込埖
kanji	ja	ごめ	篭込米
kanji	ja	ごや	越
kanji	ja	ごよみ	暦曆
kanji	ja	ごり	鮴
kanji	ja	ごろ	来挙殺頃來擧
kanji	ja	ごろも	衣
kanji	ja	ごわ	強
kanji	ja	ごん	元言欣混痕僅禽源憾鍵檎艮凾噤圻垠崟愿擒沂溷狠琿碪窘箘芫莟覲諢釿頷黔含芹近吟金函恨原菌健勤琴圏銀魂権厳願嚴儼很權蒟勤
kanji	ja	ごんにゃ	蒟
kanji	ja	さ	叉左佐沙坐作些査砂茶唆差挫紗詐嵯裟蓑瑳鎖咋乍狹做嗄嵳扠搓柤梭槎灑簔縒莎蹉釵鮓鯊十下才三山小去皿生再早任帆決冴坂沢里冷幸刺舎知注架狭咲指浅座桜桟射酒挿教彩菜蛇捺覚割寒粧然提裂猿毅醒避謝櫻决冱剳嗟寤拆擘棧淺渣澤瑣磋箚螫覺鷦揷
kanji	ja	さい	才再西災妻采哉砕洗宰栽晒柴凄栖彩採済砦祭斎細菜偲最犀裁棲債催塞歳載蓑際脆碎齊倅伜儕嘶埣壻崔悽扠摧撕擠晢寨樶毳淬淒濟灑犲眥眦砌齋篩簔綵縡纔腮萋齎躋釵齏韲顋歲三井切在佐材幸斉差財殺衰埼紫税婿罪雑騒碕雜騷滓猜臍蔡豺賽骰鰓殺
kanji	ja	さいな	苛嘖
kanji	ja	さいの	幸
kanji	ja	さいわ	幸倖禄禎祺禧
kanji	ja	さいわい	幸祉釐
kanji	ja	さえ	冴朗紗斎
kanji	ja	さえぎ	遮
kanji	ja	さえず	哢囀
kanji	ja	さえる	冴
kanji	ja	さお	竿棹
kanji	ja	さか	坂阪逆祥壮早作祁昌栄咲酒盛賢積榮垠
kanji	ja	さかい	堺境圻畍
kanji	ja	さかえ	昌栄榮
kanji	ja	さかき	榊
kanji	ja	さかさま	倒
kanji	ja	さかずき	杯盃鍾卮巵觚
kanji	ja	さかだる	櫑罍
kanji	ja	さかづき	尽
kanji	ja	さかな	肴魚
kanji	ja	さかのぼ	遡泝溯
kanji	ja	さかみち	嶝
kanji	ja	さから	忤
kanji	ja	さかり	盛
kanji	ja	さかん	史目旺林属弉
kanji	ja	さが	性相捜探搜
kanji	ja	さがん	目
kanji	ja	さき	先尖幸咲崎碕﨑匂向往東岬前埼笹嵜曩
kanji	ja	さきがけ	魁
kanji	ja	さきばらい	蹕
kanji	ja	さきよ	聖
kanji	ja	さぎ	匂鷺
kanji	ja	さく	冊作削昨柵朔窄索雀策酢搾数錯咋做册嘖愬槊槭炸筴簇縒鵲齪咲捉責爵柞筰醋鑿
kanji	ja	さくせ	鑿
kanji	ja	さくぼ	窪
kanji	ja	さくら	桜櫻
kanji	ja	さくらが	桜櫻
kanji	ja	さぐ	探摸
kanji	ja	さけ	酒鮭号叫嘖
kanji	ja	さけのつかさ	酋
kanji	ja	さけび	哘
kanji	ja	さげ	提
kanji	ja	さげす	蔑
kanji	ja	さこ	硲迫浴逧
kanji	ja	さご	砂
kanji	ja	ささ	笹篠支雀捧朝碍
kanji	ja	ささぎ	陵
kanji	ja	ささや	囁聶
kanji	ja	ささら	簓
kanji	ja	さざ	貞
kanji	ja	さざなみ	漣
kanji	ja	さざら	礫
kanji	ja	さし	幸刺指差挿蔵藏插緡
kanji	ja	さしがね	矩
kanji	ja	さしはさ	挟縉
kanji	ja	さしわたし	径逕
kanji	ja	さじ	匙
kanji	ja	さす	刺指摩戡扨
kanji	ja	さすが	遉
kanji	ja	さず	教授
kanji	ja	さそ	笹誘
kanji	ja	さそう	哘
kanji	ja	さそり	蠍
kanji	ja	さぞ	嘸
kanji	ja	さた	聡定
kanji	ja	さだ	貞禎安定段断尊節
kanji	ja	さち	幸祐禎薩久拶祥撮撒擦
kanji	ja	さっ	冊殺薩札早沙作幸刷咲昨粟察錯擦颯
kanji	ja	さっか	目属
kanji	ja	さっぷ	寒
kanji	ja	さっぽ	札
kanji	ja	さつ	冊札刷拶殺察撮撒擦薩刹册扎箚殺咲差颯紮
kanji	ja	さつか	目
kanji	ja	さつき	皐皋
kanji	ja	さて	偖扠扨
kanji	ja	さと	仁吏里誠了知怜恵悟哲敏郷理覚智解聖聡慧諭惠曉嶷聰覺觧閭黠鄕
kanji	ja	さとい	智敏
kanji	ja	さとし	里怜哲敏啓智聖聡慧賢了省恵詔説
kanji	ja	さとす	啓
kanji	ja	さとる	哲理智聡慧識
kanji	ja	さな	真眞
kanji	ja	さなぎ	蛹
kanji	ja	さなだ	絛
kanji	ja	さぬ	讃
kanji	ja	さね	允実核一重實
kanji	ja	さのり	紀
kanji	ja	さば	鯖裁捌
kanji	ja	さひろ	太宏
kanji	ja	さび	寂錆淋銹鏥
kanji	ja	さぶ	三
kanji	ja	さま	様樣態
kanji	ja	さまた	妨碍
kanji	ja	さまよ	彷徊徘徨
kanji	ja	さみ	寂淋網
kanji	ja	さむ	虫凄寒淒蟲
kanji	ja	さむらい	侍士
kanji	ja	さめ	鮫雨醒鯊
kanji	ja	さめが	醒
kanji	ja	さや	鞘室紗彩清爽莢
kanji	ja	さら	皿更晒曝濬
kanji	ja	さらし	晒
kanji	ja	さる	申猿
kanji	ja	さわ	沢澤早爽粟寒触障騒騷皋觸譟閙隰
kanji	ja	さわら	椹鰆
kanji	ja	さわん	沢澤
kanji	ja	さを	勇
kanji	ja	さん	三山参柵珊桟蚕残惨産斬傘散算酸撒賛撰燦纂讃餐蒜刪參孱嶄巉怎慘慙慚懴戔攅棧槧汕潺潸粲糂繖纉纔蠶衫贊跚鏨鑽鑚閂驂產生杉寒様暫簒爨芟讚
kanji	ja	さんしょううお	鯢
kanji	ja	さんじゅう	世丗
kanji	ja	さんち	珊
kanji	ja	ざ	坐座挫嵯嵳三左決佐沙坂砂鹿戯蔵謝藏蓙
kanji	ja	ざい	在材宰剤財載罪劑摧寨濟眥眦纔薺才西斉哉栽済祭斎細菜裁歳際齊齋
kanji	ja	ざえ	才
kanji	ja	ざお	竿棹
kanji	ja	ざか	坂酒阪
kanji	ja	ざかい	境
kanji	ja	ざかな	魚
kanji	ja	ざき	崎岬咲埼嵜
kanji	ja	ざぎ	崎
kanji	ja	ざく	尺冊昨酢裂
kanji	ja	ざくら	桜櫻
kanji	ja	ざけ	酒鮭
kanji	ja	ざこ	廻迫
kanji	ja	ざさ	笹
kanji	ja	ざし	差射
kanji	ja	ざっ	雑雜
kanji	ja	ざつ	雑雜襍
kanji	ja	ざと	里郷鄕
kanji	ja	ざね	実真眞實
kanji	ja	ざぶ	三
kanji	ja	ざま	態様樣
kanji	ja	ざむらい	侍
kanji	ja	ざめ	覚鮫覺
kanji	ja	ざや	鞘
kanji	ja	ざら	皿
kanji	ja	ざらし	晒
kanji	ja	ざる	笊
kanji	ja	ざれ	戯戲
kanji	ja	ざわ	沢澤
kanji	ja	ざん	残惨斬暫嶄巉慘慙慚懴戔攅槧殘鏨三山岸参桟産算參塹懺棧竄讒
kanji	ja	し	士子之巳支止氏仕仔司史四市示只矢此旨死糸至字寺次自弛伺志孜私使刺始姉枝祉肢事祇姿思指施師紙脂時砥梓脚視偲埴斯紫詞歯嵐嗣獅詩試資飼蒔誌雌賜諮織識飴匙屍笥覗髭恣摯亊俟卮厠厮呰咨咫啻嗜嗤嘶址塒孳巵帋廁廝弑徙恃揣撕朿枳梔沚瓷畤痣眥眦祀竢笶篩粢絲緇縒纃緕耆耜茲葹蓍薺蚩謚貲齎趾釶錙阯駟鯔鰤鷙齒祉視飼也仁石占芝吏沙似寿住尿侍斉知妹茂茨柿食信神是染差衰凍馬倭強執清閉絞滋塩慈辞新痴磁漬締敷積磯篠璽宍壽侈俾嘴屎妛岻幟懋殞沁泗滓溲熾祠罔翅肆舐諡輜閇鴟鵄鹽
kanji	ja	しあわ	幸倖
kanji	ja	しい	弑強椎
kanji	ja	しいた	虐
kanji	ja	しいな	秕粃
kanji	ja	しいの	椎
kanji	ja	しう	荘章莊
kanji	ja	しお	汐塩潮鹽萎葦栞
kanji	ja	しおから	醢
kanji	ja	しおが	塩鹽
kanji	ja	しおさえ	押
kanji	ja	しおの	塩鹽
kanji	ja	しか	鹿叱而然飾兪聢詆顰𠮟
kanji	ja	しかばね	屍
kanji	ja	しかり	爾雁然尓
kanji	ja	しがら	柵
kanji	ja	しがらみ	柵
kanji	ja	しき	式色拭織識鋪厠廁昃穡薔軾餝城側測飾敷頻職漉荐
kanji	ja	しきがわら	甃甎
kanji	ja	しきの	色
kanji	ja	しきみ	梱樒櫁軾
kanji	ja	しきり	仍
kanji	ja	しぎ	鴫鷸
kanji	ja	しく	敷鋪
kanji	ja	しぐま	羆
kanji	ja	しげ	林栄重草恵慈誠薫樹繁穣允成秀臣茂滋順誉蕃篤鎮瀬欝榮鎭孳茲譽薰
kanji	ja	しげし	繁
kanji	ja	しげる	重茸蕃繁滋楙
kanji	ja	しこ	重醜痼
kanji	ja	しこう	然
kanji	ja	しころ	錏錣鐚
kanji	ja	しし	肉獅宍穴鹿猪
kanji	ja	ししびしお	醢
kanji	ja	しじ	榻
kanji	ja	しじか	蹙
kanji	ja	しじみ	蜆
kanji	ja	しず	靖静賎靜沈没倭閑湛禅鎮填鎭汨沒湎賤闃
kanji	ja	しずか	静靜
kanji	ja	しずく	雫滴
kanji	ja	した	下舌設慕親簧
kanji	ja	したが	従倭順随馴遜隷從从徇扈
kanji	ja	したがき	稿
kanji	ja	したた	強溜滴認澑
kanji	ja	しだし	出
kanji	ja	しち	七叱失室悉質蛭喞瑟蝨蟋貭隲漆膝櫛桎
kanji	ja	しっ	叱失疾執湿嫉漆濕𠮟七尻卓悉質櫛
kanji	ja	しっぽ	卓
kanji	ja	しつ	七叱失実室疾執悉湿嫉漆質櫛蛭濕喞瑟蝨蟋貭隲隰𠮟竹膝桎
kanji	ja	しつけ	躾
kanji	ja	しづ	静靜
kanji	ja	しで	椣
kanji	ja	しと	尿淑
kanji	ja	しとぎ	粢
kanji	ja	しとね	茵蓐袵
kanji	ja	しとみ	蔀
kanji	ja	しな	姿品科級萎階葦稲靭稻嫋粃
kanji	ja	しね	稲
kanji	ja	しの	篠忍凌笹偲駕筱
kanji	ja	しのびごと	誄
kanji	ja	しのぶ	仁荵
kanji	ja	しは	芝
kanji	ja	しば	芝柴縛
kanji	ja	しばしば	屡亟
kanji	ja	しばら	頃暫姑
kanji	ja	しび	鮪痲
kanji	ja	しぶ	渋澁澀
kanji	ja	しぶき	沫
kanji	ja	しべ	蕊標蘂蕋
kanji	ja	しぼ	忍柴萎絞葦搾凋皺
kanji	ja	しぼり	絞
kanji	ja	しま	洲島嶋縞嶌陦
kanji	ja	しまり	締
kanji	ja	しむ	占
kanji	ja	しめ	締示湿観諜濕
kanji	ja	しも	下霜
kanji	ja	しもがさ	痔
kanji	ja	しもと	楚笞
kanji	ja	しもの	下
kanji	ja	しもべ	僕台隷僮隸
kanji	ja	しゃ	叉写沙社車些舎者砂柘射紗借捨赦斜這煮裟遮謝姐咋俥偖冩嗄奢寫扠灑畭舍莎鮓鯊鷓社者煮且庄赤邪卸査差蛇釈詐杓娑洒瀉炙藉赭釋
kanji	ja	しゃが	嗄躑
kanji	ja	しゃく	勺尺灼借酌脊釈雀戚錫爵蹟咋杓册嘖妁愬斫槭淅爍磧筴綽蜥螫裼跖蹐釋鑠鵲鶺冊斥石赤折刺昔析削柵窄索隻惜責策跡適潟錯積績勣嚼癪芍
kanji	ja	しゃけ	鮭
kanji	ja	しゃこ	積
kanji	ja	しゃち	鯱
kanji	ja	しゃっ	借尺赤釈釋
kanji	ja	しゃべ	喋
kanji	ja	しゃも	鶤
kanji	ja	しゃん	上春
kanji	ja	しゅ	手主守朱舟秀取呪周狩首柊殊珠酒終須痩萩腫蒐数種竪趣諏撞鐘穐鰍鍾趨从咒啾娵娶悚慫枩棕椶楸淞甃皺龝籔綉聳艘艟茱蒭蚣螽豎踵蹤鄒銖銹鏥陬鞦駲麈充松注臭祝株修従捜週宿衆需銃衝鋳憧樹獣縦輸醜繍侏橦洙繻
kanji	ja	しゅう	手収囚守州舟秀呪周宗首拾洲秋臭柊修袖執終習週就衆集萩葺愁蒐酬嵩輯鍬醜蹴襲鷲穐鰍綬繍讐酋什收羞咒售啾岫帚愀楸楫澀甃皺龝綉緝聳菘菷螽讎蹤遒逎銹鏥隰鞦駲鰌臭繡十主汁羽充寿受昇枢狩祝春授渋宿崇湿焼銃獣夙脩燒聚蓚褶驟祝
kanji	ja	しゅうとめ	姑
kanji	ja	しゅく	叔祝宿淑粛粥縮蹴夙俶孰槭倏鬻肅菽蓿蹙祝透塾熟
kanji	ja	しゅち	卆恤蟀卒帥率
kanji	ja	しゅっ	出宿
kanji	ja	しゅつ	出卆恤朮蟀齣述卒帥術
kanji	ja	しゅね	俊
kanji	ja	しゅん	俊春峻隼惇竣舜遁馴醇駿瞬諄儁凖吮徇恂惷濬皴笋脣荀蓴蕣雋鰆旬巡迅盾准殉純唇淳循順楯準遵悛浚蠢逡
kanji	ja	しゅんせ	浚
kanji	ja	しょ	処疋初杵所狙書恕渚庶埜暑疏署楚緒諸曙黍薯藷岨鼠舒處嶼敘杼沮爼砠苴蜍踈雎鼡齟暑署緖諸小且序松阻叙徐煮疎塩礎翔墅墸胥蔗蹠鹽
kanji	ja	しょう	小升少召正生匠庄丞羊床抄肖尚承招昇昌松沼姓性昭省相洋笈哨宵将消症祥称笑秤商唱捷梢渉章紹菖訟爽甥勝掌晶湘焼焦硝粧証詔象晴装葉腫傷奨照詳聖種嘗彰裳障摺樟蕉衝賞噌憧錆鞘醒鍬篠償礁鐘甑鯖妾娼廠樵蒋醤鉦鍾鎗蛸橡將翔裝頌奬燒从倡倩剏剿劭勦燮嘯囁墻妝嫦孀峭嶂庠廂悚愀慫慴慯慵憔抓拯搶敞旌枩椒椄楫檣歃歙浹淞漿瀟炒烝牆猖獎甞睫稍稱筱簫聳聶腥艟艢菁蕭薔蚣蜻襄誚諍證踵蹌邵鈔銷錚鏘陞霄霎韶顳驤鬆鮹鱆鱶鷦涉祥醬尙上井爪扱壮争秀声征青咲削乗政星牲荘修従挿剰常清接創湯塩蒸摂想精槍像請縄箱縦整霜莊從笙縱奘悄懾殤牀猩璋瘴竦聲觴誦逍鹽蔣靑淸精
kanji	ja	しょく	式色拭食埴粟喰植殖飾触続嘱燭織職蝕喞囑寔昃矚禝穡薔觸軾餝即束足卓促俗息属趣識嗇稷謖贖
kanji	ja	しょっ	食触燭織職蜀觸
kanji	ja	しょの	餉
kanji	ja	しょろ	寄
kanji	ja	しょーと	遊
kanji	ja	しら	白按検精監調覈
kanji	ja	しらべ	調
kanji	ja	しらみ	蝨
kanji	ja	しり	尻知
kanji	ja	しりがい	鞦
kanji	ja	しりぞ	斥却退卻黜
kanji	ja	しる	汁印記
kanji	ja	しるし	印瑞徽徴標験璽
kanji	ja	しるす	紀註
kanji	ja	しるべ	標
kanji	ja	しれ	知
kanji	ja	しろ	代白城皎皚
kanji	ja	しろがね	銀
kanji	ja	しろぎぬ	縞
kanji	ja	しわ	塩皴皺鹽
kanji	ja	しわぶ	咳
kanji	ja	しわぶき	咳謦
kanji	ja	しを	夫雄
kanji	ja	しん	心申伸臣芯身辛辰信侵神津唇娠振晋浸真秦針訊深紳進森診寝慎新腎榛賑槙審震薪親疹矧侭眞愼寢哂嗔忱怎晉沁潯甄畛瞋縉罧脣臻蓁蔘蕈蜃袗襯譖譛讖贐軫鐔駸齔神尽迅沈欣参枕甚清探普請宍晨呻宸岑抻斟滲瀋箴鍼
kanji	ja	しんがり	殿
kanji	ja	しー	煕
kanji	ja	じ	二巳仁父司示字寺次而耳自地似児事侍治持時詞滋慈蒔辞馳路爾磁餌璽飴匙痔迩兒亊弍俟塒孳尓峙怩恃珥瓷畤眥眦穉竢粫耆耜膩茲薺謚貮踟轜辭十人久士子之牛支氏心夫仕仔史四市尼旨死至弐志芽茅枝知林茨柿食神甚政染柱師脂除値視進智遅道嗣獅試飼稚漬締樹薙瀬爺渕舐瀨
kanji	ja	じい	爺
kanji	ja	じお	塩鹽
kanji	ja	じか	直鹿鏡
kanji	ja	じき	直埴喰植蝕寔食値殖境敷
kanji	ja	じく	肉竺柚軸宍忸衄竹逐
kanji	ja	じしゃ	轜
kanji	ja	じじい	爺
kanji	ja	じた	舌
kanji	ja	じち	実嫉帙姪疾秩質
kanji	ja	じっ	十実實入拾勢昵
kanji	ja	じつ	日実實眤衵十
kanji	ja	じな	品
kanji	ja	じね	笹
kanji	ja	じば	芝
kanji	ja	じま	嶋島縞
kanji	ja	じみ	染
kanji	ja	じめ	占締
kanji	ja	じも	霜
kanji	ja	じゃ	邪若蛇惹貰乍柤槎写社舎者査砂茶射馬斜雀戯謝奢寫闍麝
kanji	ja	じゃく	勺石汐若廻荻弱寂雀惹碩杓廸瘠糴蓆躑鉐鵲夕尺宅択沢昔射酌席著笛着敵箸籍迹
kanji	ja	じゃっ	弱寂惹
kanji	ja	じゃん	雀政
kanji	ja	じゅ	入寿受呪珠袖授需竪儒樹濡鷲綬嬬頌壽从咒售孺岫愀慵泅茱襦讎豎遒逎銖鰌手囚守住茅乳殊従訟就愁酬種趣雛讐酋從戍聚
kanji	ja	じゅう	十入廿汁充住拾柔重従酎紐渋紬銃獣縦頭什戎從澁縱獸从儔廚揉楫泅澀狃畴籀糅綢蹂躊鈕隰鞣中仲虫沖寿宙秋柱終習集厨輯襲鷲絨聚胄
kanji	ja	じゅうと	舅
kanji	ja	じゅく	塾熟孰宿淑
kanji	ja	じゅち	朮
kanji	ja	じゅっ	十述術熟
kanji	ja	じゅつ	述術恤朮十
kanji	ja	じゅん	旬巡盾准殉純隼淳惇絢閏循順楯準馴潤遵醇諄凖吮徇恂笋脣荀蓴閠俊唇洵詢筍
kanji	ja	じょ	女汝如助序所叙徐恕除埜曙儲薯藷鋤苧敍佇敘杼洳竚紵耡茹蜍躇齟書野署緒箸舒抒絮
kanji	ja	じょう	上丈允冗庄丞兆羊条杖状帖長定乗城浄茸祥庭挺捷剰常情捻場畳喋蒸溺靖嘗裳肇調鄭縄壌嬢錠穣譲醸樵擾瀞乘條淨剩櫂孃疊穰讓釀仍劭囁塲壤嫋嫦崢弉憔拯掟攘梃楪樔橈渟澂烝甞疉疂禳窕絛繩聶膓萇蕘蜩襄誂誚諚躡遶邵酲鑷韶顳驤髫鰈齠狀井牛正生匠成床町呈廷尿尚承昌姓性青門政星荘挑亭貞訂娘尉渉紹盛巣頂停朝程傷照誠牒腸跳静認澄請潮蝶濃償鎖懲醤諜銚莊靜仗嬲掾滌繞饒醬
kanji	ja	じょうの	城
kanji	ja	じょく	辱溽蓐匿濁縟褥
kanji	ja	じょん	正鐘
kanji	ja	じら	白
kanji	ja	じらみ	虱
kanji	ja	じり	尻
kanji	ja	じる	汁
kanji	ja	じるし	印
kanji	ja	じろ	白城
kanji	ja	じん	人刃仁壬尽迅臣辰神甚秦訊陣尋湛腎稔荏塵靭侭盡仭刄姙忱恁棯潯糂荵蕈蕁袵贐鐔靱鴆神心任沈妊忍参珍針朕深進陳診慎賃認鎮仞參燼衽酖
kanji	ja	じんこう	樒櫁
kanji	ja	す	子州寿取周枢洲素巣須酢湊聡諏雛蘇笥趨葱薮偬嗾娵娶帚怱愡愬掫棕椶簇籔粽菷蒭蘓赱輳酥陬麁麈巢十寸収日右司主吸好守朱角住助抄走刷注直皇奏送珠修栖租透済捨釈週崇据措粗組陶過隅衆棲訴惣統棄隙嵩数塑鈴酸需摺遡総綜趣澄鋳摩錯樹輸擦簾鷲漉鋤苧剃剥壽鑄吮弃掏搨數樔泝溯澂濟簀耡軼饐
kanji	ja	すい	水吹垂炊帥粋衰推酔遂睡瑞翠穂錐錘彗粹醉穗埀埣悴忰惴捶揣榱瘁祟翆隋膵膸雖陲隧騅出吸西杉剤率随椎誰髄邃萃
kanji	ja	すう	枢崇嵩数雛趨怱數樞甃皺籔粽菘蒭鄒陬秀愁芻
kanji	ja	すえ	末据未季居陶甄
kanji	ja	すか	砂渚鳥賺
kanji	ja	すが	菅清管縋
kanji	ja	すがた	姿態
kanji	ja	すがめ	眇
kanji	ja	すき	隙鍬鋤次透銭漉梳犂犁耜耡釁銛
kanji	ja	すぎ	杉椙生叩枌
kanji	ja	すぎる	宕
kanji	ja	すく	槭蓿蹙少句匡丞抄叔城掬救済宿淑粛縮蹴夙抔拯贍
kanji	ja	すくな	寡尠
kanji	ja	すくも	粭糘
kanji	ja	すぐ	直傑駿優儁儻杰雋
kanji	ja	すぐる	俊豪卓
kanji	ja	すけ	允友丞助甫佑昌哉祐亮裕資輔弼之介右佐侍典補賃
kanji	ja	すけっ	助
kanji	ja	すげ	菅
kanji	ja	すげの	菅
kanji	ja	すこ	少健
kanji	ja	すこぶ	頗
kanji	ja	すご	凄菅淒
kanji	ja	すさ	荒凄淒
kanji	ja	すし	鮓
kanji	ja	すじ	筋条脈統絡線綫脉
kanji	ja	すす	洗晋進雪勧奨煤澄薦膳濯勸啜廸慂慫晉歃獎陟
kanji	ja	すすき	薄芒
kanji	ja	すすみ	晋
kanji	ja	すすむ	生将晋一奏
kanji	ja	すすりな	歔
kanji	ja	すず	紗鈴錫鐸涼篶鈬鑾
kanji	ja	すずき	鱸
kanji	ja	すずめ	雀
kanji	ja	すずめの	雀
kanji	ja	すずり	硯
kanji	ja	すそ	裾
kanji	ja	すた	廃廢
kanji	ja	すだま	魅魑
kanji	ja	すだれ	箔簾
kanji	ja	すち	齣
kanji	ja	すっ	寿壽
kanji	ja	すっぽん	鼇
kanji	ja	すて	捨
kanji	ja	すで	既旣
kanji	ja	すな	沙砂直
kanji	ja	すなお	淳惇
kanji	ja	すなわ	乃即廼輙迺
kanji	ja	すなわち	曽曾而輒
kanji	ja	すね	脚強臑
kanji	ja	すの	洲春墨簀
kanji	ja	すのり	規
kanji	ja	すばる	昴
kanji	ja	すべ	凡全術滑総辷
kanji	ja	すべか	須
kanji	ja	すべて	総
kanji	ja	すぼ	窄
kanji	ja	すまし	清
kanji	ja	すみ	紀炭純栖清隅隈墨澄墨了角寿住速綴燈壽亟陬
kanji	ja	すみの	住
kanji	ja	すみれ	菫
kanji	ja	すむ	済
kanji	ja	すめ	皇
kanji	ja	すめらぎ	皇
kanji	ja	すも	宙
kanji	ja	すもも	李
kanji	ja	すり	摺磨擦擂
kanji	ja	する	摺駿
kanji	ja	するど	尖犀鋭銳
kanji	ja	するめ	鯣
kanji	ja	すわ	坐座
kanji	ja	すわえ	楚
kanji	ja	すん	寸駿舜澄
kanji	ja	すー	徐蘇
kanji	ja	ず	手図杜逗酢厨頭吋屠菟弗頌亊圖廚揄淙竇肚荳讎跿骰子主尽辻寿住投豆刷事受洲津殊珠栖徒途済訟巣都集須痘瑞塗鈴酸読樹擦叢鶴讐壽誦巢
kanji	ja	ずい	随瑞錘髄蕊彗埀悴忰惴痿瘁縋隋膸蕋隨陏陲隧髓水垂泉遂椎睡槌誰墜穂鎚
kanji	ja	ずいむし	螟
kanji	ja	ずう	桐銅僮慟淙潼粡艟洞通胴崇動筒童数瞳數
kanji	ja	ずえ	末
kanji	ja	ずか	好塚
kanji	ja	ずき	月附
kanji	ja	ずきん	帽
kanji	ja	ずく	竹授熟
kanji	ja	ずくり	造
kanji	ja	ずさ	橲總
kanji	ja	ずし	鮨
kanji	ja	ずち	朮述術
kanji	ja	ずつ	宛
kanji	ja	ずな	網
kanji	ja	ずぼん	袴
kanji	ja	ずま	瀦潴
kanji	ja	ずまさ	秦
kanji	ja	ずみ	棲澄角住祇炭純済墨積曇濟
kanji	ja	ずめ	詰
kanji	ja	ずり	摺刷
kanji	ja	ずる	鶴
kanji	ja	ずれ	連
kanji	ja	ずん	寸
kanji	ja	せ	世施背脊貰勢聖蓑製瀬灘丗扠樶灑篩簔葹蛻釵瀨兄生西局攻声谷忍季所制姓迫哉洗差晒衰畝斎清責旋堰税債催塞説頼競咳逼竸畆聲誚賴
kanji	ja	せい	井切世正生成西声妻制姓征性青斉省政星牲洗背凄栖逝脊祭清盛甥犀晴棲婿貰勢聖誠靖精製誓静請錆整醒鯖鉦脆瀞彗齊靜倩儕丗嘶噬壻彁悽撕擠旌晢毳淒眥眦砌聲腥萋菁薺蛻蜻齎躋齏韲靑淸晴精汐芹城浄浩剤殺泰済細粛情晶証税歳蒸際説瀬晟惺掣睛穽肅臍霽歲
kanji	ja	せがれ	倅伜悴忰
kanji	ja	せき	夕斥石汐赤昔析隻席脊惜戚責堰跡関碩錫積績蹟籍咳晰槭淅瘠磧蓆蜥螫裼跖蹐鉐關鶺尺折刺射借釈寂適潟勣皙碵
kanji	ja	せきばらい	謦
kanji	ja	せく	齪
kanji	ja	せぐく	跼
kanji	ja	せこ	迫
kanji	ja	せち	切屑雪察洩凖啜扎晢毳紲絏緤薛褻札折刷拙契窃殺清設準節説節
kanji	ja	せっ	拙窃設摂攝竊切石赤折殺隻席接雪節説積瀬楔浙瀨
kanji	ja	せつ	切折拙窃屑接設雪摂節説洩鱈刹攝凖啜晢椄毳泄竊紲絏緤薛褻鞨節說哀契殺哲絶準截渫殺
kanji	ja	せの	妹勢
kanji	ja	せば	狭狹
kanji	ja	せぼね	呂
kanji	ja	せま	迫狭拶窄狹狷褊蹙遒逎阨齪
kanji	ja	せみ	蝉蜩蟬
kanji	ja	せむし	佝傴
kanji	ja	せめ	鬩
kanji	ja	せり	芹糴糶
kanji	ja	せりょ	芹
kanji	ja	せわ	忙
kanji	ja	せん	山千川仙占先尖亘茜宣専泉浅洗染穿扇栓閃釧斬旋船揃戦煎羨腺詮践銭銑撰潜線選遷薦膳繊鮮鹸蝉栴煽箭舛賎苫專箋戰纖亶仟倩僉僣刪剪吮嬋孅尠孱愃懴戔擶旃暹槧槫殲殱汕淺湶潺潸潛濳濺燹牋甎痊瞻磚笘籖綫纔纎羶譱臉荐蟾衫贍跣踐銓銛錢鐫闡阡陝雋韆顫全串杉柵前単桟産善禅漸還繕僊僭擅氈疝癬盞筌筅簽籤翦蘚譫賤餞饌
kanji	ja	せんざ	芹
kanji	ja	せんち	珊
kanji	ja	せんちぐらむ	甅
kanji	ja	せんちめーとる	糎
kanji	ja	せんちりっとる	竰
kanji	ja	せんの	千仙
kanji	ja	ぜ	是柴砦膳儕摧犲眥眦世所前背勢誓慮瀬瀨
kanji	ja	ぜい	税脆彗噬毳蚋蛻贅稅西城泉背情盛勢誓説筮說
kanji	ja	ぜき	跡関咳藉關
kanji	ja	ぜち	舌鞨絶
kanji	ja	ぜっ	絶舌節
kanji	ja	ぜつ	舌絶鞨絕説熱
kanji	ja	ぜに	銭錢湶
kanji	ja	ぜにさし	繦
kanji	ja	ぜま	狭狹
kanji	ja	ぜみ	蝉蟬
kanji	ja	ぜろ	零
kanji	ja	ぜん	全染前善然禅漸撰膳繕蝉賎禪亶冉吮喘嬋孱嶄巉槫涎潺濳譱苒蟾贍鏨雋山仙宣泉単桟旋船軟践銭潜還燃蠕錢髯蟬
kanji	ja	そ	狙阻祖租素措曽粗組曾疏疎訴塑楚遡綜噌礎蘇鋤岨鼠囎愬沮爼砠耡胙苴蘓踈酥雎麁鼡齟祖十反且甲生疋早佐初助宋来沿宗所征卒其削染荘殺逸添酢惣尊湊想錯磯剃來莊俎厥咀徂梳泝溯疽祚蔬詛
kanji	ja	そい	添副襲
kanji	ja	そう	双庄壮早争宋走宗奏相草荘送笈桑倉捜挿梢曽爽掃曹巣窓湘曾創喪惣痩葬装湊僧想蒼層槍漕総綜聡遭諏噌槽鞘操燥霜叢騒藻鯵竃甑蒋醤匝掻糟鎗蛸葱蚤薮壯爭莊搜裝漱踪騷偬剏剿勦卅雙嗾囃妝嫂孀崢帚廂弉怱愡慥懆抓掫插搶梍棕椶棗樔歃淙澀澡炒獎稍窗簇籔粽總臧艘艚菷襄諍譟賍赱蹌躁輳鈔錚鏘陬襍霎驤髞鮹鱶巢僧瘦層揷三爪生扱床抄状沢茅哨将造渋崇粟粧蒐奨雑増憎蔵箱錆磯贈繰臓匆叟嗽噪愴滄澤瘡箏筝聰艙贈搔
kanji	ja	そうじて	惣
kanji	ja	そうろう	候
kanji	ja	そえ	弐添副傍
kanji	ja	そえうま	驂
kanji	ja	そお	宗
kanji	ja	そぎ	枌祓
kanji	ja	そく	即束足促則息捉速側粟測塞数燭厠喞廁昃矚禝穡簇薔戝卽族触賊趣嘱仄惻熄
kanji	ja	そこ	底残損椢
kanji	ja	そこな	害損
kanji	ja	そし	誹詆譏譖譛
kanji	ja	そそ	沃注笹雪潅溌澆濺灑
kanji	ja	そそのか	唆嗾
kanji	ja	そぞ	漫
kanji	ja	そぞろ	坐
kanji	ja	そだ	育毓
kanji	ja	そち	倅伜卆埣猝卒帥率
kanji	ja	そっ	即卒速側率測卆卽
kanji	ja	そつ	卒率倅伜卆埣猝蟀帥
kanji	ja	そで	袖
kanji	ja	そと	外
kanji	ja	そな	供具備膳
kanji	ja	そね	妬嫉
kanji	ja	その	苑園爾薗苜其彼囿
kanji	ja	そば	蕎岨側傍
kanji	ja	そばだ	崛欹
kanji	ja	そばめ	妾
kanji	ja	そび	聳
kanji	ja	そま	杣
kanji	ja	そむ	伐背舛叛
kanji	ja	そめ	染
kanji	ja	そも	甚
kanji	ja	そら	空宙昊穹徂旻諳霄
kanji	ja	そり	反剃橇膤艝轌釖
kanji	ja	それ	厥
kanji	ja	それがし	某
kanji	ja	そろ	対具斉揃算
kanji	ja	そん	存村孫尊巽損遜噂樽鱒墫拵糂蹲驂寸成参松惨算忖邨
kanji	ja	そんじ	松
kanji	ja	ぞ	沮胙衣沿宗染祖座曽須曾僧
kanji	ja	ぞい	添
kanji	ja	ぞう	三造曽象曾雑像増憎蔵贈臓橡藏雜臟墻庠弉慥梍檣淙牆艚艢薔賍襍增憎贈双匠作相草祥曹詳僧層漕槽藤雙贓
kanji	ja	ぞえ	沿添副
kanji	ja	ぞく	俗族粟属賊続屬簇續戝束足蔟鏃
kanji	ja	ぞこ	底
kanji	ja	ぞっ	俗属続屬續
kanji	ja	ぞの	薗苑園
kanji	ja	ぞむ	望
kanji	ja	ぞめ	初染
kanji	ja	ぞら	空
kanji	ja	ぞれ	嵐
kanji	ja	ぞん	存鱒拵蹲蚕尊
kanji	ja	た	太他田多汰陀唾舵楕詫詑柁騨它岔橢沱隋躱鴕大手丹天反右玉仔立足妥谷垂炊忠屋建食耐炭茶発起経蛇断閉隆堪裁植絶堕惰達貯焚蓋溜駄竪矯藤咫咤埀夛斷殄澑闌絕
kanji	ja	たい	大太代台体対低苔耐待怠胎退度秦帯泰砥堆袋逮梯替貸隊敦碓滞態醍戴鯛岱腿鎚剃畷呆帶滯嚔嚏對擡抬楴洟涕玳紿羝臺蒂蔕薹蛻裼觝詒詆軆輟錣鐓靆體平夷当汰底抵邸毒帝殆能推脱堤等綴鋭黛諦薙當褪頽颱駘
kanji	ja	たいの	鯛
kanji	ja	たいら	平坦砥
kanji	ja	たいらの	平
kanji	ja	たう	允
kanji	ja	たえ	紗才妙耐栲
kanji	ja	たお	倒島桃顛仆僵垰嫋嵶殪
kanji	ja	たおやか	婀
kanji	ja	たか	生宇考孝臣廷伯岳宜尚卓剛能崇琢隆象登聖誉賢鷹一宅竹亘応社延享尭昂宗武宝挙恭高峻将哲峰堂貴喬敬就集尊雄義嵩銘稼毅顧堯倬寶岌崛嶽巍敞杲譽
kanji	ja	たかし	大孝享尭昂尚卓郁俊峻皐崇隆貴喬嵩丘岐律巍敞髞
kanji	ja	たかつき	鐙
kanji	ja	たかどの	楼閣
kanji	ja	たかの	鷹
kanji	ja	たかぶ	昂
kanji	ja	たかむ	崇
kanji	ja	たかむら	篁
kanji	ja	たから	宝寶珍財寳貲
kanji	ja	たかんな	笋
kanji	ja	たが	互逓爽違箍靠
kanji	ja	たがね	鏨
kanji	ja	たがや	耕墾畊畉
kanji	ja	たき	滝瀧炊焚薫薰
kanji	ja	たきぎ	薪蕘
kanji	ja	たきの	建滝瀧
kanji	ja	たぎ	滾
kanji	ja	たく	宅托択沢卓拓啄託琢詫濯擢鐸櫂倬啅戳拆擇柝澤躅鈬功巧匠坦度摘濁
kanji	ja	たくみ	工巧匠
kanji	ja	たくら	企
kanji	ja	たくわ	貯蓄儲
kanji	ja	たぐ	比類類
kanji	ja	たぐい	比類双伉畴
kanji	ja	たけ	丈竹岳孟威茸健雄嵩豪毅斌赳嶽壮宅長武和建剛崇猛尊傑誉穀壯蕈
kanji	ja	たけき	彪
kanji	ja	たけし	孟威剛健彪豪毅武驍
kanji	ja	たけなわ	酣闌
kanji	ja	たけの	竹炬
kanji	ja	たけのこ	筍笋
kanji	ja	たけん	岳武
kanji	ja	たこ	凧蛸竹鮹鱆
kanji	ja	たご	宕
kanji	ja	たし	足達碓確慥
kanji	ja	たしな	窘
kanji	ja	たじ	丹但
kanji	ja	たす	右丞助扶佑毘祐輔賛弼
kanji	ja	たすき	襷
kanji	ja	たすく	佑祐亮輔弼
kanji	ja	たず	訊訪温尋鶴
kanji	ja	たずさ	携攜
kanji	ja	たずな	羇
kanji	ja	たた	忠称畳湛賛讃叩頌疊扣疉祟
kanji	ja	たたか	戦闘戰鬪
kanji	ja	たたず	佇
kanji	ja	たたずむ	竚
kanji	ja	たたみ	畳疊疉疂
kanji	ja	たたむ	疂
kanji	ja	たたら	鑪
kanji	ja	ただ	允只考斉忠紀宰惟聖一正匡但径征直糾貞格唯弾雅禎維質縄飭啻尹擶糜逕
kanji	ja	ただし	匡侃忠紀貞矩規理雅禎端肇旦但督
kanji	ja	ただす	董紀
kanji	ja	ただよ	汎漂漾
kanji	ja	たち	舘妲怛逹闥日立城脱陸達質館貭
kanji	ja	たちき	樹
kanji	ja	たちばな	橘
kanji	ja	たちばなの	橘
kanji	ja	たちま	忽乍
kanji	ja	たちまち	奄倏
kanji	ja	たちもとお	裴躑
kanji	ja	たっ	立多宅辰卓竜達龍磔謫
kanji	ja	たっちゅ	塔
kanji	ja	たっと	貴尊
kanji	ja	たつ	辰竜達龍妲怛逹錣闥田立建起健脱塔奪竪蔦樹瀧撻燵
kanji	ja	たつき	樹
kanji	ja	たつの	辰滝瀧
kanji	ja	たつみ	巽
kanji	ja	たつる	樹
kanji	ja	たづな	轡覊
kanji	ja	たて	盾健楯竪館縦舘縱立奉建帯賢帶蓼豎
kanji	ja	たていと	経
kanji	ja	たてがみ	鬣
kanji	ja	たてまつ	亨奉献
kanji	ja	たで	蓼
kanji	ja	たと	例譬
kanji	ja	たど	辿
kanji	ja	たな	棚店種廛
kanji	ja	たなごころ	掬掌
kanji	ja	たに	谷澗渓壑峪溪
kanji	ja	たにがわ	渓
kanji	ja	たぬき	狸貍
kanji	ja	たね	胤種稙
kanji	ja	たの	托愉楽嬉嘱頼樂佚恃熈賴
kanji	ja	たは	敬
kanji	ja	たば	束刃把抱
kanji	ja	たばか	謀誑
kanji	ja	たばこ	莨
kanji	ja	たばみ	漿
kanji	ja	たび	度旅羇襪覊韈
kanji	ja	たふ	允椨
kanji	ja	たぶ	椨
kanji	ja	たぶさ	髻
kanji	ja	たぶら	誑
kanji	ja	たぼ	髱
kanji	ja	たま	玉圭玖玲球弾碧霊珪彈靈珠偶堪給瑞魂賜澑賚
kanji	ja	たまき	環鐶
kanji	ja	たまご	卵孚
kanji	ja	たましい	魂
kanji	ja	たまの	楡
kanji	ja	たまもの	賚
kanji	ja	たまや	廟
kanji	ja	たまり	溜澑
kanji	ja	たまわ	賜
kanji	ja	たみ	民仁丹氓
kanji	ja	たむろ	屯
kanji	ja	ため	為溜試験爲澑
kanji	ja	ためら	躇躊
kanji	ja	たも	保給賜
kanji	ja	たもつ	維
kanji	ja	たもと	袂
kanji	ja	たゆ	弛
kanji	ja	たよ	便頼賴
kanji	ja	たら	鱈垂荒誑鰔
kanji	ja	たり	足谷垂渡
kanji	ja	たる	善樽弛垂滴熾
kanji	ja	たるき	桷椽榱
kanji	ja	たれ	垂誰孰
kanji	ja	たれがみ	髦
kanji	ja	たわ	乢嵶橈
kanji	ja	たわむ	弄戯戲謔
kanji	ja	たわむれ	詼
kanji	ja	たわら	俵
kanji	ja	たん	丹旦坦担単炭胆耽探淡湛短嘆端綻歎誕鍛檀灘騨箪椴單亶啗壜彖慱擔摶攤槫檐殫毯湍猯眈簟罎膽葮蕁蜑袒襌褝襷覃賺赧鄲鐔餤嘆簞反田団但谷段唐断堪弾湯談壇曇蛋呑啖憚憺潭澹痰站譚酖靼
kanji	ja	たんの	淡
kanji	ja	たー	重
kanji	ja	だ	大打田妥陀雫蛇唾舵堕惰楕駄難詑柁騨梛儺墮娜拏橢沱糯隋陏鴕驒太出立多那炊奈抱建第達佗兌懦拿朶荼躰駝
kanji	ja	だい	乃大代台苔妹殆悌逮第梯醍蹄戴鵜題鯛岱廼擡棣玳睇紿臺薹詒迺鐓靆餒髢太内体弟毒奈耐待怠逓能袋隊提滞態鋭締體內
kanji	ja	だいだい	橙
kanji	ja	だいら	平
kanji	ja	だお	倒
kanji	ja	だか	高鷹
kanji	ja	だから	宝寶
kanji	ja	だかり	渠
kanji	ja	だき	抱滝瀧
kanji	ja	だく	度諾濁擢鐸櫂躅鈬沢濯澤
kanji	ja	だけ	岳嶽丈竹武嵩
kanji	ja	だこ	凧蛸
kanji	ja	だし	出
kanji	ja	だたみ	畳疊
kanji	ja	だち	達逹立脱裁奪
kanji	ja	だっ	脱奪韃
kanji	ja	だつ	脱捺奪妲怛脫達
kanji	ja	だて	立点楯館舘點
kanji	ja	だな	棚灘
kanji	ja	だに	谷渓溪
kanji	ja	だぬき	狸
kanji	ja	だね	種
kanji	ja	だま	玉珠弾魂黙霊彈默靈騙
kanji	ja	だら	渡鱈
kanji	ja	だらい	盥
kanji	ja	だる	怠樽
kanji	ja	だれ	誰垂
kanji	ja	だわら	俵
kanji	ja	だを	男
kanji	ja	だん	旦団男段南断弾暖楠談壇檀難灘騨蛋椴團彈啗娚慱摶斷槫葮蜑袒赧餤玉但坦淡誕箪煖疸簞
kanji	ja	ち	千血地弛池茅治知乳持値恥致植智遅痴稚置馳徴薙痔蜘緻抬癡穉笞耻胝貭踟躓輊遲魑一七刃右市佐些祉昌和津喜散道質盤禿仟褫
kanji	ja	ちぁん	江
kanji	ja	ちい	小
kanji	ja	ちいわし	鰯
kanji	ja	ちえ	恒恆
kanji	ja	ちか	允史考哉峻悌慈慎睦爾親隣力寸央近周恭規幾誓鎮迩
kanji	ja	ちかし	爾迩
kanji	ja	ちから	力税
kanji	ja	ちが	違
kanji	ja	ちがや	茅
kanji	ja	ちき	飭陟勅捗
kanji	ja	ちきり	巾椦
kanji	ja	ちぎ	契
kanji	ja	ちく	竹竺畜逐筑蓄築矗柚軸
kanji	ja	ちぐせ	癖
kanji	ja	ちさ	苣
kanji	ja	ちすじ	胄
kanji	ja	ちち	父乳膣腟秩窒爺
kanji	ja	ちぢ	縮
kanji	ja	ちっ	窒竹些秩築蟄
kanji	ja	ちつ	秩窒帙膣腟姪蟄
kanji	ja	ちどり	鵆
kanji	ja	ちな	因
kanji	ja	ちぬ	釁
kanji	ja	ちの	茅
kanji	ja	ちのみご	孺
kanji	ja	ちぶえ	笛
kanji	ja	ちまき	粽
kanji	ja	ちまた	巷
kanji	ja	ちゃ	茶詫爺
kanji	ja	ちゃく	的着嫡鏑俶拆躇逖著摘滴適箸
kanji	ja	ちゃっ	着
kanji	ja	ちゃん	昌
kanji	ja	ちゅ	中
kanji	ja	ちゅう	丑中仲虫沖宙忠抽注昼柱衷酎紐紬厨註鋳駐晝鑄偸儔冑冢廚惆狆疇畴籀綢蛛蟲躊鈕鍮住肘株冲稠紂胄誅
kanji	ja	ちゅち	黜
kanji	ja	ちゅつ	朮黜
kanji	ja	ちゅん	椿屯仲春
kanji	ja	ちょ	猪著貯儲樗瀦苧佇杼楮竚紵豬躇著除緒箸緖
kanji	ja	ちょう	丁丈弔庁汀兆杖町帖長重挑釘帳張彫眺頂鳥釣場喋朝脹超貼牒腸跳禎鼎徴暢蔦肇澄潮蝶調聴懲鯛寵凋諜銚吊碇嘲聽廳冢啅塲廰悵昶楪樢沾漲澂甼疉疂窕笘箚糶罩膓萇蜩蟶誂輒輙遉酊雕騁髫鰈齠徵懲打灯条貞訂敏渉停偵畳塚提艇錠樗佻掉晁疔貂趙迢
kanji	ja	ちょく	直勅捗飭敕躅陟値
kanji	ja	ちょっ	直勅敕
kanji	ja	ちょる	哲
kanji	ja	ちょん	鄭
kanji	ja	ちり	塵
kanji	ja	ちりば	鏤
kanji	ja	ちる	生散
kanji	ja	ちん	沈珍砧朕陳湛賃椿鎮疹塵填鎭碪趁鍖鴆灯青枕亭陣清診隠慶燈抻狆珎趾酖闖隱
kanji	ja	ちんた	青
kanji	ja	ぢ	血地池知
kanji	ja	ぢか	近
kanji	ja	ぢから	力
kanji	ja	ぢゃ	茶
kanji	ja	っぱな	放
kanji	ja	つ	津兜都堵賭菟偸兔抖睹肚蚪蠹蠧覩鍮鬪都十土斗廿付次尽吐亜告即兎拓注妬突附威厚美律通透連黄悉紹接釣越就着貼棟詰継漬摘衝徹撞積築闘吊葎恆奧盡抓搶搗擣椄殄殫渫燵繼纉誥踵酘突黃吿
kanji	ja	つい	対追堆椎敦槌墜錘築鎚對縋立序卒叙終推遂費衝潰
kanji	ja	ついたち	朔
kanji	ja	ついで	序敘
kanji	ja	ついに	卆
kanji	ja	ついば	啄喋
kanji	ja	つう	通桶痛樋鶇鶫東凍棟董
kanji	ja	つえ	杖枴梃
kanji	ja	つか	杷塚埠塚支仕司尽束労使柄倦疲捕筑遣掴冢劬拏痞瘁羸閊
kanji	ja	つかい	使徭
kanji	ja	つかさ	寮工司台曹務嗣
kanji	ja	つかさど	司
kanji	ja	つかの	塚
kanji	ja	つが	栂番樛
kanji	ja	つがい	番
kanji	ja	つがね	束
kanji	ja	つき	月槻築付尽突附宮属着継坏屬憑欟繼舂鴾
kanji	ja	つぎ	次胤嗣二亜接族継亞繼
kanji	ja	つく	啄筑作佃附造悉創属做殱竭
kanji	ja	つくえ	机案
kanji	ja	つくした	韈
kanji	ja	つくだ	佃
kanji	ja	つくづく	熟
kanji	ja	つくばう	蹲
kanji	ja	つくも	白
kanji	ja	つくり	作造
kanji	ja	つくる	作
kanji	ja	つくろ	繕
kanji	ja	つぐ	序承胤紀禎二司次亜従継嗣維亞從頌噤拑繹繼韶
kanji	ja	つぐな	償
kanji	ja	つぐみ	鶇鶫
kanji	ja	つけ	漬付附
kanji	ja	つげ	柘
kanji	ja	つごもり	晦
kanji	ja	つし	対對
kanji	ja	つじ	辻寿壽逵
kanji	ja	つた	蔦伝傳嶌樢蘿
kanji	ja	つたな	拙
kanji	ja	つち	土槌鎚地椎壌
kanji	ja	つちか	培
kanji	ja	つちくれ	塊
kanji	ja	つちのえ	戊
kanji	ja	つちのと	己
kanji	ja	つちふる	霾
kanji	ja	つつ	筒包啄劼坡裹
kanji	ja	つつが	恙
kanji	ja	つつし	斎粛欽慎謹愼兢愨愿謹
kanji	ja	つつじ	榴
kanji	ja	つつじが	榴
kanji	ja	つつみ	堤塘陂
kanji	ja	つづ	廿葛続綴續
kanji	ja	つづき	仲続續
kanji	ja	つづま	倹
kanji	ja	つづみ	鼓堤皷
kanji	ja	つづら	九葛綴
kanji	ja	つづり	綴
kanji	ja	つづれ	綴
kanji	ja	つて	伝
kanji	ja	つと	孜努勉務勤夙劭劼勗懋苴勤
kanji	ja	つとむ	功孟惇茂
kanji	ja	つど	集
kanji	ja	つな	紀紘綱絡繋婁緤覊
kanji	ja	つなぎ	貫
kanji	ja	つなぐ	紘
kanji	ja	つなの	綱
kanji	ja	つね	矩常庸凡永毎典恒経雅識恆彝彜抓經
kanji	ja	つねあ	恆
kanji	ja	つの	角都募
kanji	ja	つば	唾鍔椿鐔
kanji	ja	つばき	沫唾椿
kanji	ja	つばく	凸
kanji	ja	つばくら	燕
kanji	ja	つばくろ	燕
kanji	ja	つばさ	翼
kanji	ja	つばめ	燕
kanji	ja	つびし	菱
kanji	ja	つぶ	粒円潰圓
kanji	ja	つぶさ	具悉備審
kanji	ja	つぶて	礫
kanji	ja	つぶや	呟
kanji	ja	つぶら	円圓
kanji	ja	つぼ	坪壷壺窄坩
kanji	ja	つぼね	局
kanji	ja	つぼの	坪
kanji	ja	つぼみ	蕾莟
kanji	ja	つぽ	浦
kanji	ja	つま	妻嬬爪具倹最撮抓褄
kanji	ja	つまこ	孥
kanji	ja	つまず	頓跌蹉躓
kanji	ja	つまだ	跂
kanji	ja	つまばさ	襭
kanji	ja	つまび	詳審諦
kanji	ja	つまみ	鈕
kanji	ja	つみ	罪摘墨積
kanji	ja	つむ	錘紡紬摘勣緝
kanji	ja	つむぎ	紬
kanji	ja	つむじかぜ	飃飆
kanji	ja	つめ	爪冷詰
kanji	ja	つも	妬
kanji	ja	つもり	積
kanji	ja	つや	艶艷沢
kanji	ja	つゆ	露汁
kanji	ja	つよ	毅侃剛強豪彊倔遒逎
kanji	ja	つよい	勍
kanji	ja	つよし	剛彪幹毅彊壮雄
kanji	ja	つら	面辛連貫綿劉聯緜聨
kanji	ja	つらつら	倩
kanji	ja	つらな	洛
kanji	ja	つらぬ	串穿貫
kanji	ja	つらぬく	琲
kanji	ja	つり	釣吊
kanji	ja	つりいと	緡
kanji	ja	つりゅ	鶴
kanji	ja	つる	弦敦蔓鶴釣吊寉鉉霍
kanji	ja	つるぎ	剣劍劒
kanji	ja	つれ	連
kanji	ja	つれあ	対
kanji	ja	つれあい	仇逑
kanji	ja	つわもの	兵軍戎
kanji	ja	つを	夫雄
kanji	ja	つんぼ	聾
kanji	ja	づ	津付尽図連都詰漬積鶴圖
kanji	ja	づい	髄髓
kanji	ja	づう	同
kanji	ja	づえ	杖
kanji	ja	づか	司束使柄疲塚遣
kanji	ja	づかい	遣
kanji	ja	づき	筑築月付突槻
kanji	ja	づく	作附造
kanji	ja	づくえ	机
kanji	ja	づくし	尽盡
kanji	ja	づくり	作造
kanji	ja	づけ	漬付附
kanji	ja	づち	槌土鎚
kanji	ja	づつ	砲筒
kanji	ja	づつみ	堤
kanji	ja	づて	伝傳
kanji	ja	づと	勤苞
kanji	ja	づな	綱縄繩
kanji	ja	づの	角
kanji	ja	づま	妻
kanji	ja	づみ	墨積
kanji	ja	づめ	爪詰
kanji	ja	づもり	積
kanji	ja	づら	辛面
kanji	ja	づり	刷釣
kanji	ja	づる	弦蔓鶴
kanji	ja	て	手汀堆豊天因弟勅貞帝点泰照殿輝樋幣鎚弖豐逹點
kanji	ja	てい	丁汀体町低呈廷弟定底抵邸亭貞帝訂庭悌挺逓釘砥停偵梯堤提程禎艇鼎綴締鄭醍諦蹄薙鵜剃碇畷嚔嚏廰掟梃棣楴洟涕渟甼睇羝蒂蔕蟶裼觝詆軆輟遉遞酊酲錣騁體髢打代庁灯袋逮第頂替滞錠聴題逞俤叮幀柢牴霆
kanji	ja	てう	鳥
kanji	ja	てかせ	梏
kanji	ja	てがた	劵
kanji	ja	てがら	閥
kanji	ja	てき	的荻笛摘滴適敵擢鏑俶廸糴躑逖嫡剔擲狄覿
kanji	ja	てこ	杆杠梃槓
kanji	ja	てすり	欄闌
kanji	ja	てち	鉄畷蛭僣啜輟銕錣鐡餮哲窒綴徹撤
kanji	ja	てっ	撤手哲鉄適敵徹轍鐵
kanji	ja	てつ	迭姪哲鉄綴徹撤轍畷蛭佚僣咥啜垤耋跌軼輟銕錣鐵鐡餮窒誓徳德
kanji	ja	てつん	哲
kanji	ja	てのひら	掌
kanji	ja	てら	寺
kanji	ja	てらし	輝
kanji	ja	てらす	曜照
kanji	ja	てり	照
kanji	ja	てる	映栄昭晃瑛晴輝曜旭光両照皓
kanji	ja	てれ	寺
kanji	ja	てろ	得
kanji	ja	てん	天田伝辿佃典店点展添転淀貼殿電槙纏填甜顛澱轉甸唸嗔囀壥廛忝畋椽殄沾沺癲篆簟纒腆覘諂躔銛鏈霑靦鷆鷏點塡顚一厘蚕傳奠巓恬輾
kanji	ja	で	手出凸弟和豊豐
kanji	ja	でい	泥祢禰濔袮尼
kanji	ja	でかぐらむ	瓧
kanji	ja	でかめーとる	籵
kanji	ja	でかりっとる	竍
kanji	ja	でき	溺
kanji	ja	でく	塑
kanji	ja	でこ	凸
kanji	ja	でしぐらむ	瓰
kanji	ja	でしめーとる	粉
kanji	ja	でしりっとる	竕
kanji	ja	でち	轍佚咥垤耋跌軼迭姪
kanji	ja	でや	亭
kanji	ja	でら	寺
kanji	ja	でを	夫
kanji	ja	でん	田伝佃捻淀湛殿電綻鮎纏填甜澱撚傳甸嗔壥廛拈畋椽殄沺簟纒袒賺躔鷆鷏黏年典念厘粘奠臀鈿
kanji	ja	と	十土戸斗吐図兎杜利里妬徒途砥兜都堵渡登塗豊賭屠菟鍍兔圖睹肚蚪蠹蠧覩跿都戶人刀卜久刃止仁永外本吉臣采取青陀泊門研津度洞飛疾訊唐敏捕留採執釈鳥停寅冨閉訪問階勝遂等道博富遠解摂跳溶説綴撮徹頭融録藤闘騰砺釆摸熔搴櫃爍畄礪秉籘莵觧豐遏銷鑠閇硏說
kanji	ja	とい	樋
kanji	ja	といし	砥
kanji	ja	とう	丁刀冬灯当任投豆沓宕東到逃桐通倒党凍唐套島桃討透桶兜逗悼盗祷陶動萄痛登塔搭棟湯痘等答筒統董稲嶋銅踏撞樋燈糖頭謄瞳藤闘騰吋塘梼淘涛蕩鐙盜稻櫂偸僮儻剳啅夲嶝帑幢慟抖掏揄搗搨擣朷档榻濤淌滕溏澂潼當疼蘯磴礑竇箚籘粡絛綢綯縢纛罩艟苳荅荳蚪螳蟷襠蹈迯釖鍮陦鞳饕骰鬪鰈鶇鶫黨鼕禱鬭十允斗父多同百沼挑洞郎胴納堂童道遠読澄導憧撓滔盪籐蓊薹讀鞜韜
kanji	ja	とうげ	峠
kanji	ja	とうと	貴尊
kanji	ja	とうまる	鶤
kanji	ja	とうみ	江
kanji	ja	とうる	亘亨暢
kanji	ja	とお	十柔通透悠疏遠暢徹藐逖遐
kanji	ja	とおい	弥
kanji	ja	とおり	通
kanji	ja	とおる	亨享宣透理
kanji	ja	とおるふ	亨
kanji	ja	とかげ	蜥
kanji	ja	とが	栂尤尖科咎
kanji	ja	とがの	栂
kanji	ja	とき	秋時常説穐鴇辰刻朗斎龝閧鴾
kanji	ja	ときあかし	註
kanji	ja	ときは	松
kanji	ja	とぎ	伽磨
kanji	ja	とく	竺啄匿特得督徳読篤涜禿悳慝纛讀髑黷德玉毒独註牘瀆
kanji	ja	とぐろ	塒
kanji	ja	とげ	刺朿
kanji	ja	とこ	床常砧徳德
kanji	ja	とこくさ	臭
kanji	ja	とこしばり	輹
kanji	ja	とこの	床
kanji	ja	ところ	所処處攸
kanji	ja	とざ	鎖
kanji	ja	とし	功考年甫季宗紀哉俊要峻健淑惇順智禄稔聡肇毅繁駿才史世寿利知怜敏敦歳廉鋭憲厳齢壽嚴
kanji	ja	としかつ	寿
kanji	ja	としよ	眉耋
kanji	ja	とじ	綴
kanji	ja	とせ	歳
kanji	ja	とち	凸橡柮栃構杤栩
kanji	ja	とっ	突凸取独特鳥徳篤吶咄獨德
kanji	ja	とっく	徳德
kanji	ja	とつ	凸突頓柮突帰鳥嫁咄皈訥
kanji	ja	とて	迚
kanji	ja	ととの	調整
kanji	ja	とど	届留逗稽椴屆渟畄遏鯔
kanji	ja	とどき	届屆
kanji	ja	とどけ	届屆
kanji	ja	とどけい	届屆
kanji	ja	とどこお	滞滯
kanji	ja	とどろ	轟軣驫
kanji	ja	とな	称唱隣倡徇鄰
kanji	ja	となり	隣鄰
kanji	ja	との	殿外砥渡
kanji	ja	とば	殺
kanji	ja	とばり	帳幌幃幎
kanji	ja	とび	鳶飛跳鵈
kanji	ja	とびち	溌
kanji	ja	とびら	扉闔
kanji	ja	とぶ	飛
kanji	ja	とぶひ	烽
kanji	ja	とぶら	弔
kanji	ja	とぼ	乏
kanji	ja	とぼそ	枢
kanji	ja	とま	苫篷
kanji	ja	とます	斗
kanji	ja	とまり	泊
kanji	ja	とみ	臣冨智富頓豊豐
kanji	ja	とむら	弔
kanji	ja	とむらい	弔
kanji	ja	とめ	留
kanji	ja	とも	丈大友共作那供奉朋和侶悌倫智誠禎興塘允公乏灯伴呂具幸治知典紀兼珠基視寅朝寛僚燈曇倶偕舳艢艫舮鞆寬
kanji	ja	ともえ	巴
kanji	ja	ともがら	曹輩們儕儔
kanji	ja	ともし	灯燈
kanji	ja	ともしび	燈燭灯
kanji	ja	ともな	伴
kanji	ja	ともゆ	栄榮
kanji	ja	とや	塒
kanji	ja	とよ	豊樋豐
kanji	ja	とら	虎寅彪囚捉捕擒乕
kanji	ja	とり	酉取鳥禽鷄工舎捕採部鶏
kanji	ja	とりく	虜
kanji	ja	とりこ	禽虜擒
kanji	ja	とりで	柵砦塞廓塁寨
kanji	ja	とりの	鷲
kanji	ja	とる	抄
kanji	ja	とろ	瀞蕩蘯
kanji	ja	とわ	樋
kanji	ja	とん	屯沌耽豚湛敦遁頓噸呑暾燉眈遯鐓飩団灯同東盾純通探惇問鈍富燈團瓲酖
kanji	ja	とんび	鳶
kanji	ja	ど	土戸奴努度怒屠鍍孥帑跿友処豆門退徒途都堂堵渡登道遠殿塗読撮燈頭曇澱處呶弩絨讀駑
kanji	ja	どい	樋
kanji	ja	どいつ	独
kanji	ja	どう	同沓洞桐倒桃胴動堂萄童道働銅導憧撞瞳藤嚢膿僮儂嫐幢慟掏曩橈滕溏澂潼瑙蘯碯籘綯縢纛耨艟螳衲蹈迯鐃閙靹鬧鼕灯百豆宕東耐逃唐悩納能悼盗陶脳渡等答農稲澄燈糖頭謄騰塘梼淘涛蕩恫棠獰瞠
kanji	ja	どうし	通
kanji	ja	どお	通遠
kanji	ja	どおり	通
kanji	ja	どき	時鬨
kanji	ja	どく	毒独特読涜獨纛讀躅髑黷得徳德
kanji	ja	どこ	床
kanji	ja	どころ	処所處
kanji	ja	どし	年
kanji	ja	どじょう	鰍鯲鰌
kanji	ja	どち	突
kanji	ja	どっ	毒独読獨讀
kanji	ja	どつ	肭
kanji	ja	どなり	隣
kanji	ja	どの	殿
kanji	ja	どばと	鴿
kanji	ja	どぶ	溝
kanji	ja	どぶがい	蚌
kanji	ja	どまり	泊
kanji	ja	どみ	留冨富
kanji	ja	どめ	止留富
kanji	ja	ども	人共供吃塘
kanji	ja	どら	鐃鑼
kanji	ja	どり	取鳥鶏鷄
kanji	ja	どる	弗
kanji	ja	どろ	泥洞瀞淤
kanji	ja	どん	沌鈍曇噸呑貪壜嫩燉罎蕁襷覃遯鐔飩屯団灯盾純豚殿遁頓燈丼團緞
kanji	ja	どんぐり	杼
kanji	ja	どんぶり	丼
kanji	ja	な	名那奈菜雫楠樹難梛儺娜拏糯七乃亡今永穴生成凪汝作投阿泣長波苗並和為南夏納流萎魚済梁無葦馴農慣嘗鳴撫薙做啾嚶拊捫涕狃狎甞痿綯罔舐褻
kanji	ja	ない	乃内奈祢禰廼濔袮迺餒內没泥耐能袋撫
kanji	ja	ないがし	蔑
kanji	ja	ないし	尚
kanji	ja	ないじょ	撫
kanji	ja	なえ	苗秧
kanji	ja	なお	作巨有治尚忠直修真順猶眞仍犹胖
kanji	ja	なおあ	尚
kanji	ja	なか	中考仲尚勿史半莫腹
kanji	ja	なかつ	仲
kanji	ja	なかば	央
kanji	ja	なかま	党
kanji	ja	なから	半
kanji	ja	なが	亨寿栄修暢久永良呂長祥流眺乍袤
kanji	ja	ながえ	轅
kanji	ja	ながしめ	睥
kanji	ja	ながめ	眺
kanji	ja	ながやみ	痼
kanji	ja	ながれ	流
kanji	ja	ながわずら	痼
kanji	ja	なき	鳴泣啼
kanji	ja	なきはは	妣
kanji	ja	なぎ	凪薙柳渚袋梛椥彅
kanji	ja	なぎさ	汀渚沚瀲
kanji	ja	なく	諾
kanji	ja	なぐ	殴毆
kanji	ja	なぐさ	慰
kanji	ja	なげ	嘆歎唏喟慟欷嘆
kanji	ja	なこ	勿粉
kanji	ja	なこうど	妁
kanji	ja	なご	和
kanji	ja	なごな	粉
kanji	ja	なさ	情
kanji	ja	なし	勿莫梨無
kanji	ja	なしり	後
kanji	ja	なじ	生
kanji	ja	なず	懐
kanji	ja	なずな	薺
kanji	ja	なぞ	謎
kanji	ja	なぞら	比准準凖
kanji	ja	なた	屶鉈
kanji	ja	なだ	灘宥泪
kanji	ja	なち	捺
kanji	ja	なっ	納捺
kanji	ja	なつ	夏捺撫懐懷
kanji	ja	なつぞら	昊
kanji	ja	なつめ	棗
kanji	ja	なづる	鶴
kanji	ja	なて	梯
kanji	ja	なでし	撫
kanji	ja	など	等抔
kanji	ja	なな	七斜
kanji	ja	ななめ	陀
kanji	ja	なに	何那渠曷
kanji	ja	なにがし	某
kanji	ja	なぬ	七
kanji	ja	なの	七菜
kanji	ja	なば	生
kanji	ja	なび	並
kanji	ja	なぶ	嬲嫐
kanji	ja	なべ	鍋銚辺滑邊邉
kanji	ja	なま	生怠鈍艶
kanji	ja	なまく	鈍
kanji	ja	なまぐさ	羶腥
kanji	ja	なまじい	憖
kanji	ja	なまじり	眥眦睚
kanji	ja	なます	齏韲鱠
kanji	ja	なまず	鮎癜鮟鯰
kanji	ja	なまた	俣
kanji	ja	なまめ	妖
kanji	ja	なまり	鉛訛
kanji	ja	なみ	凡甫波並竝次列南浪蔑涛濤瀚
kanji	ja	なみだ	涙淚涕
kanji	ja	なみの	浪
kanji	ja	なめ	滑嘗鞣
kanji	ja	なめしがわ	鞣
kanji	ja	なめり	滑
kanji	ja	なや	悩惱蹇
kanji	ja	なやみ	悩
kanji	ja	なら	楢双比列均対効並倣習伉傚雙嫺嫻狃肄
kanji	ja	ならい	習
kanji	ja	なり	也生礼作足尚斉済晴業稔允成百形伸城詞就慈勢誠態鳴震齊
kanji	ja	なる	考稔徳生成完育愛鳴德
kanji	ja	なれ	汝馴
kanji	ja	なれう	馴
kanji	ja	なれしか	麋
kanji	ja	なわ	縄繩苗輪
kanji	ja	なわて	畷
kanji	ja	なん	男南軟楠難娚難何胡烏納蓋暖灘喃盍
kanji	ja	なんじ	乃女汝爾廼而尓迺
kanji	ja	なんぞ	那渠奚曷瑕遐
kanji	ja	なんな	垂
kanji	ja	なんなんと	埀
kanji	ja	に	二尼而弐荷爾餌迩弍尓怩珥膩貳貮轜仁丹日耳西似児逃姫理煮新煎烹兒迯邇煮
kanji	ja	にあき	昭
kanji	ja	にい	新兄
kanji	ja	にう	生
kanji	ja	にえ	贄錵
kanji	ja	にお	匂臭鳰臭
kanji	ja	におい	匂香
kanji	ja	にが	苦
kanji	ja	にがみ	神
kanji	ja	にきび	皰靤
kanji	ja	にぎ	和握賑
kanji	ja	にぎり	握
kanji	ja	にく	肉宍忸溽蓐衄辱悪嫉憎難憎
kanji	ja	にご	濁溷
kanji	ja	にごり	濁
kanji	ja	にごりざけ	醪
kanji	ja	にごる	汰
kanji	ja	にし	西螺
kanji	ja	にしき	錦
kanji	ja	にしん	鯡鰊
kanji	ja	にじ	虹躪霓
kanji	ja	にじゅう	廿
kanji	ja	にじり	躙
kanji	ja	にせ	偽贋僞偐
kanji	ja	にた	似
kanji	ja	にち	日衵
kanji	ja	にっ	日仁肉
kanji	ja	につ	仁
kanji	ja	にな	螺担擔蜷蠡
kanji	ja	にの	二似
kanji	ja	にぶ	鈍
kanji	ja	にほ	薫
kanji	ja	にゃ	若惹
kanji	ja	にゃく	惹溺若弱蒻
kanji	ja	にゃん	娘
kanji	ja	にゅ	二壬丹
kanji	ja	にゅう	入廿乳柔紐濡戎孺揉狃糅襦蹂鈕鞣冗生敷儒濃嬬涌
kanji	ja	にょ	女汝如洳茹
kanji	ja	にょう	尿茸捻溺穣譲擾穰仍囁佞侫嫋橈檸濘禳聶聹蕘躡遶鐃鑷閙顳鬧女如娘認寧壌嬢醸
kanji	ja	にょく	匿
kanji	ja	にょん	寧
kanji	ja	にら	韮盻眈睨薤
kanji	ja	にらぐ	淬
kanji	ja	にれ	楡
kanji	ja	にわ	庭圃勃猝
kanji	ja	にわか	俄卒頓卆怱霍
kanji	ja	にわざくら	棣
kanji	ja	にわたずみ	潦
kanji	ja	にわとり	鶏鷄
kanji	ja	にん	人壬任妊忍閏稔認荏靭仭刄姙恁棯荵袵閠刃仁賃潤
kanji	ja	にんにく	蒜
kanji	ja	ぬ	忽孥帑耨奴努抜沼怒挺脱塗縫擢濡拔渟脫
kanji	ja	ぬい	蕊痿蕋縫
kanji	ja	ぬいとり	繍
kanji	ja	ぬえ	鵺鵼
kanji	ja	ぬか	糠糟頓額倥濘
kanji	ja	ぬき	抜貫緯擢拔樌
kanji	ja	ぬく	生炎貫温溫
kanji	ja	ぬぐ	拭揩
kanji	ja	ぬぐい	拭
kanji	ja	ぬけ	抜拔
kanji	ja	ぬけがら	蛻
kanji	ja	ぬさ	幣幤
kanji	ja	ぬし	主
kanji	ja	ぬす	窃盗盜偸
kanji	ja	ぬた	岱垈汢
kanji	ja	ぬっ	沼
kanji	ja	ぬった	沼
kanji	ja	ぬで	椦
kanji	ja	ぬなわ	茆蓴
kanji	ja	ぬの	布
kanji	ja	ぬのこ	褞
kanji	ja	ぬま	沼
kanji	ja	ぬめ	絖
kanji	ja	ぬら	濡
kanji	ja	ぬり	塗
kanji	ja	ぬる	温塗溜溫
kanji	ja	ぬれ	濡
kanji	ja	ね	子音廻祢根値稔嶺禰蚋袮右如年恵称峰猫婦寝煉練錬惠寢涅鯰練
kanji	ja	ねい	祢寧禰佞侫檸濘聹蚋袮尼苗嚀
kanji	ja	ねえ	姐
kanji	ja	ねえさん	姉さん
kanji	ja	ねが	願覦
kanji	ja	ねぎ	葱
kanji	ja	ねぎら	労犒
kanji	ja	ねぐら	塒
kanji	ja	ねこ	猫
kanji	ja	ねじ	捻捩
kanji	ja	ねず	鼠
kanji	ja	ねずくり	艮
kanji	ja	ねずみ	鼠鼡
kanji	ja	ねた	妬嫉
kanji	ja	ねち	熱
kanji	ja	ねっ	根熱
kanji	ja	ねつ	熱捏
kanji	ja	ねば	粘黏
kanji	ja	ねぶ	舐
kanji	ja	ねぼうき	箒
kanji	ja	ねむ	眠
kanji	ja	ねむのき	棔
kanji	ja	ねら	狙
kanji	ja	ねり	練
kanji	ja	ねん	年念染捻粘然稔鮎燃撚冉唸娚拈苒赧黏軟縁緣
kanji	ja	ねんご	懇諄
kanji	ja	の	乃之埜野農廼膿箆儂孥及布希伸延於述典咽乗退納能飲載暢駕濃洩餐呑乘藏舒抻飮熨箟篦迺饒
kanji	ja	のう	悩納能脳農濃嚢膿儂喃嫐惱曩檸瑙碯腦衲靹囊王生応呪苗皇耐翁應
kanji	ja	のえ	辺
kanji	ja	のお	直
kanji	ja	のおく	奧
kanji	ja	のが	逃遁佚迯逋遯
kanji	ja	のき	軒檐
kanji	ja	のぎ	穎頴
kanji	ja	のく	溽辱奧
kanji	ja	のくま	熊
kanji	ja	のこ	鋸残遺殘
kanji	ja	のこぎり	鋸
kanji	ja	のこり	残殘
kanji	ja	のごう	鄕
kanji	ja	のごめ	釆
kanji	ja	のし	師熨
kanji	ja	のす	巢
kanji	ja	のせ	瀨
kanji	ja	のせき	關
kanji	ja	のぞ	希除望窺臨覗莅覘
kanji	ja	のぞみ	希
kanji	ja	のたき	瀧
kanji	ja	のたま	宣
kanji	ja	のたむ	宣
kanji	ja	のち	後肭
kanji	ja	のっ	乗野乘
kanji	ja	のっと	則
kanji	ja	のとう	塔
kanji	ja	のど	喉咽吭頏
kanji	ja	ののし	罵詬
kanji	ja	のはし	觜
kanji	ja	のはま	濱
kanji	ja	のび	燹
kanji	ja	のびる	蒜
kanji	ja	のぶ	允円収至亙亘寿伸延宜恒信宣修晋展経常進陳庸喜順敦業誠靖薫一夫史充房悦将倫惟啓寅登寛暢迪將圓頌
kanji	ja	のぶる	暢
kanji	ja	のべ	延
kanji	ja	のぼ	上升昇登躋陞陟
kanji	ja	のぼし	登
kanji	ja	のぼり	登幟
kanji	ja	のぼる	昂皐宣陟
kanji	ja	のまき	巻
kanji	ja	のみ	呑蚤飲御斐爾
kanji	ja	のよ	與
kanji	ja	のら	苗
kanji	ja	のり	乃仁永功令礼考至孝利里宜尭宗昇法宣矩哲能倫教経理賀象智登統敦雅準慎禎徳儀糊賢議了孔文生仙式寿伯祈典紀研祝乗則律記訓師展規啓敬裕寛義稔暢範穂憲親謙織乘凖笵寬德
kanji	ja	のろ	呪咒麕
kanji	ja	のろう	呪
kanji	ja	のろし	烽
kanji	ja	のん	呑儂嫩音飲暖暢穏穩
kanji	ja	は	刃巴羽把芭伯杷波派破歯琶葉頗端播覇簸坡怕霸爬碆笆耙菠袙陂齒羽八土万牙生半早吐芳欧果刷長映栄垣食穿華恥掃張婆晴脹貼飯番腫馳跳稲幡履繁爆麓捌填禿矧剥萬榮稻刄咯垪忸愧慙慚玻篏葩跛迸騁剝晴
kanji	ja	はい	灰拝杯海盃背肺俳配排敗這菩廃榛輩牌狽蝿稗箆吠拜俾嬖孛廢徘悖擺沛湃珮琲睥碚篦胚蓖裴閇霈鞴入早妃貝走批孟派唄倍掃培陪閉賠罷誹佩旆癈
kanji	ja	はいたか	鷂
kanji	ja	はう	這
kanji	ja	はえ	蝿生榛鮠
kanji	ja	はか	博墓図伯計称経測量諏諮謀猷仭咨圖塋揆揣畧謨銓
kanji	ja	はかど	捗
kanji	ja	はかな	儚
kanji	ja	はかま	袴
kanji	ja	はかり	秤
kanji	ja	はかりごと	猷謀揆畧
kanji	ja	はがね	鋼
kanji	ja	はき	吐履
kanji	ja	はきもの	屐
kanji	ja	はぎ	萩矧作剥骭剝
kanji	ja	はぎゅ	萩
kanji	ja	はく	白百伯拍泊迫柏舶博箔薄栢狛剥粕駁珀亳佰岶愽擘樸檗蘗璞膊薜陌駮剝朴縛覇爆簿帛搏魄
kanji	ja	はぐ	逸
kanji	ja	はぐき	矧齶
kanji	ja	はぐく	育孚毓
kanji	ja	はぐさ	莠
kanji	ja	はげ	禿励烈激蒋勵
kanji	ja	はこ	函箱笥箪運漕凾匣匳奩椢筺筥
kanji	ja	はさ	久迫挟挿狹挾襭
kanji	ja	はさま	生迫
kanji	ja	はさみ	螯
kanji	ja	はざ	迫廻挟狭挾陌
kanji	ja	はざま	硲迫峡逧
kanji	ja	はし	啄梁端箸橋走奔梯階趨犇赱
kanji	ja	はしか	疹
kanji	ja	はしけ	艀
kanji	ja	はしご	梯
kanji	ja	はしばみ	榛
kanji	ja	はしゃ	燥
kanji	ja	はしら	柱楹
kanji	ja	はしり	走
kanji	ja	はじ	恥垢初甫始創弾肇剏慙慚耻詬
kanji	ja	はじかみ	薑
kanji	ja	はじきざ	弾
kanji	ja	はじめ	一大元甫孟紀哉啓肇始創弌俶
kanji	ja	はす	芙蓉蓮荷泰斜
kanji	ja	はすのね	藕
kanji	ja	はず	筈外弾勢彈
kanji	ja	はずかし	辱詬
kanji	ja	はせ	支
kanji	ja	はぜ	櫨鯊
kanji	ja	はた	畑秦畠旗端幡機将傍叩幢旃旌旙礑籏
kanji	ja	はたがしら	覇
kanji	ja	はたけ	畑畠圃
kanji	ja	はたさ	旗
kanji	ja	はたす	毅
kanji	ja	はたと	礑
kanji	ja	はたはた	鰰
kanji	ja	はたぼこ	纛
kanji	ja	はたら	働
kanji	ja	はだ	肌秦膚
kanji	ja	はだか	裸
kanji	ja	はだぎ	襦襯
kanji	ja	はだし	跣
kanji	ja	はだぬ	裼
kanji	ja	はち	八椀鉢蜂捌溌釟醗甌
kanji	ja	はちす	蓮
kanji	ja	はちの	鉢
kanji	ja	はっ	発醗發醱八白百初波服法薄
kanji	ja	はっく	貊
kanji	ja	はつ	八廿初発肇髪閥捌溌醗筏髮發秡罸釟魃伐抜泊服削般鉢罰撥觜潑
kanji	ja	はて	崖涯垓
kanji	ja	はと	鳩鴿
kanji	ja	はとば	埠
kanji	ja	はな	花華鼻英放塙話端縦離洟纐
kanji	ja	はないき	嚊
kanji	ja	はなし	話噺
kanji	ja	はなだ	縹
kanji	ja	はなぢ	衄
kanji	ja	はなは	甚
kanji	ja	はなぶさ	英
kanji	ja	はなむけ	贐
kanji	ja	はなれ	放離
kanji	ja	はなわ	淵塙
kanji	ja	はなん	花
kanji	ja	はに	埴
kanji	ja	はね	羽翰羽
kanji	ja	はは	母媽
kanji	ja	ははき	箒
kanji	ja	はば	巾幅阻掵沮
kanji	ja	はびこ	蔓
kanji	ja	はふり	葬
kanji	ja	はぶ	省畧
kanji	ja	はべ	侍
kanji	ja	はま	浜濱
kanji	ja	はまぐり	蛤蚌
kanji	ja	はますげ	莎
kanji	ja	はも	鱧
kanji	ja	はや	勇早速隼逸捷蚤囃湍駛鮠
kanji	ja	はやい	夙斉
kanji	ja	はやお	駿
kanji	ja	はやし	林駿
kanji	ja	はやせ	湍
kanji	ja	はやぶさ	隼鶻
kanji	ja	はら	原腹払妊拂姙禊禳秡肚襄
kanji	ja	はらい	拂払祓
kanji	ja	はらし	晴
kanji	ja	はらみ	孕
kanji	ja	はららご	鯡
kanji	ja	はらわた	腸臓膓
kanji	ja	はり	針梁榛播張晴貼畭
kanji	ja	はりつけ	桀
kanji	ja	はりゅ	針
kanji	ja	はる	春晴榛元玄治青東明孟栄美原浩敏清問悠温朝遥陽暖靖榮遙夐迥溫
kanji	ja	はるか	玄遼緬杳
kanji	ja	はれ	晴
kanji	ja	はれもの	腫癰
kanji	ja	はん	反半氾犯弁帆汎坂阪伴判板版班畔般販斑飯番搬煩頒播幡範磐蕃繁藩叛釆扮旙汳泛潘燔笵繙胖膰蹣鈑鐇鷭繁飯凡返府漢榛盤翻絆拌攀槃樊瘢范袢
kanji	ja	はんぞう	楾
kanji	ja	はｎ	判
kanji	ja	ば	芭馬婆場葉罵磨嘛瑪痲碼蟆陂刃化左羽伯芳波迫映峡発庭破張麻歯蕃摩魔塲旛發齒
kanji	ja	ばあ	婆
kanji	ja	ばい	売昧倍梅培陪媒買賠楳狽吠賣孛徘悖珮琲瑁眛薜裴霾鞴髀梅生灰毎貝杯枚背唄配陛埋排敗菩煤輩栂莓黴
kanji	ja	ばえ	映蝿蠅
kanji	ja	ばかま	袴
kanji	ja	ばかり	秤
kanji	ja	ばく	麦莫漠幕箔縛曝爆駁摸亳愽獏皃脉藐蟆袙貉貊貘陌麥白伯泊脈博貌膜暴薄簿寞瀑驀
kanji	ja	ばくろ	伯
kanji	ja	ばけ	化術
kanji	ja	ばこ	箱函
kanji	ja	ばさみ	鋏
kanji	ja	ばし	啄橋箸矼
kanji	ja	ばしら	柱
kanji	ja	ばしり	走
kanji	ja	ばす	蓮
kanji	ja	ばせ	馳橋
kanji	ja	ばた	畑俣畠旗端幡
kanji	ja	ばたけ	畑畠
kanji	ja	ばち	鉢罰罸魃抜蜂枹
kanji	ja	ばっ	抜拔八末伐麦罰跋麥
kanji	ja	ばった	蝗
kanji	ja	ばつ	末伐抜沫罰閥筏拔罸襪靺韈魃抹祓跋
kanji	ja	ばて	終
kanji	ja	ばと	鳩
kanji	ja	ばな	花華端鼻
kanji	ja	ばなし	話噺咄
kanji	ja	ばね	羽
kanji	ja	ばば	婆糞
kanji	ja	ばま	浜濱
kanji	ja	ばみ	喰漿
kanji	ja	ばや	早
kanji	ja	ばやし	林
kanji	ja	ばら	払服茨原散腹輩
kanji	ja	ばらい	払拂
kanji	ja	ばり	尿治針張鉤
kanji	ja	ばる	春原
kanji	ja	ばれ	晴
kanji	ja	ばん	万伴判板挽娩晩番蛮蔓播盤磐蕃鰻絆萬卍悗旙縵胖蠻謾蹣鏝鷭晚半坂阪版畔般満搬慢漫繁礬蟠輓鑁
kanji	ja	ぱ	波播羽派破歯頗端覇叭霸齒
kanji	ja	ぱい	杯敗輩牌白拝盃肺俳配廃拜佩廢憊
kanji	ja	ぱく	拍迫舶箔白伯泊博薄駁帛魄
kanji	ja	ぱだか	裸
kanji	ja	ぱち	八
kanji	ja	ぱつ	髪髮発溌撥發潑
kanji	ja	ぱま	浜濱
kanji	ja	ぱら	原腹
kanji	ja	ぱり	張
kanji	ja	ぱる	春
kanji	ja	ぱん	版般搬繁藩半犯帆判板販飯幡範
kanji	ja	ひ	火日比皮氷灯妃否庇批彼披泌肥非枇卑飛毘疲秘被悲扉斐費琵碑緋鼻罷樋燈避轡匙匪誹僻箆祕俾嚊妣怫朏榧殍狒痞痺秕篦粃糒紕羆翡蓖譬貔豼賁陂霏鞁鞴髀鯡卑碑一干井引不曳冴似秀冷英沸退挽桧姫牽常陳理惹弾飯備陽遠簸婁彈檜丕冱冰婢屁拏掎暃曵杼梭涸砒脾腓蜚裨鄙
kanji	ja	ひい	秀贔
kanji	ja	ひいな	雛
kanji	ja	ひいら	柊
kanji	ja	ひいらぎ	柊
kanji	ja	ひうち	燧
kanji	ja	ひえ	稗冷肥
kanji	ja	ひか	光晃控熙扣熈爍
kanji	ja	ひかえ	控
kanji	ja	ひかがみ	膕
kanji	ja	ひかり	光耀晶曜
kanji	ja	ひかる	輝光
kanji	ja	ひが	僻
kanji	ja	ひがい	鰉
kanji	ja	ひがし	東
kanji	ja	ひき	匹疋曳挽逼皀引将率碾蟇蟆
kanji	ja	ひく	曳低
kanji	ja	ひぐま	羆
kanji	ja	ひぐらし	蜩
kanji	ja	ひけ	引
kanji	ja	ひげ	須髭髪鬚
kanji	ja	ひこ	彦光州勉
kanji	ja	ひこき	彦
kanji	ja	ひこばえ	蘖
kanji	ja	ひご	籖
kanji	ja	ひさ	永玖尚恒宣桐剛久之央史仙宏寿弥教悠粥壽鬻
kanji	ja	ひさぎ	楸
kanji	ja	ひさご	瓢匏瓠蠡
kanji	ja	ひさし	永寿庇尚弥恒亀九亘廂廡檐簷
kanji	ja	ひさめ	霈
kanji	ja	ひざ	膝
kanji	ja	ひし	菱蔆
kanji	ja	ひしお	醤醢
kanji	ja	ひしくい	鴻
kanji	ja	ひしひし	犇
kanji	ja	ひしめ	犇
kanji	ja	ひしゃく	杓
kanji	ja	ひじ	土肘肱一泥
kanji	ja	ひじき	枅
kanji	ja	ひじり	聖
kanji	ja	ひず	歪
kanji	ja	ひそ	久私窃秘密潜潛濳顰
kanji	ja	ひた	直浸淫常
kanji	ja	ひたい	額
kanji	ja	ひたき	鶲
kanji	ja	ひたし	浸
kanji	ja	ひだ	摺襞
kanji	ja	ひだり	左
kanji	ja	ひち	疋畢篳蹕七匹必筆
kanji	ja	ひちくど	諄
kanji	ja	ひっ	匹引必畢筆逼
kanji	ja	ひっさ	挈
kanji	ja	ひつ	匹疋必泌畢筆弼逼篳蹕払匱櫃謐
kanji	ja	ひつぎ	棺
kanji	ja	ひつぎぐるま	轜
kanji	ja	ひつじ	未羊
kanji	ja	ひつじさる	坤
kanji	ja	ひつじざる	坤
kanji	ja	ひづめ	蹄
kanji	ja	ひで	任秀栄嗣豪一英茂康偉榮
kanji	ja	ひでし	秀
kanji	ja	ひでり	旱
kanji	ja	ひと	一人史士仁民匡斉独特智等準齊弌獨鈞
kanji	ja	ひとえ	単單襌褝
kanji	ja	ひとし	一仁均倫斎欽整斉
kanji	ja	ひとつ	一壱弌
kanji	ja	ひとみ	瞳
kanji	ja	ひともし	鐙
kanji	ja	ひとや	牢圄圉
kanji	ja	ひとり	独孑獨
kanji	ja	ひとりもの	煢
kanji	ja	ひど	酷
kanji	ja	ひな	雛
kanji	ja	ひね	捻撚拈
kanji	ja	ひねく	弄
kanji	ja	ひの	桧檜
kanji	ja	ひのえ	丙
kanji	ja	ひのき	桧檜
kanji	ja	ひのくち	閘
kanji	ja	ひのし	熨
kanji	ja	ひのと	丁
kanji	ja	ひひ	狒
kanji	ja	ひび	響皴皸皹響
kanji	ja	ひびき	響韵
kanji	ja	ひぼ	誹
kanji	ja	ひま	暇隙閑遑釁
kanji	ja	ひむし	蛾
kanji	ja	ひめ	姫媛姬
kanji	ja	ひも	紐綬
kanji	ja	ひもと	繙
kanji	ja	ひもの	鱶
kanji	ja	ひもろぎ	胙膰
kanji	ja	ひゃく	百拍柏碧栢僻佰岶擘檗蘗薜襞躄霹伯泊迫壁癖覇
kanji	ja	ひゃっ	百
kanji	ja	ひゃん	香
kanji	ja	ひや	冷
kanji	ja	ひゅう	彪
kanji	ja	ひゅく	百
kanji	ja	ひょう	氷丙平亨兵表俵豹浜彪票評漂標瓢杓冰凭娉嫖并怦慓憑枋枹殍泙澎炳皰磅秉迸飃飆驃髱鰾麭包拍併泡柄胞秤砲飽餅爆烹剽雹飄馮
kanji	ja	ひょうしぎ	柝
kanji	ja	ひょく	逼愎皀
kanji	ja	ひよこ	雛
kanji	ja	ひよどり	鵯
kanji	ja	ひら	平拓波枚挨啓開衡拆擺攤豁
kanji	ja	ひらめ	閃鮃
kanji	ja	ひる	昼蒜蛭晝怯
kanji	ja	ひるがえ	翻翩飃
kanji	ja	ひれ	鰭
kanji	ja	ひろ	仁宗拓弥紀彦宥紘泰展容倫郭啓尋博普裕聖緩寬十大之凡公央玄広弘氾宇汎宏伯英拡官幸周宙典門恢拾祐洋晃浩恕祥敬陽遠寛蓉廣熙丕敞汪瀚煕熈碵胖濶
kanji	ja	ひろあ	浩
kanji	ja	ひろい	拾
kanji	ja	ひろし	大弘礼汎宏祐浩紘裕豊宇寛
kanji	ja	ひろひ	遠
kanji	ja	ひろむ	弘
kanji	ja	ひろめる	拡める
kanji	ja	ひろん	寛
kanji	ja	ひわ	鶸
kanji	ja	ひん	品浜彬貧賓頻瀕斌牝梹檳濱秉禀繽蘋顰鬢賓頻行擯殯
kanji	ja	び	火皮未尾枇弥毘眉美孫梶備琵微鼻媚嵋弭殍濔狒痞糒糜紕縻貔豼鞁鞴麋靡日比妃否披肥味疲被桧敏魚斐傍陽碑罷樋魅避檜寐瀰
kanji	ja	びい	贔
kanji	ja	びう	為爲
kanji	ja	びかえ	控
kanji	ja	びかり	光
kanji	ja	びき	曳愎引疋挽弾彈曵
kanji	ja	びこ	彦
kanji	ja	びさし	庇
kanji	ja	びし	菱
kanji	ja	びしお	醤醬
kanji	ja	びた	鐚
kanji	ja	びたい	額
kanji	ja	びち	弼払泌
kanji	ja	びっ	備
kanji	ja	びつ	蜜樒櫁密櫃
kanji	ja	びと	人
kanji	ja	びな	雛
kanji	ja	びゃく	白佰擘甓百舶闢
kanji	ja	びゃっ	白
kanji	ja	びゅう	謬繆
kanji	ja	びょう	平庄妙苗秒病猫描鞄廟瓢錨鋲凭匏屏弸杪殍泙渺皰眇緲苹藐蚫靤飃驃鮃鰾屛兵坪拍並瓶棚評膨庖
kanji	ja	びら	平
kanji	ja	びる	蒜
kanji	ja	びれ	鰭
kanji	ja	びろ	広廣
kanji	ja	びん	便秤敏貧瓶岷旻梹檳泯緡罠蘋顰鬢敏甁備賓頻牝壜愍憫紊罎閔
kanji	ja	びん(表外)	民
kanji	ja	ぴ	扉日比皮妃否庇肥非卑飛毘秘被費碑樋祕臂鄙
kanji	ja	ぴき	匹
kanji	ja	ぴこ	彦
kanji	ja	ぴつ	泌筆
kanji	ja	ぴゃく	百
kanji	ja	ぴょう	憑氷平拍表票評標瓢
kanji	ja	ぴょん	平
kanji	ja	ぴら	平
kanji	ja	ぴる	昼晝
kanji	ja	ぴん	品稟嬪萍
kanji	ja	ふ	不夫父生付布扶芙甫府怖斧附負赴釜浮圃峯婦冨符部副斑富普腐輔敷膚賦撫鋒覆譜埠鮒鋪訃仆俛俯咐坿孚孵拊枹柎殍殕烽畉痞脯舖艀苻蜉賻趺逋郛釡餔鯆鳧鳬麩麸黼二文缶伏老更吹否阜歩臥拭風浦降振峰剖深船捧殖葺雰補蒲触践福蜂豊増踏噴舗嘘嬰巫俘偃傅桴溥腑觝觸蹂蹈躔躡步增
kanji	ja	ふぃ	菲
kanji	ja	ふぃーと	呎
kanji	ja	ふい	吹
kanji	ja	ふいご	鞴
kanji	ja	ふう	二不阜封風冨幅楓鋒枹泛烽痞瘋罘艀蜉夫缶否服負浮婦副菩富復蜂覆諷
kanji	ja	ふぇい	菲
kanji	ja	ふえ	笛簫籥鰾
kanji	ja	ふか	作深泓鱶
kanji	ja	ふき	葺蕗𧘱袘吹苳
kanji	ja	ふく	伏服副復幅福腹複覆愎箙茯蔔蝠蝮輹鞴鰒福含吹脹膨匐袱輻馥
kanji	ja	ふくべ	瓢
kanji	ja	ふくろ	袋嚢
kanji	ja	ふぐ	鮭鰒
kanji	ja	ふけ	吹耽酖
kanji	ja	ふげ	鳳
kanji	ja	ふご	畚
kanji	ja	ふさ	房亮惣総角杜妬梗塞欝填堙壅總閼阨
kanji	ja	ふし	節節伏椹樶
kanji	ja	ふじ	藤二籘
kanji	ja	ふじゅ	藤
kanji	ja	ふす	熏
kanji	ja	ふすま	襖麸
kanji	ja	ふせ	伏防臥禦扞捍
kanji	ja	ふた	二双蓋雙弐両弍兩盖葢貮
kanji	ja	ふたお	蓋
kanji	ja	ふたた	再弍
kanji	ja	ふたたび	再
kanji	ja	ふだ	札牒牌槧
kanji	ja	ふち	淵禄縁緣眉祿渕潯
kanji	ja	ふちど	縁
kanji	ja	ふっ	沸復払伏風副富福腹覆弗拂
kanji	ja	ふつ	不仏払沸弗拂彿怫髴黻佛
kanji	ja	ふで	筆翰
kanji	ja	ふと	太肥
kanji	ja	ふとおび	紳
kanji	ja	ふところ	懐懷
kanji	ja	ふな	鮒舟船舩
kanji	ja	ふなばた	舷
kanji	ja	ふなべり	舷
kanji	ja	ふにゅ	舟
kanji	ja	ふね	舟船舶槽舩舸艘
kanji	ja	ふひと	史
kanji	ja	ふびと	史
kanji	ja	ふまき	帙
kanji	ja	ふみ	文郁踏翰冊史邦典章詞册
kanji	ja	ふむと	梺
kanji	ja	ふもと	麓梺
kanji	ja	ふゆ	生冬
kanji	ja	ふらん	鞦
kanji	ja	ふり	降振
kanji	ja	ふる	旧古降振揮震奮篩顫
kanji	ja	ふるざけ	酋
kanji	ja	ふれ	触觸
kanji	ja	ふん	分吻粉紛焚雰噴墳憤奮扮糞枌氛濆芬賁頒刎吩忿
kanji	ja	ふんどし	褌襠
kanji	ja	ふー	胡
kanji	ja	ぶ	不父分芙阜侮武歩釜峯逢部葡無蒲腐輔蓬鳳撫舞蕪蔀埠鮒鵡咐嘸坿廡抔枹畉篷罘脯艀苻蜉賻釡錻鞴鳧鳬鵐鶩步侮亡夫仏生打布扶府附服奉負風振浮捕俸峰培婦符菩務普復豊賦穂縫覆簿霧佛穗憮誣麩
kanji	ja	ぶう	鳳封
kanji	ja	ぶえ	笛
kanji	ja	ぶか	深
kanji	ja	ぶき	吹葺噴
kanji	ja	ぶく	箙茯鞴鰒伏服袋復福
kanji	ja	ぶくろ	袋
kanji	ja	ぶさ	房
kanji	ja	ぶし	伏節
kanji	ja	ぶす	毒
kanji	ja	ぶすき	宿
kanji	ja	ぶすま	衾
kanji	ja	ぶせ	伏臥
kanji	ja	ぶせり	伏
kanji	ja	ぶた	豚二蓋
kanji	ja	ぶち	淵駁渕縁駮緣
kanji	ja	ぶっ	仏物佛
kanji	ja	ぶつ	仏勿物佛忽
kanji	ja	ぶと	太蚋
kanji	ja	ぶところ	懐懷
kanji	ja	ぶどう	萄
kanji	ja	ぶな	椈橅桕
kanji	ja	ぶね	舟船槽
kanji	ja	ぶまさ	昌
kanji	ja	ぶみ	文
kanji	ja	ぶゆ	蚋
kanji	ja	ぶよ	蚋
kanji	ja	ぶり	風振鰤
kanji	ja	ぶりき	錻
kanji	ja	ぶん	分文吻聞枌氛汾濆賁馼蚊紋問焚頒墳憤
kanji	ja	ぷ	符賦夫父付布否府斧附釜峰婦富腐膚譜鮒腑麩
kanji	ja	ぷう	封風
kanji	ja	ぷく	伏服復幅福腹複覆
kanji	ja	ぷん	分吻粉紛憤奮糞
kanji	ja	へ	巴芭盃部怕擺湃笆袙戸日圧平辺妃把伯兵拝杯派背配経敗閉減輩蔽覇剥屁經舳邊
kanji	ja	へい	丙平兵併並柄陛閉塀幣弊蔽餅箆俾娉嬖幤并敝枋泙炳睥秉竝篦聘苹蓖薜袂閇髀鮃倂塀批坪恵病瓶評屏斃屛甁
kanji	ja	へき	碧壁癖僻璧擘甓襞躄霹又劈辟
kanji	ja	へぎ	枌
kanji	ja	へくとぐらむ	瓸
kanji	ja	へくとめーとる	粨
kanji	ja	へくとりっとる	竡
kanji	ja	へこ	凹
kanji	ja	へさき	艫舮
kanji	ja	へず	剥
kanji	ja	へた	蒂蔕
kanji	ja	へだ	距隔
kanji	ja	へち	暼瞥
kanji	ja	へっつい	竃
kanji	ja	へつ	暼別瞥
kanji	ja	へつら	諂
kanji	ja	へな	埴
kanji	ja	へび	巳蛇它
kanji	ja	へや	室曹
kanji	ja	へら	箆篦
kanji	ja	へり	縁緣
kanji	ja	へりくだ	遜謙
kanji	ja	へん	片辺弁返変偏遍篇編鞭辧卞扁變汳翩胼蝙褊諚諞貶邊鈑騙板版便班般逸斑頒扮邉
kanji	ja	べ	戸辺杷部琶牌稗幤敝耙裴邊邉甁可弁缶米兵背唄俳倍排培陪瓶賠罷弊頭辯
kanji	ja	べい	皿米餅袂平迷塀幣謎
kanji	ja	べき	糸幎汨羃覓壁冪
kanji	ja	べち	別淵
kanji	ja	べっ	別戸蔑瞥鼈
kanji	ja	べつ	別蔑瞥襪韈滅
kanji	ja	べに	紅朱
kanji	ja	べの	倍
kanji	ja	べら	平
kanji	ja	べん	弁阪便面勉娩眠麺鞭釆棉緬俛冕辧卞抃汳泯湎緜胼諞謾辯麪勉坂免偏綿辨眄辮駢
kanji	ja	ぺ	北瓶
kanji	ja	ぺい	北併蔽倂平兵病閉餅
kanji	ja	ぺき	碧璧壁癖
kanji	ja	ぺん	片平辺変遍篇編變邊
kanji	ja	ぺーじ	頁
kanji	ja	ほ	帆甫歩宝保圃捕部菩葡補報蒲輔舗穂燈埠鋪呆哺穗咐寳畆脯舖菠葆褓逋鞴餔鯆黼步干火父布灯秀芳怖武法胡侯肺浦畝峰掘惚彫婆欲湖廃普蜂豊誉緒賞褒譜簿讃吠慾頌匍埔堡寶苹豐鎬鐫雕
kanji	ja	ほい	穂焙
kanji	ja	ほう	方包庄亨芳邦奉宝抱放朋法泡封風保胞豹倣俸峰峯砲逢部崩捧萌訪報楓蜂豊飽鞄蓬鳳褒鋒縫鵬蔀鴇呆庖烹萠匏咆垉堋寶寳弸彷怦抔枋枹殕泛泙滂澎烽琺疱瘋皰磅篷罔膀舫葆蚌蚫褓襃豐迸靤髣髱魴麭乏毛北朴判坊妨防房肪胡祝浜剖紡培喰棚傍棒暴膨爆幇彭抛硼繃鉋鮑
kanji	ja	ほうき	荘彗帚箒菷
kanji	ja	ほうの	朴
kanji	ja	ほうむ	葬
kanji	ja	ほお	頬頰朴
kanji	ja	ほおつき	面
kanji	ja	ほか	外他
kanji	ja	ほが	朗朖朗
kanji	ja	ほがらか	朗
kanji	ja	ほき	洞
kanji	ja	ほぎ	祝
kanji	ja	ほく	卜北僕曝仆樸殕濮璞蔔蹼駮朴菩暴撲爆剥駁
kanji	ja	ほくそ	樮
kanji	ja	ほくろ	痣黶
kanji	ja	ほぐ	解
kanji	ja	ほこ	矛戟鉾架誇戛戞桙槊釶
kanji	ja	ほこさき	鋒
kanji	ja	ほころ	綻
kanji	ja	ほご	夸
kanji	ja	ほさき	穎頴
kanji	ja	ほし	星干乾
kanji	ja	ほしい	糒
kanji	ja	ほしいい	糒
kanji	ja	ほしいまま	縦亶
kanji	ja	ほじ	穿
kanji	ja	ほじし	脯膊
kanji	ja	ほず	穂穗
kanji	ja	ほそ	細
kanji	ja	ほそいと	緬
kanji	ja	ほた	榾
kanji	ja	ほたる	蛍螢
kanji	ja	ほたるが	蛍螢
kanji	ja	ほち	不弗彿髴黻払発髪
kanji	ja	ほっ	北払法星発堀欲拂發
kanji	ja	ほつ	発勃孛悖發払解
kanji	ja	ほづ	秀
kanji	ja	ほと	辺程
kanji	ja	ほとぎ	缶甌罌
kanji	ja	ほとけ	仏佛
kanji	ja	ほとばし	迸
kanji	ja	ほとほと	殆
kanji	ja	ほとぼ	熱
kanji	ja	ほとり	阿瀕上畔濆陲
kanji	ja	ほとん	殆
kanji	ja	ほど	程解觧
kanji	ja	ほどこ	施
kanji	ja	ほね	骨
kanji	ja	ほのお	炎焔
kanji	ja	ほばしら	檣艢
kanji	ja	ほふ	屠
kanji	ja	ほほ	頬
kanji	ja	ほぼ	粗畧
kanji	ja	ほま	誉譽
kanji	ja	ほまれ	誉
kanji	ja	ほむら	焔
kanji	ja	ほめ	称誉
kanji	ja	ほら	洞
kanji	ja	ほらが	洞
kanji	ja	ほり	堀壕濠掘彫隍
kanji	ja	ほろ	幌亡微滅泯袰
kanji	ja	ほろぼ	殱
kanji	ja	ほん	本阪奔品幡翻飜悗旙汳泛濆犇畚笨繙賁反氾汎坂返洪香盆販番誉蕃噴墳藩叛譽
kanji	ja	ぼ	戊母牡姥莫菩募墓慕暮模簿摸媽糢謨応歩保圃惚彫帽鳳膜穂褒呆應穗姆拇襃步
kanji	ja	ぼう	亡乏毛卯戊母忙牟妄牡坊妨忘防茅朋房肪孟胞某冒剖紡猫萌望傍帽棒貿蒙貌暴膨謀鵬虻呆鉾萠儚夘堋梦尨彷惘懋旄曚桙楙榜檬氓滂濛瑁甍畆皃矇罔冐膀艨茆蚌蠎蟒袤謗髦魍魴鴾方包矛奉宝抱法茂保畝峰訪猛棚夢網吠頬眸厖寶旁芒茫蒡鋩頰
kanji	ja	ぼうき	箒
kanji	ja	ぼうの	坊
kanji	ja	ぼえ	吠
kanji	ja	ぼか	暈
kanji	ja	ぼく	卜木朴牧睦僕墨撲穆仆樸樢殕濮璞繆冐苜蔔蹼鶩墨北目冒菩暴黙曝
kanji	ja	ぼくのと	卜
kanji	ja	ぼこ	鉾凹
kanji	ja	ぼこり	埃
kanji	ja	ぼし	干星
kanji	ja	ぼそ	細
kanji	ja	ぼたん	釦鈕
kanji	ja	ぼち	勃閥孛怫悖罸伐筏
kanji	ja	ぼっ	勃坊没牧墨渤
kanji	ja	ぼつ	没勃孛悖沒歿
kanji	ja	ぼとけ	仏佛
kanji	ja	ぼね	骨
kanji	ja	ぼまい	舞
kanji	ja	ぼら	洞鯔鰡
kanji	ja	ぼり	堀掘彫濠
kanji	ja	ぼれ	耄
kanji	ja	ぼろ	幌襤
kanji	ja	ぼん	凡盆悗捫梵樊燔笵笨膰鐇鷭犯本帆門飯番煩範蕃墳繁悶
kanji	ja	ぽ	歩舗步甫宝保畝婆補暮穂哺穗寶
kanji	ja	ぽう	包泡俸砲烹方邦奉宝放法封保胞峰報豊鳳鋒寶炮豐
kanji	ja	ぽく	北袱
kanji	ja	ぽろ	幌
kanji	ja	ぽん	椪本先奔
kanji	ja	ぽんど	听磅
kanji	ja	ま	真麻間摩磨魔茉眞莉嘛痲蟆又丸士万勾正未目曲交先松放巻待美負益孫馬捲黒混畳須番満愛雅蒔慎熊雑増撒播幡舞麗纏撹駁卷萬愼疊俟滿糅襍黑增
kanji	ja	まい	米毎妹枚昧埋舞舛剃楳瑁眛莓袂邁霾每売参牧迷梅媒詣蒔鞠謎賣參
kanji	ja	まいあし	舛
kanji	ja	まいくろめーとる	粆
kanji	ja	まいくろりっとる	竗
kanji	ja	まいな	賂
kanji	ja	まいない	賂
kanji	ja	まいる	哩
kanji	ja	まえ	前
kanji	ja	まか	蒔任委罷
kanji	ja	まかな	賄
kanji	ja	まが	勾曲紛禍擬
kanji	ja	まがき	樊籬
kanji	ja	まがた	曲
kanji	ja	まがり	勾曲鈎
kanji	ja	まき	牧巻蒔槙卷槇撒薪填塡
kanji	ja	まきの	牧
kanji	ja	まぎ	紛
kanji	ja	まく	莫幕膜摸皃藐捲漠貌
kanji	ja	まくら	枕
kanji	ja	まくらの	枕
kanji	ja	まぐさ	蒭
kanji	ja	まぐろ	鮪
kanji	ja	まげ	髷
kanji	ja	まげもの	椦
kanji	ja	まこ	誠
kanji	ja	まこと	丹実亮真淳惇慎誠諒一允良信胆理賢諦寔忱恂愨
kanji	ja	まことに	涼諒
kanji	ja	まこも	菰蒋
kanji	ja	まご	孫
kanji	ja	まごころ	悃
kanji	ja	まさ	允方正匡庄存尚昌和柾祐剛将容晶雅幹聖誠暢諒賢元公仁充当芳宗征斉直明栄祇政祥真泰倭理順勝善傑慎稚優愈眞將愼榮齊橸
kanji	ja	まさか	作
kanji	ja	まさかり	戉鉞
kanji	ja	まさき	柾
kanji	ja	まさし	仁匡昌雅一理奨
kanji	ja	まさに	応
kanji	ja	まさめ	柾
kanji	ja	まさる	大賢克冠超豪
kanji	ja	まし	況益猿増况增
kanji	ja	ましま	坐
kanji	ja	ましら	猿
kanji	ja	まじ	交参雑襍
kanji	ja	まじな	呪咒
kanji	ja	まじない	咒
kanji	ja	ます	升松倍鱒舛桝斗政祐益増賢枡增
kanji	ja	ますます	益
kanji	ja	ますら	丈
kanji	ja	まず	貧
kanji	ja	ませ	柵
kanji	ja	また	又也亦股俣叉全岐街復跨椏胯
kanji	ja	またた	瞬
kanji	ja	まだら	斑駁班駮
kanji	ja	まだらうし	犖
kanji	ja	まだらうま	騨
kanji	ja	まち	町沫街靺末抹待都襠陌
kanji	ja	まっ	抹末松茨真摩眞
kanji	ja	まった	全完
kanji	ja	まっと	完
kanji	ja	まつ	末松抹沫靺茨待黒祭祷雅纏茉枩枌秣竢纒黑
kanji	ja	まつげ	睫
kanji	ja	まつも	黒黑
kanji	ja	まつり	祭
kanji	ja	まつりごと	政
kanji	ja	まて	蟶
kanji	ja	まで	迄
kanji	ja	まと	的鵠本洛絡纏纒
kanji	ja	まとう	綢
kanji	ja	まど	窓円惑圓窗
kanji	ja	まどか	円
kanji	ja	まどの	円圓
kanji	ja	まな	学真愛眞俎學斈
kanji	ja	まないた	爼
kanji	ja	まなこ	眼
kanji	ja	まなびや	庠
kanji	ja	まにま	随
kanji	ja	まぬか	免免
kanji	ja	まぬが	免
kanji	ja	まね	招
kanji	ja	まの	馬
kanji	ja	まば	稀疏疎踈
kanji	ja	まばた	瞬
kanji	ja	まぶた	瞼
kanji	ja	まぼろし	幻
kanji	ja	まま	侭畑飯継儘圸墹壗繼
kanji	ja	まみ	塗狸猯覲逅遘
kanji	ja	まむし	蝮
kanji	ja	まめ	豆荳菽
kanji	ja	まも	守護
kanji	ja	まもり	守
kanji	ja	まもる	葵衛
kanji	ja	まや	厩
kanji	ja	まゆ	眉繭誠
kanji	ja	まゆみ	檀
kanji	ja	まよ	迷
kanji	ja	まよい	迷
kanji	ja	まら	厩
kanji	ja	まり	球鞠丸余宣毬餘
kanji	ja	まる	丸円団圓圜摶
kanji	ja	まるい	肱
kanji	ja	まれ	稀希罕
kanji	ja	まろ	理麿円転
kanji	ja	まろうど	客
kanji	ja	まわ	回周廻囘
kanji	ja	まわし	廻
kanji	ja	まわり	廻
kanji	ja	まを	緒緖
kanji	ja	まん	万満慢漫蔓幡鰻萬卍曼悗滿縵謾蹣鏝饅茂孟茨真馬敏娩眞幔懣瞞鬘
kanji	ja	まんじ	卍
kanji	ja	まー	麻
kanji	ja	み	三巳壬水未身実味弥美珠梶深聖箕毅魅臨實嵋弭濔糜縻麋己子生民光耳充妃位芥見臣男尾利海看皇泉眉恵造規現視蛇都務御診満溢幹塞瑞農微爾蜜銘監薬績覧観鏡盈已惠彌藥滿漿睥睹瞿瞻矚覩觀
kanji	ja	みう	苗
kanji	ja	みうち	戚門
kanji	ja	みうり	賣
kanji	ja	みえ	恵惠
kanji	ja	みか	甕
kanji	ja	みかづき	朏
kanji	ja	みかど	帝
kanji	ja	みかん	柑
kanji	ja	みが	砥琢瑳磨砺
kanji	ja	みがき	磨
kanji	ja	みき	幹寸樹
kanji	ja	みぎ	右
kanji	ja	みぎり	砌
kanji	ja	みぎわ	汀
kanji	ja	みくじ	籤
kanji	ja	みこ	覡
kanji	ja	みこと	命尊
kanji	ja	みことのり	詔勅
kanji	ja	みごも	妊姙
kanji	ja	みさ	操
kanji	ja	みさお	操
kanji	ja	みさき	岬碕埼岫
kanji	ja	みさご	鶚
kanji	ja	みささぎ	陵
kanji	ja	みじ	惨慘
kanji	ja	みじか	短
kanji	ja	みす	簾
kanji	ja	みず	水瑞端
kanji	ja	みずうみ	湖
kanji	ja	みずか	自
kanji	ja	みずかき	蹼
kanji	ja	みずたで	薔
kanji	ja	みずたまり	瀦
kanji	ja	みずち	鮫
kanji	ja	みずのえ	壬
kanji	ja	みずもり	準凖
kanji	ja	みずら	髻鬟
kanji	ja	みせ	店鋪廛
kanji	ja	みそか	晦
kanji	ja	みそぎ	禊
kanji	ja	みそっぱ	齔
kanji	ja	みそなわ	臠
kanji	ja	みぞ	溝涜渠洫
kanji	ja	みぞれ	霙
kanji	ja	みたまや	廟寝
kanji	ja	みだ	冗妄乱淫漫濫撹擾亂婬溷紜
kanji	ja	みだら	姦
kanji	ja	みだり	叨
kanji	ja	みだれ	乱亂
kanji	ja	みち	至充亨芳享紀通倫康理陸道満蜜慶樒櫁往径典弥信途密庸達裕路暢迪廸徃徑滿甼衢逕陌隧
kanji	ja	みちのり	里
kanji	ja	みちび	導廸
kanji	ja	みっ	三密
kanji	ja	みつ	三允円充足苗弥晃密満舜慎瑞蜜盈樒櫁水弘光臣参実貢暢實滿肆
kanji	ja	みつぎ	貢
kanji	ja	みつる	満暢
kanji	ja	みつろう	蝋
kanji	ja	みづ	水瑞
kanji	ja	みと	認
kanji	ja	みとめ	認
kanji	ja	みどり	翠碧緑綠翆
kanji	ja	みどりご	嬰
kanji	ja	みな	皆凡水汎波南僉
kanji	ja	みなぎ	漲
kanji	ja	みなと	港湊
kanji	ja	みなみ	南陽波
kanji	ja	みなもと	源
kanji	ja	みなもとの	源
kanji	ja	みにく	亜醜
kanji	ja	みね	峰峯嶺岑岫崟嶂
kanji	ja	みの	蓑箕耳実稔實簑簔
kanji	ja	みのり	稔
kanji	ja	みのる	豊稔聡穣穰
kanji	ja	みはり	哨
kanji	ja	みみ	耳
kanji	ja	みみざと	聡
kanji	ja	みみしい	聾
kanji	ja	みみず	蚓蚯
kanji	ja	みみだま	珥
kanji	ja	みみなぐさ	苓
kanji	ja	みめよ	娥
kanji	ja	みゃく	脈幎汨獏羃脉袙覓貉貊貘陌糸麦
kanji	ja	みや	宮雅
kanji	ja	みやこ	京都畿都亰
kanji	ja	みやこがえ	遷
kanji	ja	みやこの	都
kanji	ja	みやび	嫺嫻
kanji	ja	みゅう	謬繆
kanji	ja	みゆき	幸
kanji	ja	みょう	卯名妙茅苗命明孟秒冥猫鳴廟虻錨萠夘暝杪榠氓渺溟甍皃眇緲茆茗藐螟酩皿盲描萌盟貌銘
kanji	ja	みり	粍
kanji	ja	みりぐらむ	瓱
kanji	ja	みりめーとる	粍
kanji	ja	みりりっとる	竓
kanji	ja	みわ	神
kanji	ja	みん	民眠岷旻泯緡罠三水明敏
kanji	ja	みんな	皆
kanji	ja	む	六矛牟武務陸無睦夢撫蕪霧鉾鵡嘸梦廡懋曚桙楙檬濛畆矇艨袤鴾鵐鶩亡生戊母向虫牡麦侮茂某院珠畝浮産望貿群蒸蒙暮慶舞謀剥噎烝羣蟲
kanji	ja	むい	六
kanji	ja	むか	向迎対逢
kanji	ja	むかい	向
kanji	ja	むかえ	迎
kanji	ja	むかえる	這
kanji	ja	むかし	昔
kanji	ja	むかばき	逼
kanji	ja	むき	向
kanji	ja	むぎ	麦麥
kanji	ja	むぎこ	麺麪
kanji	ja	むく	椋向報酬讐讎
kanji	ja	むくいぬ	尨
kanji	ja	むくげ	椴槿毳葮蕣
kanji	ja	むくの	椋
kanji	ja	むくろ	躯骸
kanji	ja	むぐら	葎
kanji	ja	むけ	向
kanji	ja	むこ	婿壻聟
kanji	ja	むこう	向
kanji	ja	むご	惨
kanji	ja	むさぼ	毎昧慾貪婪餮饕
kanji	ja	むし	虫蟲蒸寧毟
kanji	ja	むしあつ	溽
kanji	ja	むしば	蝕齲
kanji	ja	むしろ	席筵莚蓆
kanji	ja	むじ	芝
kanji	ja	むじな	狸狢貉
kanji	ja	むす	掬結
kanji	ja	むすび	結
kanji	ja	むすめ	女娘嬢
kanji	ja	むずか	難難
kanji	ja	むせ	咽哽噎饐
kanji	ja	むだ	徒
kanji	ja	むち	鞭笞
kanji	ja	むちう	鞭捶
kanji	ja	むっ	六
kanji	ja	むつ	六陸睦
kanji	ja	むつか	難
kanji	ja	むつき	繦褓襁
kanji	ja	むつゆび	跂
kanji	ja	むな	空宗皆胸虚棟昿
kanji	ja	むね	旨胸棟統睦宗順義臆
kanji	ja	むひょん	賢
kanji	ja	むよん	蓮
kanji	ja	むら	村邑邸党群叢簇羣邨
kanji	ja	むらがる	群
kanji	ja	むらさき	紫
kanji	ja	むらじ	連
kanji	ja	むりだけ	嶽
kanji	ja	むれ	群羣
kanji	ja	むれる	群
kanji	ja	むろ	室榁
kanji	ja	め	女目芽眼雌罵楳嘛瑪痲碼莓蟆霾召布米売妻枚明免馬梅姫埋麻買愛滅銘瞳牝
kanji	ja	めあわ	娶
kanji	ja	めい	名命明迷姪冥盟銘鳴謎暝榠溟瞑螟酩皿梅茗
kanji	ja	めいの	姪
kanji	ja	めおと	娚
kanji	ja	めかけ	妾
kanji	ja	めき	笑
kanji	ja	めく	捲
kanji	ja	めくら	盲瞎
kanji	ja	めぐ	回巡芽廻恵斡寵匝惠圜徼恤遶
kanji	ja	めぐみ	恵み恩慈潤
kanji	ja	めぐむ	萠
kanji	ja	めぐり	廻
kanji	ja	めぐる	桓
kanji	ja	めし	飯飯召瞽矇
kanji	ja	めじり	眥眦
kanji	ja	めす	雌牝
kanji	ja	めずら	奇珍竒瑰
kanji	ja	めち	蔑滅
kanji	ja	めっ	滅
kanji	ja	めっき	鍍
kanji	ja	めつ	滅
kanji	ja	めと	娶
kanji	ja	めどぎ	筴蓍
kanji	ja	めばえ	萌萠
kanji	ja	めばる	鮴
kanji	ja	めまい	暈
kanji	ja	めん	免面娩眠綿麺牝棉緬俛冕泯湎粫緜縵麪免麵妻明勉蛮雌慢
kanji	ja	めーとる	米
kanji	ja	も	母茂姥莫雲喪裳模藻摸媽懋楙畆糢袤謨文毛右守百牡若宙妹抹門持美某面真畝馬盛添萌望最募貿無墓慕暮膜漏輪燃洩溌眞萠儻麼揉
kanji	ja	もい	萌門
kanji	ja	もう	毛妄孟盲耗望猛蒙網虻萠儚尨惘旄曚檬氓濛瑁甍矇冐艨蠎蟒髦魍亡申生白忙忘冒設萌帽詣儲朦莽
kanji	ja	もうし	申
kanji	ja	もうで	詣
kanji	ja	もえ	萌燃
kanji	ja	もく	木目睦黙穆杢默樢繆冐鶩牧冒墨沐
kanji	ja	もぐ	潜潛濳
kanji	ja	もぐさ	艾
kanji	ja	もじ	綟
kanji	ja	もすそ	裳裙
kanji	ja	もず	鴃鵙
kanji	ja	もた	凭擡抬齎靠
kanji	ja	もたい	瓮罌
kanji	ja	もだ	黙悶
kanji	ja	もち	勿物餅沒襪韈才以用没茂持望須餌黐
kanji	ja	もちあそ	玩
kanji	ja	もちあわ	朮
kanji	ja	もちい	餅
kanji	ja	もちごめ	糯
kanji	ja	もちのき	橿
kanji	ja	もっ	木勿以目没牧黙默
kanji	ja	もっけ	牧
kanji	ja	もっこ	畚簣
kanji	ja	もって	将
kanji	ja	もっと	尤最
kanji	ja	もっぱ	専醇專
kanji	ja	もつ	物沒没縺
kanji	ja	もて	茂
kanji	ja	もてあそ	弄玩
kanji	ja	もてあぞ	翫
kanji	ja	もてな	饗
kanji	ja	もと	下大元台本紀素基智幹職一旧玄亙亘求固宗故要許産順須源資誠質礎夲很悖愎狠覓
kanji	ja	もとい	紀基統
kanji	ja	もとお	廻
kanji	ja	もとどり	髻
kanji	ja	もとむ	須
kanji	ja	もど	戻擬戾
kanji	ja	もどし	戻戾
kanji	ja	もどり	戻
kanji	ja	もぬ	蛻
kanji	ja	もの	者物者茂桃
kanji	ja	ものいみ	斎
kanji	ja	ものう	嬾慵
kanji	ja	もみ	籾粟樅
kanji	ja	もみじ	椛栴
kanji	ja	もむ	蟐
kanji	ja	もも	股桃腿百髀
kanji	ja	もや	霏靄
kanji	ja	もよお	催
kanji	ja	もよおし	催
kanji	ja	もら	貰
kanji	ja	もり	杜森衛守茂盛敬護銛
kanji	ja	もろ	艶一両室師諸脆萬兩
kanji	ja	もろみ	醪
kanji	ja	もろもろ	諸烝
kanji	ja	もん	万文門紋問聞蔓鰻悶卍捫馼吻郎蚊挽晩衛衞們
kanji	ja	もんど	百
kanji	ja	もんめ	匁
kanji	ja	もーら	拍
kanji	ja	や	八也矢冶夜弥屋哉耶家埜野箭爺彌呀揶鵺日乎生宅灼谷岩舎邪亭柳悦射泰病魚斜焼痩焚陽雅遣辞寝綾爾罷養薬露椰燒藥弭歟煬燔燬疚瘠輟辭瘦
kanji	ja	やあど	碼
kanji	ja	やある	碼
kanji	ja	やい	柳焼燒
kanji	ja	やいと	灸
kanji	ja	やいば	刃刄
kanji	ja	やお	八
kanji	ja	やかい	輩
kanji	ja	やかた	館舘館
kanji	ja	やかま	喧
kanji	ja	やから	族属輩
kanji	ja	やが	軅
kanji	ja	やがて	軈
kanji	ja	やき	燒咲焼
kanji	ja	やきがり	焚
kanji	ja	やぎ	柳焼燒
kanji	ja	やぎゅ	柳
kanji	ja	やく	厄亦役約訳駅薬躍唖藥奕懌籥葯蜴蝪譯鑰阨鯣易疫益射液扼軛益
kanji	ja	やくしょ	庁廨廰
kanji	ja	やぐら	櫓
kanji	ja	やけ	宅宿焼燒
kanji	ja	やさ	易優
kanji	ja	やしき	邸廛
kanji	ja	やしな	食飼養飴豢
kanji	ja	やしろ	社廟社
kanji	ja	やじ	雅
kanji	ja	やじり	鏑
kanji	ja	やす	考那芳坦和彦宴恭恵祥秦泰悌烈健康庸裕鳩寧慶仁安休匡寿妥易育奉保倭靖嘉徳輔賎綏雍德
kanji	ja	やすし	欣恭泰悌康靖寧純健
kanji	ja	やすみ	休
kanji	ja	やすり	鑢
kanji	ja	やすん	息
kanji	ja	やず	和
kanji	ja	やせ	憔
kanji	ja	やち	萢
kanji	ja	やっ	厄八約薬躍藥
kanji	ja	やっこ	奴
kanji	ja	やつ	八奴勉扮悴忰憔窶
kanji	ja	やつがれ	僕
kanji	ja	やと	雇傭
kanji	ja	やとい	雇
kanji	ja	やど	宿舎舍
kanji	ja	やどり	宿
kanji	ja	やな	柵梁柳棚簗
kanji	ja	やない	柳
kanji	ja	やなぎ	柳楊
kanji	ja	やに	谷脂
kanji	ja	やはず	筈
kanji	ja	やぶ	薮破敗壊敝籔藪
kanji	ja	やま	山日岾疚
kanji	ja	やまい	病
kanji	ja	やまいぬ	犲
kanji	ja	やまぐわ	柘
kanji	ja	やまず	斗
kanji	ja	やまと	倭
kanji	ja	やまどり	翰
kanji	ja	やまなし	杜
kanji	ja	やまにれ	梗
kanji	ja	やまのかたち	嶐
kanji	ja	やみ	闇
kanji	ja	やむ	飲
kanji	ja	やもお	鰥
kanji	ja	やもめ	寡孀鰥
kanji	ja	やや	良稍
kanji	ja	やらい	柵
kanji	ja	やり	槍鎗鑓遣
kanji	ja	やわ	和柔軟凱輯穆廱
kanji	ja	やわら	燮
kanji	ja	やん	陽賢壌壤
kanji	ja	やんす	樹
kanji	ja	やんほ	鎬
kanji	ja	やーど	碼
kanji	ja	やーる	碼
kanji	ja	ゆ	由佑油勇柚唯悠湯愉猶裕諭輸癒愈喩釉壅廱慂揄攸渝犹瘉腴莠萸蕕蚰蛹蝓蝣覦踰踴逾弓之夕友弘世生宇行百有酉往幸宙祐逝温結遊雄揺楢誘踊憂融擁優涌猷搖兪徃瑜臾茹諛溫
kanji	ja	ゆい	惟唯瞶由結維遺
kanji	ja	ゆう	夕友右由幼有酉佑邑勇宥幽柚祐悠郵湧猶裕遊雄楢蓉輔誘憂融優揖涌猷熔釉俑囿悒慂攸犹甬癰肬莠蕕蚰蛹蝣踴鎔黝又尤用泣油郁柳容庸結湯愉溶熊踊諭曜侑游
kanji	ja	ゆうめし	餔
kanji	ja	ゆえ	故
kanji	ja	ゆか	床弘
kanji	ja	ゆかり	紫縁
kanji	ja	ゆが	歪咼
kanji	ja	ゆがけ	夬
kanji	ja	ゆき	之如亨走享幸恭将晋雪順維徳千介元世由行至孝志征門紀祥展透章喜敬潔侑于裄靫
kanji	ja	ゆく	雲行
kanji	ja	ゆす	梼濯檮
kanji	ja	ゆず	柚禅遜譲讓
kanji	ja	ゆずり	譲讓棡
kanji	ja	ゆずりは	杠
kanji	ja	ゆた	寛豊豐
kanji	ja	ゆたか	宥浩泰裕豊穣寛穰胖豐
kanji	ja	ゆだ	委
kanji	ja	ゆだめ	弼檠
kanji	ja	ゆの	柚湯
kanji	ja	ゆはず	弭
kanji	ja	ゆばり	尿
kanji	ja	ゆび	指
kanji	ja	ゆまり	尿
kanji	ja	ゆみ	弓弦
kanji	ja	ゆめ	夢梦
kanji	ja	ゆり	里梨岼閖
kanji	ja	ゆる	万允弛宥恕許赦釈寛緩縦聴萬綽
kanji	ja	ゆるが	忽
kanji	ja	ゆろこぶ	台
kanji	ja	ゆわい	祝弱
kanji	ja	ゆわまる	弱
kanji	ja	ゆわる	弱
kanji	ja	ゆん	弓俊
kanji	ja	よ	与予乎四世生代余於夜誉預傭輿與豫唹歟淤畭舁蕷蜍譽餘八可由因吉自百米寿芳良依拠呼美訓除宵能寄啓酔詠寓善蓉榎嘉読誼避撚壽醉仍凭丗搓綯縒譱臧讀酊酩醺隱靠饒
kanji	ja	よい	宵生良酔醉
kanji	ja	よう	幼用羊妖英栄洋要容庸瑛湧揚揺葉遥陽腰傭楊溶蓉暢様踊窯養鴨擁謡曜耀嬰盈穎頴厭鴬銚蝿涌熔搖瘍遙樣謠佯俑咏嚶塋壅姚廱徭怏慂慵拗杳昜暘曄楹楪殀殃泱潁瀁瀛煬珱甬癢癰秧穃窈窰纓罌蛹蠑贏踴郢鎔閘霙靨魘鴦鷂八圧永凹央応沃泳押映約勇桜祥菜陶営詠景雄領影鷹瑶燿夭榕漾瓔痒膺邀瑤
kanji	ja	ようやく	稍
kanji	ja	よく	抑沃浴欲翌臆翼慾峪杙檍翊域億憶弋
kanji	ja	よけ	除
kanji	ja	よこ	横橫
kanji	ja	よこいと	緯
kanji	ja	よこぎ	軫
kanji	ja	よこしま	邪咼佞侫慝
kanji	ja	よご	汚
kanji	ja	よし	允仁巧由吉圭考至如芦快孝甫芳佳宜欣幸叔昌和栄紀宣洗彦祐亮悦恭桂純祥泰悌哲能啓淑彬理賀喜欽禄義慈禎睦徳儀慶膳艶麗巌孔兄功正礼好次充芹克寿秀男良宗斉忠香美益恵剛惟斎貴敬順勝善愛雅詳靖嘉寧領誼薫憲賢縦脩惠壽榮齊禮悳齋譱葭蘆德
kanji	ja	よしみ	誼媾
kanji	ja	よしも	謙
kanji	ja	よすが	縁
kanji	ja	よせ	寄
kanji	ja	よそ	比
kanji	ja	よそお	装扮裝妝
kanji	ja	よち	頼
kanji	ja	よっ	四浴欲
kanji	ja	よつ	四
kanji	ja	よつぎ	胄
kanji	ja	よど	生淀澱
kanji	ja	よな	米沙淘涛
kanji	ja	よなげる	汰
kanji	ja	よね	米
kanji	ja	よねど	粐
kanji	ja	よば	呼
kanji	ja	よび	呼
kanji	ja	よびな	号
kanji	ja	よぶ	呼
kanji	ja	よぼる	伸
kanji	ja	よみ	詠嘉読讀
kanji	ja	よみがえ	蘇
kanji	ja	よむ	詠
kanji	ja	よめ	嫁娵
kanji	ja	よも	智
kanji	ja	よもぎ	蓬艾蒿蕭
kanji	ja	よゆ	洋
kanji	ja	より	依和賀因米委於拠従寄閑順緑頼據綠賴
kanji	ja	よる	夜
kanji	ja	よろ	宜寄鎧
kanji	ja	よろい	鎧
kanji	ja	よろこ	欣悦喜歓慶僖忻憙懌懽熈驩
kanji	ja	よろず	万萬
kanji	ja	よわ	弱嬬孱羸
kanji	ja	よわい	脆歯齢
kanji	ja	よん	四英
kanji	ja	よんすう	秀
kanji	ja	ら	裸螺羅拉瘰蘿蠡鑼十乱良浦倉浪晶税等楽彰蘭篭樂籠薇邏騾
kanji	ja	らい	礼来雷頼蛎莱來蕾禮儡唳櫑犂犁瘰癘綟罍藜藾蠡賚醴隸驪鱧萊賴戻励隷瀬麗徠癩磊籟
kanji	ja	らう	劉
kanji	ja	らき	滝
kanji	ja	らく	洛掠略絡落楽酪樂咯擽烙犖珞畧駱格
kanji	ja	らち	糲埒埓
kanji	ja	らっ	落楽辣樂喇
kanji	ja	らっきょ	辣
kanji	ja	らっきょう	薤
kanji	ja	らつ	辣溂糲剌埒埓
kanji	ja	らの	蔵藏
kanji	ja	らら	晶
kanji	ja	らん	乱卵嵐覧濫藍蘭欄覽亂儖婪嬾欒欖瀾爛繿臉襤鑾闌鸞欄浪巒懶攬籃纜襴
kanji	ja	らー	辣
kanji	ja	り	吏利李里浬哩梨理痢裡裏履璃鯉離狸俐莉罹犂犁莅蜊蠡貍釐驪乃切伐取垂林美厘荷降寄鈴麗俚悧漓詈
kanji	ja	りぃ	里
kanji	ja	りい	利
kanji	ja	りえ	江
kanji	ja	りき	力篥
kanji	ja	りく	六陸勠戮淕
kanji	ja	りご	篭籠
kanji	ja	りそ	磯
kanji	ja	りち	葎篥律栗率
kanji	ja	りっ	栗六立律陸
kanji	ja	りっとる	立
kanji	ja	りつ	立律栗率葎慄篥
kanji	ja	りほ	庵
kanji	ja	りゃお	遼
kanji	ja	りゃく	掠略擽櫪畧癧轣靂暦歴曆
kanji	ja	りゃっ	略
kanji	ja	りゅう	柳流留竜笠琉粒隆硫溜劉龍嚠嶐摎澑瀏璢畄窿繆苙鉚鏐隴霤餾鰡隆生立滝瑠瀧旒榴毓瘤
kanji	ja	りょ	侶旅虜慮廬櫚臚鑢閭虜呂涼膂
kanji	ja	りょう	了両良伶怜亮玲凌料菱掠梁涼猟陵椋量稜綾漁僚領寮諒遼霊龍療瞭嶺糧苓崚羚兩喨囹崢廖暸櫺獵粱粮繚聆蔆薐蛉裲踉輛輌鍄隴靈鬣魎鴒鷯永令杏冷貞竜鈴零齢凉燎倆寥撩楞聊鐐
kanji	ja	りょく	力緑綠録
kanji	ja	りん	林厘倫淋琳鈴綾輪隣臨鱗麟燐凛凜侖廩懍棆痳禀菻薐躪鄰珠梨稟綸吝悋淪醂釐霖
kanji	ja	りんしょ	吝
kanji	ja	りー	里
kanji	ja	る	琉硫溜瑠劉魯蕗櫓鷺屡婁篭聾僂哢嚠嶐廬摎滷澑瀏瀘璢畄窶窿簍繆艫舮蘢褸輅轤鉚鏤鑪鈩霤顱餾髏鰡鱸芦弄炉昼柳流留隆塁虜賂路楼漏露櫨盧縷
kanji	ja	るい	涙累塁類壘瘰縲羸誄淚類
kanji	ja	るう	槞
kanji	ja	るうぶる	留
kanji	ja	るつぼ	堝
kanji	ja	るり	璢
kanji	ja	るを	郎雄郞
kanji	ja	れ	伶玲砺糲令礼余例連禮餘
kanji	ja	れい	令礼戻伶冷励例怜玲鈴零霊隷嶺齢麗蛎砺苓羚黎禮勵唳囹櫺犂犁癘糲綟聆藜蛉蠡醴隸靈驪鱧鴒齡戾祈黄領澪儷茘
kanji	ja	れき	暦歴櫪癧轣靂曆歷瀝礫轢
kanji	ja	れち	列洌劣烈裂
kanji	ja	れっ	列劣裂烈
kanji	ja	れつ	列劣烈裂洌律冽唳
kanji	ja	れん	怜恋連廉煉蓮漣練憐錬簾聯匳嗹奩戀楝櫺歛濂瀲縺聨臉臠鏈鰊練鍊鎌攣斂輦
kanji	ja	れんじ	櫺
kanji	ja	ろ	芦呂炉侶幌賂路魯蕗櫓露鷺櫨婁廬櫚滷濾瀘爐臚艫舮輅轤鑢鑪鈩閭顱髏鱸沪二老郎納旅朗浪禄楽虜慮論篭蝋樂籠枦梠盧絽艪蘆閇驢鹵郞蠟
kanji	ja	ろう	老良労弄亮郎朗浪狼掠梁廊稜楼摺漏龍瀧婁榔牢篭聾蝋籠僂勞咾哢喨朖柆槞樓潦琅瑯癆窶簍粱粮莨薐蘢螂裲褸踉醪鏤鑞隴髏魎郞朗廊蠟桜竜涼椋量滝諒糧露櫻壟撈朧瓏瘻臘臈陋鵞
kanji	ja	ろうそく	蝋
kanji	ja	ろお	郎
kanji	ja	ろく	六肋鹿禄録麓漉祿仂勠朸淕轆錄陸緑碌勒綠
kanji	ja	ろっ	六肋緑
kanji	ja	ろひこ	州
kanji	ja	ろみ	鏡
kanji	ja	ろん	論崘乱龍亂崙
kanji	ja	わ	禾我杷和娃倭琶話窪輪鷲蛙哇啝夥萵丸久大匂分弁羽花吾沢別波沸房華速破訪渦割湧葉禍詫慧盤環劃詑涌辧夬洶滕澤鐶
kanji	ja	わい	哩隈賄蛙歪淮猥薈哀愛慧涌匯矮
kanji	ja	わお	乢
kanji	ja	わか	稚幼判別若訣解頒嫩觧
kanji	ja	わかし	沸
kanji	ja	わかじに	殀
kanji	ja	わかれ	訣
kanji	ja	わが	我吾綰
kanji	ja	わき	脇湧刀傍腋
kanji	ja	わきぎ	輒輙
kanji	ja	わきの	脇
kanji	ja	わきばさ	挟
kanji	ja	わきま	弁辧
kanji	ja	わぎ	吾脇
kanji	ja	わく	或画枠湧惑稚劃涌瓠蠖沖飽獲穫濆
kanji	ja	わけ	脇訳譯分
kanji	ja	わげ	鬟
kanji	ja	わこ	若
kanji	ja	わさ	沢稙
kanji	ja	わざ	伎技業態
kanji	ja	わざおぎ	伶妓伎倡
kanji	ja	わざわ	災妖禍
kanji	ja	わざわい	殃
kanji	ja	わし	鷲私儂雕
kanji	ja	わしの	鷺
kanji	ja	わす	忘
kanji	ja	わず	僅
kanji	ja	わずか	僅纔
kanji	ja	わずかに	才
kanji	ja	わずら	患煩擾
kanji	ja	わせ	鷲
kanji	ja	わた	綿棉亙亘乱杭弥原航済渉渡幡絖緜
kanji	ja	わたくし	私
kanji	ja	わたし	私済渡
kanji	ja	わたな	渡
kanji	ja	わたなべ	競
kanji	ja	わたの	渡
kanji	ja	わたら	度渡
kanji	ja	わたり	渡
kanji	ja	わたる	亘弥済超
kanji	ja	わだ	皮
kanji	ja	わだこ	和
kanji	ja	わだち	轍
kanji	ja	わち	斡
kanji	ja	わちが	輪
kanji	ja	わっ	和割輪
kanji	ja	わっか	稚
kanji	ja	わつ	斡
kanji	ja	わな	罠羂
kanji	ja	わに	鰐丸
kanji	ja	わの	倭
kanji	ja	わび	詫侘
kanji	ja	わめ	喚
kanji	ja	わら	藁穣春原笑稿穰听哂嗤稈稾
kanji	ja	わらじ	鞋
kanji	ja	わらの	原
kanji	ja	わらび	蕨
kanji	ja	わらべ	竣童僮
kanji	ja	わらわ	竣妾
kanji	ja	わり	割破張
kanji	ja	わりふ	質劵
kanji	ja	わる	悪兇惡慝
kanji	ja	わるがしこ	猾黠
kanji	ja	われ	我吾台俺朕
kanji	ja	わん	椀湾腕碗灣綰蜿鋺王雲彎弯
kanji	ja	を	乎
